id,objeto,nome,data,agencia,referencia,pais,valor
159251,Servicio de Agencias de Contact Center,Proceso desierto,03-Sep-2026,UNICEF,RFPS CLE 130-2026,Chile,
159253,Caracterización territorial y línea base para la reconversión productiva minera,CORPORACION GESTION URBANA PARA EL DESARROLLO,03-Sep-2026,UNDP,"10588131/UNDP-COL-03305,1",Colombia,233277.54
159177,"2026/RFQ-T2/01/SC - Contracting an Event Venue. Conference Services, and Accommodation for the Regional Policy Dialogue (25-28 Aug 2026) in Bangkok",Chao Phaya Resort Limited (Avani+ Riverside Bangkok Hotel),02-Sep-2026,ILO,rfx_6525_ROAP,Thailand,
159178,Hiring a firm to organize the study Tour to the Philippines to strengthen the capacity of senior officials (from ministries/departments & private stakeholders) through exposure to the Philippines' integrated TVET & public employment service systems.,Colombo Plan Staff College for Technician Education,02-Sep-2026,ILO,rfx_9053_ROAP,Philippines,
159208,"Provision of Event, Stand, Technical and Logistical Support Services for EU4Education Sensitisation Activities at the Job Fair “Gledaj sebi posla 2026”",Orior Media LLC d.o.o.,02-Sep-2026,ILO,rfx_9515_Europe,Bosnia and Herzegovina,
159300,Design and Deliver a World Children’s Day – Festival of Rights (Malaysia- Based Only),ENZEE INTEGRATED SDN BHD,01-Sep-2026,UNICEF,LRPS-2026-9204456,Malaysia,70000.00
159123,Hiring an Event Management and Creative Agency for the National Validation of the Just Transition Chapter of the NDC Implementation Plan and Launch of the Just Transition Poli-cy Process,Asiatic Events Marketing Ltd.,31-Aug-2026,ILO,rfx_9189_ROAP,Bangladesh,
159126,Request for proposals: Hotel Booking and Payment Management for ILO Officials during the observance of the cotton harvest 2026,Saparova Govher Usmanovna T/A Sapaly yollar,31-Aug-2026,ILO,rfx_9031_Europe,Turkmenistan,
159102,Contratación de servicios de capacitación en Microsoft Power BI para la Dirección Nacional de Inspección para fortalecer el cumplimiento de salario mínimo y la promoción de los salarios vitales,Grupo Asesor en Informática S.A.,28-Aug-2026,ILO,rfx_9273_ROLAC,Costa Rica,
159058,"RFQ - Meeting organizer for ASEAN Regional Seminar on Trade, Labour and FPRW in Bali, ILO Office/Jakarta/RealGains Project",PT. Werkudara Nirwana Sakti,27-Aug-2026,ILO,rfx_9276_ROAP,Indonesia,
159079,Demande de Soumission d'offre_ supports communication_ Projet Adijefe - OIT,GEIS ADVISE,27-Aug-2026,ILO,rfx_9647_ROAF,Senegal,
159084,La réalisation des enquêtes intégrées de surveillance biocomportementale ainsi que de l’estimation de la taille des populations clés en Tunisie,ELKA CONSULTING,27-Aug-2026,UNDP,10584470/UNDP-TUN-00990,Tunisia,128117.06
159089,Individual Consultant: Just Energy Transition & Renewable Constituency Analysis,Simphiwe Laura Stewart,27-Aug-2026,UNDP,10583719/UNDP-SWZ-00250,Eswatini,7981.71
159019,RFQ for Hotel Services in Dadeldhura,rato gurans resort and training center pvt. ltd.,26-Aug-2026,ILO,rfx_8409_ROAP,Nepal,
159026,"RFQ - Production of promotional items for awareness raising activities, A Vision Zero Fund Viet Nam",VNMARTS GIFT,26-Aug-2026,ILO,rfx_8770_ROAP,Viet Nam,
159046,Specialized Services in Communication & Social Media,Cênicas Comunicação LTDA,26-Aug-2026,ILO,rfx_6666_ROLAC,Brazil,
159047,Guide orientation  canevas suivi evaluation formation Centres de jours pour personnes agees,SOUTHBRIDGE A & I,26-Aug-2026,UN-Women,40113509/UNW-MAR-2025-00111,Morocco,122686.18
159009,Specialized Consultancy Services for the Development of a Human Rights Due Diligence Methodology and Toolkit for the Coffee Production Chain in Brazil,Antonio Rosa Consultoria LTDA,25-Aug-2026,ILO,rfx_7465_ROLAC,Brazil,
159011,Adjudicaciòn PCI-020-2026 Consultoría en inclusión y pueblos indígenas,Maya Rigoberta Perez Menchu,25-Aug-2026,UNDP,10583955,Mexico,6332.83
159013,"Provision to recruit a qualified research institution, firm, or consortium to design, implement, analyze, and report on a rapid telephone-based household survey on the impacts of the Middle East crisi",The International Food Policy Research Institute,25-Aug-2026,UNICEF,LRPS-2026-9204883,Sri Lanka,59000.00
159015,"Provision to for an assessment of the Programme to Provide a Nutrition Allowance of Rs.45,000/- to Pregnant and Lactating Mothers (Pregnancy Voucher Programme) as per the attached TOR.",Wayamba University of Sri Lanka,25-Aug-2026,UNICEF,UNGM-LRPS-2026-9203621,Sri Lanka,69351.00
158971,RFQ - Refreshment for TOT HealthWISE Tool (Lunch Boxes and Tea Items only) Islamabad and Karachi,Nucleus events,24-Aug-2026,ILO,rfx_8715_ROAP,Pakistan,
158983,Provision of Asset Liability Management Study (ALM) for IFAD After Service Medical Coverage Scheme Trust Fund (ASMCS),Ernst & Young Advisory SAS,24-Aug-2026,IFAD,IFAD/2026/007/RFP,Italy,27000.00
158987,LBN-CO- IC-127-26,MYRIAM ELIE JABRE,24-Aug-2026,UNDP,"UNDP-LBN-10188/UNDP-LBN-01488,1",Lebanon,
158989,UNDP CYP IC 238 - Outcome Evaluation Expert,Tomislav Novovic,24-Aug-2026,UNDP,10583758/UNDP-CYP-00238,Cyprus,22959.63
158955,RFP UNDP-BRA-01107,Instituto Publix,21-Aug-2026,UNDP,10581649/UNDP-BRA-01107,Brazil,91556.36
158882,SEIA- Individual Consultant to Conduct Clean Energy Awareness and Capacity-Building,Saed Mohammed Monther I Essalaimeh,20-Aug-2026,UNDP,10581906,Jordan,6694.92
158889,Rollout of Job Search Clubs Programme,International Development Support and Consulting,20-Aug-2026,ILO,rfx_6760_ROAF,Egypt,
158953,LBN-CO-IC-124-26,Antoine Kallab,20-Aug-2026,UNDP,10576152/UNDP-LBN-01489,Lebanon,7000.00
158820,Hiring a firm for Development and Pilot Implementation of a Productivity and Enterprise Improvement Training Programme for Plastic Sector Entrepreneurs in Bangladesh,Innovision Consulting Private Limited,19-Aug-2026,ILO,rfx_4518_ROAP,Bangladesh,
158824,"Rapid Peace, Employment and Skills Ecosystem Assessment in Libya",VISION RTC,19-Aug-2026,ILO,rfx_9342_ROAF,Algeria,
158828,RFQ26/014: Baseline Survey and Field Mapping of Local Grievances,Magenta Consulitng LTD,19-Aug-2026,UNFPA,UNFPA-MDA-00014,"Moldova, Republic of",27000.00
158832,LBN-CO-IC-115-26,Sustainable Environmental Solutions (SES) SAL,19-Aug-2026,UNDP,UNDP-LBN-10177/UNDP-LBN-01506,Lebanon,
158833,Consultancy Firm for the provision of BIOFIN Data Collection & Analytics Support,EDGE CONSULTING SERVICES (PTY) LTD,19-Aug-2026,UNDP,10579692/UNDP-SWZ-00223-2,Eswatini,18326.35
158706,Interpretation Booth and Equipment for the Launch of the METI II Project in Lebanon,DAMCOM SARL,18-Aug-2026,ILO,rfx_7966_ROAS,Lebanon,
158708,"EOI 001-2026 Challenge Fund for Client Centric Digital Financial Solutions – Design, Development and Pilot Implementation",Aurum Electronic Money Institution,18-Aug-2026,UNCDF,50009468,Afghanistan,15000.00
158709,Digital Finance Expert_BTC project,Ameer Mubaslat,18-Aug-2026,UNDP,10579123/UNDP-JOR-00697,Jordan,8474.58
158710,C.2026-08-01,DAI TRUYEN HINH VIET NAM,18-Aug-2026,UNDP,10578693/UNDP-VNM-02177,Viet Nam,114150.00
158713,Provision of Policy Framework Analysis and Recommendations on employability and entrepreneurship of returnees in Central Asia,"Limited Liability Company ""M-Vector Research""",18-Aug-2026,IFAD,IFAD/2026/002/RFP,Multiple destinations,130705.06
158714,"RFQ Contratacion de salón y alimentación para actividad a realizar el martes 18 y miércoles 19,  jueves 20 y actividad del viernes 21 de agosto del 2026.","BARCELO GESTION HOTELERA, S.A.",18-Aug-2026,ILO,rfx_9106_ROLAC,Guatemala,
158794,Consultoría para la elaboración del relevamiento y desarrollo del Proyecto Ejecutivo para UTI,CONSORCIO G&T INFRAESTRUCTURA HOSPITALARIA,18-Aug-2026,UNDP,10582653,Paraguay,222659.43
159127,"EXTENDED - Final Evaluation of the UNESCO Project ""Developing In-House Consulting Capacities in Austria, Belgium, the Czech Republic, France, Greece and Latvia""",Berin International GmbH,18-Aug-2026,UNESCO,026/RFP/SHS/Final evaluation of project 549RER3004,France,45463.67
158667,Design and Delivery of Responsible Business Conduct Seminars and Enterprise-Level Advisory Support for Small and Medium Sized Enterprises in Japan,Japan Federation of Labor and Social Security Attorney's Associations,17-Aug-2026,ILO,rfx_7228_ROAP,Japan,
158669,RFQ for Hotel Services in Dhangadi,The Rubus Hotel P LTD,17-Aug-2026,ILO,rfx_8326_ROAP,Nepal,
158680,Convocatoria_ Para el desarrollo e implementación piloto de una plataforma de inteligencia socio-laboral para Organizaciones empresariales del Cono Sur orientada al análisis de tendencias del mercado laboral y transformación productiva.,Corporación Trabajo Futuro,17-Aug-2026,ILO,rfx_7287_ROLAC,Multiple destinations,
158683,National carbon market roadmap to enable Lebanon’s participation in international carbon markets,Perspectives Climate Group GmbH,17-Aug-2026,UNDP,"10575598/UNDP-LBN-01423,3",Lebanon,137330.00
158660,PO 10581733 IC.2026-08-14 (PRC0185215):,VUONG HONG NGOC[[ID 001196002282]],15-Aug-2026,UNDP,10581733/UNDP-VNM-02267,Viet Nam,10607.16
158630,Quotation request for Air Ticket,Classic Travel (Pvt) Ltd,14-Aug-2026,ILO,rfx_8773_ROAP,Sri Lanka,
158656,"Legal Services - Digital Identity, Interoperability, e-Services, and AI Enablement in Trinidad and Tobago",NORWAY REGISTERS DEVELOPMENT AS,14-Aug-2026,UNDP,10575860/UNDP-TTO-00208,Trinidad and Tobago,157250.00
158658,Design and Delivery of Training on Artificial Intelligence for Judicial Officers and Court Clerks,Sandile Sydney Motsa,14-Aug-2026,UNDP,10581367/UNDP-SWZ-00251-2,Eswatini,4247.83
158620,RFP Developing of Digital Solution for Better Remittance Management of Migrant Workers or their Family Members in Bangladesh,Prime Bank PLC,13-Aug-2026,UNCDF,50009377/UNCDF-00622,Bangladesh,95400.00
159301,"To Produce, Test, and Deliver UNICEF Branded Merchandise (Tumbler, Bracelet & Charms)",SEVEN PILLARS GROUP SDN BHD,13-Aug-2026,UNICEF,LRFQ-2026-9204641,Malaysia,68000.00
158551,Provision to recruit a National institution to conduct a legal landscape analysis of the food environment policies and regulations relevant to protect the health and nutrition of children in Sri Lanka,Institute for Participatory Interaction in Development (IPID),11-Aug-2026,UNICEF,LRPS-2026-9203296,Sri Lanka,12870.00
158588,Adjudicación PCI-022-2026,LIdia Camacho Camacho,11-Aug-2026,UNDP,10579490/UNDP-MEX-00601,Mexico,16948.18
158532,Fortalecimiento de las capacidades técnicas de la CANACODEA en la prestación de asesoría legal como parte de sus servicios de desarrollo empresarial.,"ATOMIC AI, SOCIEDAD POR ACCIONES SIMPLIFICADA",10-Aug-2026,ILO,rfx_8433_ROLAC,Costa Rica,
158537,Senior Policy_ EMFF,Feras Mohammed Mofleh Momani,10-Aug-2026,UNDP,10578972/UNDP-JOR-00699,Jordan,66101.69
158490,"EOI 001-2026 (UNCDF) - Challenge Fund for Client-Centric Digital Financial Solutions – Design, Development and Pilot Implementation",Awal Technology services,07-Aug-2026,UNCDF,50009417,Afghanistan,15000.00
158437,LTA SERVICES DE GARDIENNAGE ET DE SECURITE MAISON DES NATIONS UNIES COMORES,OCEAN INDIEN SECURITE SERVICE,06-Aug-2026,UNDP,"UNDP-COM-10007/UNDP-COM-00201,2",Comoros,
158438,Individual National Consultant for The Development of a Simplified Framework for Legal Aid Services,Dumsani Christian Ngisi Dlamini,06-Aug-2026,UNDP,10577338/UNDP-SWZ-00239,Eswatini,12440.07
159125,Evaluation of the UNESCO/Flanders trust fund for the support of UNESCO’s activities in the field of cultural and natural heritage,Voluntas Advisory APS,06-Aug-2026,UNESCO,RFP/CLT/WHC/NHU/2026/01,France,42175.00
158421,Plastic-Expert on Life Cycle Assessment and Sustainability Assessment of Single-Use Plastics and Alternatives in the Food and Beverage Sector,Leon Zacharopoulos,05-Aug-2026,UNDP,10577153/UNDP-JOR-00681,Jordan,17713.27
158395,RFQ/140/2026/ASF/ROAS- Final Independent Evaluation of the ILO Emergency Response Plan (ERP) Recovery Programme in the Occupied Palestinian Territory,Milestone Consultants,04-Aug-2026,ILO,rfx_7161_ROAS,"Palestine, State of",
158403,"IC Coordination Specialist, Governance and Social Cohesion",Diana Kamal Jreisat,04-Aug-2026,UNDP,10576664/UNDP-JOR-00687,Jordan,62711.86
158404,BNSS Portal QA Consultancy – Project Commencement,Sonia Fernanda Ceballos,04-Aug-2026,UNDP,10577016/UNDP-BLZ-00115,Belize,32000.00
158382,Adjudicación PCI-021-2026,ARTURO ROCHA HERNANDEZ,03-Aug-2026,UNDP,10575973/UNDP-MEX-00600,Mexico,16887.87
158355,UNDP-IRQ-02096,Zaid Izzadin MohammedNoori,02-Aug-2026,UNDP,10573767/UNDP-IRQ-02096,Iraq,32629.03
158303,RFP Providing Business Development and Market Linkage Support for the Migrant Family’s Enterprises in Bangladesh,Truvalu.enterprises Limited,30-Jul-2026,UNCDF,50009378/UNCDF-00652,Bangladesh,57085.00
158308,Consultancy Services to support Dominica's NDC 3.0 activities,CLIMATE LEAD GROUP SOCIEDAD ANONIMA,30-Jul-2026,UNDP,"10573138/UNDP-BRB-00201,1",Barbados,113950.00
158309,Provision of Impact Assessment Services for the Great Green Wall Regional Support Programme (GGW RSP),DAB Development Research and Training plc,30-Jul-2026,IFAD,IFAD/2026/004/RFP,Italy,136259.38
158257,"Hiring a Service Provider for Scale up of Delivery of Trainings and Advisory services for developing sexual harassment protection and prevention mechanism at the workplace by effectively functioning Antiharassment, Violence and Harassment at RMG Factories.",Innovision Consulting Private Limited,29-Jul-2026,ILO,rfx_4776_ROAP,Bangladesh,
158284,UNDP-PAN-00867,FUNDACION INSTITUTO HIDRAULICA AMBIENTAL DE CANTABRIA,29-Jul-2026,UNDP,"10566408/UNDP-PAN-00867,3",Panama,375680.00
158242,Individual Consultant for the Assessment of UNDP Gender Responsive to Environmen,Nompumelelo Dudu Ntshalintshali,28-Jul-2026,UNDP,10573490/UNDP-SWZ-00235,Eswatini,7703.59
158243,GPN IC Develop operational guidelines for blended (public- private) finance coordination under LoGIC-II.,Md. Azizur Rahman Siddique,28-Jul-2026,UNCDF,50009381,Bangladesh,9400.00
158168,WTO Telephone Switchboard,Piramedia Group SA,24-Jul-2026,WTO,ITB-2026-166-WTO Telephone Switchboard,Switzerland,37402.97
158170,Award - Technical Consultant on Technical Supervision for Construction (Mykolaiv),"Nuzhdov Pavlo Anatoliiovych, FOP",24-Jul-2026,UNDP,10571414/UNDP-UKR-01624,Ukraine,21000.00
158171,Award - Technical Consultant on Technical Supervision for Construction (Zaporizhia – Site 2),"Titanium Institute, JCS",24-Jul-2026,UNDP,10571466/UNDP-UKR-01626,Ukraine,10127.26
158114,RFQ for Hotel Services in Dhulikhel,Dhulikhel Lodge Resort Pvt. Ltd.,23-Jul-2026,ILO,rfx_8129_ROAP,Nepal,
158122,Light RFQ for Provision of Hotel Services (Day Package) in Budhanilkantha,Park Village Hotel Pvt Ltd,23-Jul-2026,ILO,rfx_8144_ROAP,Nepal,
158152,Technical Consultant on Technical Supervision for Construction (Zaporizhia – Site 1),"Mazukhin Yuriy Evgeniyovych, FOP",23-Jul-2026,UNDP,10571432/UNDP-UKR-01625,Ukraine,10971.20
158178,Provision for the Design and Implementation of the Assessment on Safe School Interventions.,Sparkwinn Research Pvt Ltd,23-Jul-2026,UNICEF,LRPS-2026-9204273,Sri Lanka,49852.00
158104,Call for Proposals: Event Management Services for Pre-Cotton Harvest Training,Mecury DMC LLC,22-Jul-2026,ILO,rfx_7860_Europe,Uzbekistan,
158106,RFP Conduct Qualitative Demand-side Survey in Cambodia,"MOBILE ACCORD, INC.",22-Jul-2026,UNCDF,50009328/UNCDF-00646,Cambodia,53512.51
158029,Consultancy Services to Review and Support Provincial Government Audits for 2024 in the Solomon Islands,KPMG ADVISORY (FIJI) LIMITED,21-Jul-2026,UNCDF,50009319/UNCDF-00639,Solomon Islands,84320.00
157844,GPN IC - Strengthening Domestic Private Sector Capacity for Climate-Resilient Investment through Targeted Capacity-Building Initiatives,Asim Kumar Karmakar,17-Jul-2026,UNCDF,50009342,Bangladesh,4800.00
157830,Climate and Disaster Risk Insurance Solutions in Tuvalu,RISK SHIELD CONSULTANTS LIMITED,16-Jul-2026,UNCDF,50009327/UNCDF-00647,Fiji,57000.00
157832,Consultancy Firm: Industrial Demand & Air Cargo Value Chain Assessment: UniPod,DATAMATICS SWAZILAND PROPRITARY LIMITED,15-Jul-2026,UNDP,10568572/UNDP-SWZ-00242,Eswatini,44973.87
158825,"Recrutement d’un bureau d’études Tunisien spécialisé pour la réalisation d’une étude sur les Connaissance, Attitudes et Pratiques (CAP) des jeunes en matière de changement climatique en Tunisie",One to One for Research and Polling,15-Jul-2026,UNICEF,LRPS-2026-9203864,Tunisia,64286.00
157630,Design and Implementation of a Non-Cash Support Mechanism(s) for Enabling MSMEs in Green and Inclusive Transition (LOT 3),(R) AO Generatia-NIKA,14-Jul-2026,UNDP,"10562861/UNDP-MDA-00909,2","Moldova, Republic of",293460.00
157642,Biodiversity Expert,Ehab Khalil Eid,14-Jul-2026,UNDP,10568289/UNDP-JOR-00672,Jordan,14830.51
157643,Contract for services for Pilot Study,Penumbra (Private) Limited,14-Jul-2026,UNDP,10564737/UNDP-HQ-02138,Türkiye,85000.00
157662,RFQ/105/2026/MEQ/ROLAC Convocatoria de Servicios Diseño de hoja de ruta para el fortalecimiento de la formación técnica en el sector minero especialmente litio y cobre en las provincias mineras en Argentina,mapa analitica srl,14-Jul-2026,ILO,rfx_6409_ROLAC,Argentina,
157598,"Local Individual Consultant to Train of Parents of LGBTIQ on Gender Equality, SOGIE and Inclusion",Thomas Churchyard,13-Jul-2026,UNDP,10566391/UNDP-SWZ-00245,Eswatini,4813.42
157601,Construction Of a Screen Printing and Handcrafting Work Studio for Siyaphambili Makhungutja Multipurpose Cooperative Society,BAHLE BESUTFU INVESTMENTS PTY Ltd,13-Jul-2026,UNDP,10562417/UNDP-SWZ-00246,Eswatini,41747.04
157582,"Extended Scope: Individual National Consultant to Provide Training Services for Gender, SOGIE Rights & Inclusion.",Thomas Churchyard,11-Jul-2026,UNDP,10567540,Eswatini,2878.56
157577,LTA for UN City ICT incident response agreement,Atea A/S,10-Jul-2026,UNDP,UNDP-H28-10105/UNDP-H28-00076,Denmark,
157580,Consultancy Firm for the Development of Social Accounting Matrix and Computable General Equilibrium Model,DNA ECONOMIC PTY LTD,10-Jul-2026,UNDP,"10563256/UNDP-SWZ-00230,1",Eswatini,114200.00
157581,Design and Implementation of a Non-Cash Support Mechanism(s) for Enabling MSMEs in Green and Inclusive Transition (LOT 1 and LOT 2),(R) AXA MANAGEMENT CONSULTING SRL,10-Jul-2026,UNDP,"10562860/UNDP-MDA-00909,2","Moldova, Republic of",495880.00
157579,Estudios Preliminares Comité Olímpico Paraguayo,VICICON SA,09-Jul-2026,UNDP,"10567158/UNDP-PRY-00256,3",Paraguay,115896.96
157552,Individual National Consultant to provide INGELO support for Youth-Led Businesses,Tony Sibusiso Maseko,08-Jul-2026,UNDP,10563293/UNDP-SWZ-00241,Eswatini,26631.16
157554,Individual Consultant – Probation Services Capacity Strengthening Programme (Incorporating Train-the-Trainer Model),Keron King,08-Jul-2026,UNDP,10565006/UNDP-TTO-00201,Trinidad and Tobago,28080.00
157538,Environmental Trainer Specialist,ECO CONSULTING SAL,06-Jul-2026,UNDP,10564994/UNDP-LBN-01410,Lebanon,2200.00
157510,"IC-Design and Implement a Centralized Data Repository and Monitoring Dashboard for the Ministry of Women, Community and Social Development, Samoa",SkyEye LTD,05-Jul-2026,UNDP,10564622/UNDP-WSM-00234,Samoa,21256.93
157494,Risk Transfer Solutions Knowledge product consultancy,"ESB Consulting, LLC",03-Jul-2026,UNCDF,50009260/UNCDF-00640,Fiji,13000.00
157503,Lot 2: Non-cash support to agri-producers,UAB Civitta,03-Jul-2026,UNDP,"10560531/UNDP-MDA-00903,1","Moldova, Republic of",1258210.00
157618,"Contrato Institucional para Produção de videoaulas para o curso autoinstrucional ""Como implementar a Lei da Escuta Protegida no município""",CENA 1 PRODUÇÃO AUDIOVISUAL LTDA,02-Jul-2026,UNICEF,LRPS-2026-9204219,Brazil,
157432,IC Engagement Facilitator for Niue civic engagement,Jonas Cekuolis,01-Jul-2026,UNDP,10564022/UNDP-WSM-00231,Samoa,20970.00
157862,Provision for Awareness raising and capacity building of civil society organizations and children on importance of monitoring social sector budgets as per the attached TOR,Verité Research (Pvt) Ltd,01-Jul-2026,UNICEF,LRPS-2026-9204046,Sri Lanka,53562.00
158040,Cotización de material promocional (merchandising),HK SpAComercial Partner SPAREGALOS PRO SPA,01-Jul-2026,UNICEF,CLE 43-2026,Chile,
157393,"Organisation of the Labour Mediators Training of Trainers, October 2026, ILO CO-Kyiv, Ukraine",New Logic,30-Jun-2026,ILO,rfx_6121_Europe,Ukraine,
157400,National Consultant to support MRV Data Systems,Karem Mahmoud Ahmed Mohammed AlGelani,30-Jun-2026,UNDP,10561326/UNDP-YEM-00709,Yemen,8400.00
157402,LBN-CO-RFP-51-26,UNIVERSITY OF BALAMAND,30-Jun-2026,UNDP,"10557950/UNDP-LBN-01366,2",Lebanon,52614.00
157404,Contrat#10563970 Recrutement d’une firme nationale spécialisée dans le déploiement des systèmes interconnexion,EXPERIENCE IN TECHNOLOGY (XIT SARL),30-Jun-2026,UNDP,10563970/UNDP-COD-01231,"Congo, The Democratic Republic of the",159640.00
157407,Support Provincial Research and Training Academies (PRTAs) for ISO Certification and Operationalization of Business Plans,Soft-Tech Computer Institute Private Limited[[300091636]],30-Jun-2026,UNDP,10563461/UNDP-NPL-00626,Nepal,62043.05
157360,"UNDP-IRQ-02080,1",Consilient Limited,29-Jun-2026,UNDP,"10560573/UNDP-IRQ-02080,1",Iraq,24970.00
157361,Lot 1: Non-cash support to agri-producers,Global Business Acces,29-Jun-2026,UNDP,"10560532/UNDP-MDA-00903,1","Moldova, Republic of",1271921.00
157367,2da Adjudicación UNDP-MEX-00564,Centli Dan Baltazar Cerros,29-Jun-2026,UNDP,10561076,Mexico,7924.66
157343,RFP for Quarterly Remittance Trends Analysis and Ecosystem Monitoring under the Shafal Programme,iSocial Limited,27-Jun-2026,UNCDF,50009199/UNCDF-00621,Bangladesh,38192.00
157342,Adjudicación PCI-007-2026,MARLA SELEGNE GONZALEZ AYALA,26-Jun-2026,UNDP,10560878/UNDP-MEX-00564,Mexico,6891.01
157346,Institutional Consulting Services for the Country Programme Evaluation within the UNICEF Pacific Multi- Country Programme Document (2023-2027),The Universalia Management Group Limited,26-Jun-2026,UNICEF,LRPS-2026-9202783,Fiji,
157561,"Technical Assistance for Circularity Diagnostics, Proposal Strengthening and Monitoring Tools under POC 2.0 – Paraguay",BEPIPOL NEGOCIOS SOSTENIBLES S DE R L DE CV,25-Jun-2026,UNIDO,7000008534,Paraguay,43000.00
157302,LBN-CO-RFP-58-26,PROFESSIONAL FINANCIAL CONSULTANCY - PFC SARL,24-Jun-2026,UNDP,"10557955/UNDP-LBN-01371,3",Lebanon,65406.38
157272,RFQ/133/2026/KBA/ROAS - Providing Event Management and Logistical Services for NEXUS Project Steering Committee Meeting,V and V advertising agency,23-Jun-2026,ILO,rfx_7013_ROAS,"Palestine, State of",
157277,RFQ/33/2026/MBA/ROAS- Workshop for Job Search Club training in Erbil,Al Aliaa for Travel and Tourism Company LTD.,23-Jun-2026,ILO,rfx_4429_ROAS,Iraq,
157285,Communication expert to develop and operationalize a communication strategy and action plan,Zeina Mohammad Nader Fouad Horani,23-Jun-2026,UNDP,10559739,Jordan,15506.14
157287,National Expert for Development of Technical Requirements for TSP,"Silvestrov Ruslan Georgievich, FOP",23-Jun-2026,UNDP,10558607/UNDP-UKR-01667,Ukraine,4000.00
157297,Provision of Audio/Video Technical Support and Maintenance,EDISCO SRL,23-Jun-2026,IFAD,IFAD/2026/013/RFP,Italy,184332.00
157225,Request for Quotation: Provision of Photography Tour Package - SafeDay 2026 Campaign,Fairpicture AG,22-Jun-2026,ILO,rfx_5666_ROAP,Viet Nam,
157227,Individual Contractor - Annual vendor survey to document  increased knowledge of and use of financial and social  protection services,FAAUIGA MULITALO,22-Jun-2026,UNDP,10552112/UNDP-WSM-00226,Samoa,25735.85
157263,UNDP-YEM-00654,Aref Alomisi for Contracting,22-Jun-2026,UNDP,"10559731/UNDP-YEM-00654,1",Yemen,583234.74
157223,RFQ - Event Logistics - PAC Meeting - Damascus - June 2026,Al-Nawaair for translation services & event management LLC,21-Jun-2026,ILO,rfx_7313_ROAS,Syrian Arab Republic,
157593,Skills Needs and Labour Market Assessment for the ‘Economic Empowerment through Community-Based Skills Development and Literacy Training in Afghanistan’,BEID Consulting Services,21-Jun-2026,UNESCO,AFG26RFP004,Afghanistan,29530.00
157213,UNDP-RFP-001-2026: Hiring of a Firm for Good Governance for Public Sector,International Governance and Sustainability Centre PLT,20-Jun-2026,UNDP,"10558039/UNDP-MYS-00286,2",Malaysia,111795.13
157209,Servicios de Implementación de un Sistema de Seguridad Perimetral,IQTEK PANAMA SA,19-Jun-2026,UNDP,"10556414/UNDP-PAN-00815,1",Panama,123919.00
157144,Request for Proposal 001/2026/EUII/FCDO: Independent evaluation of two social protection projects,DEPA Consulting,18-Jun-2026,ILO,rfx_4051_ROAS,Lebanon,
158028,Provision of services to develop and deliver advanced ICT training modules in Mozambique,"MundiServiços - Companhia Portuguesa de Serviços e Gestão, Lda - Sucursal de Cabo Verde",18-Jun-2026,ITU,RFQ-S-BDT-2026-012,Mozambique,63452.00
158038,Cotización Uniformes Institucionales,HK SpA,18-Jun-2026,UNICEF,CLE 44-2026,Chile,
157068,"RFQ/119/2026/DHM/ROAS RFQ_ Provision of an Event Management company to handle Hotel Catering, Conference Facilities, Interpretation and Transport allowances for participants_Amman, Jordan | 22-24 June 2026",SKY LIGHT FOR EVENTS AND CONFERENCES,16-Jun-2026,ILO,rfx_6717_ROAS,Jordan,
157062,DAPP-Consultant to support SME Development and Financing,ERASS AHMAD YACOUB MAJDOUBEH,15-Jun-2026,UNDP,10551571/UNDP-JOR-00652,Jordan,45197.74
157022,Assess and Improve Jordan’s Performance in Global Environmental and Sustainability Indices in alignment with the Economic Modernization Vision (EMV),Dr Salahideen Alhaj,14-Jun-2026,UNDP,10555544/UNDP-JOR-00655,Jordan,13559.32
156959,"RFQ/130/2026/NAM/ROAS: Request for quotation for interpretation company for the upcoming ""National Tripartite Dialogue on Employment Protection Enterprise Recovery and Economic Resilience in Lebanon""",DAMCOM SARL,12-Jun-2026,ILO,rfx_6930_ROAS,Lebanon,
156963,Data processing and analysis for SCORE 2026,SeeD Research Centre for Sustainable Peace and Democratic Development,12-Jun-2026,UNDP,10554210/UNDP-UKR-01623,Ukraine,175752.28
156968,National IC for conducting study on vehicle occupancy rates on northern corridor,CHARBEL KARIM AFIF,12-Jun-2026,UNDP,"10541751/UNDP-LBN-01283,2",Lebanon,9000.00
157304,procurement of a conference venue and services to host  the 11th GEF Biennial International Waters Conference (IWC11),PT GRAHAWITA SANTIKA,12-Jun-2026,UNESCO,IOC/MPR/IC/047/26,Indonesia,80400.00
156950,Crafting a Winning Pitch Deck Expert for Mentorship Program,Raad Haider Jamil Al Madanat,11-Jun-2026,UNDP,10553669/UNDP-JOR-00660,Jordan,5437.85
156951,"Expert to Deliver a Qualifier Day and Technical One to One Mentorship Sessions in Operations, Business Fundamentals & Risk Management.",Noura Dawani,11-Jun-2026,UNDP,10553397/UNDP-JOR-00658,Jordan,5000.00
157319,MTCD - Off the Shelf Event and Meeting Applications,vFairs LLC,11-Jun-2026,IAEA,658871,Austria,
156919,RFQ - Event Logistics - Women’s Advisory committee for Weaving Hope in Syria - Damascus - June 2026,Al-Nawaair for translation services & event management LLC,10-Jun-2026,ILO,rfx_7114_ROAS,Syrian Arab Republic,
156920,RFQ - Event Logistics & Venue Services - Women’s Advisory committee for Weaving Hope in Syria - Damascus - June 2026,North Lake Limited,10-Jun-2026,ILO,rfx_6796_ROAS,Syrian Arab Republic,
156928,National Sectoral Adaptation Expert NDC 3.0 Update,Moh’d Ibrahim Moh’d Al-Qinna,10-Jun-2026,UNDP,10552219/UNDP-JOR-00639,Jordan,25000.00
156933,UNDP-IC-2026-072,IRFAN YOUSUF,10-Jun-2026,UNDP,10554096/UNDP-PAK-01556,Pakistan,25143.65
156889,"AFMS_PID/2024/1202/RFP - Space utilization analysis, long-term real estate strategy, and optional related services",CBRE (Geneva) SA,10-Jun-2026,WIPO,rfx_485,Switzerland,
156890,Managed Cloud Service,SoftwareONE AG,10-Jun-2026,WIPO,rfx_266,Switzerland,
156934,UNDP-IC-2026-073,Majid Khan.,10-Jun-2026,UNDP,10554126/UNDP-PAK-01557,Pakistan,21551.70
156872,Request for Quote: Interpretation service for Regional Workshop in Abuja. 6-10 July 2026,DY-PLUS NIGERIA LIMITED,09-Jun-2026,ILO,rfx_6692_ROAF,Nigeria,
156876,IC - Development of an Internal Plea Agreement Policy,FARZANA ARSHIDA NAZIR MOHAMMED,09-Jun-2026,UNDP,10553879/UNDP-TTO-00200,Trinidad and Tobago,32490.34
157411,"Concept, logistics, and communication support services - Father s Day 2026 event",Proimagine SRL,09-Jun-2026,UNFPA,UNFPA-MDA-00001,"Moldova, Republic of",30790.00
156845,Request for Quotation for Design and Printing of Project Stationeries / Visibility items,Break Bite,08-Jun-2026,ILO,rfx_4845_ROAP,Bangladesh,
156854,Individual Consultant to Assist in the Implementation of the Samsung Samoa Solve for Tomorrow (SFT) Project,Suetena Loia Faatuuala TA Bytewatchers Samoa,08-Jun-2026,UNDP,10552108/UNDP-WSM-00229,Samoa,5660.38
156857,Adjudicación PCI-006-2026 Análisis institucional y de políticas públicas sobre biodiversidad,JOAQUIN RAFAEL PRESTOL FLAQUER,08-Jun-2026,UNDP,10552650/UNDP-MEX-00565,Mexico,20107.01
157038,MTHR - The Provision of Recruitment Selection Tool 3+2,Organisation Development & Research Ltd (ODRL),08-Jun-2026,IAEA,665792,Austria,
156820,Recrutement d’une institution de recherche nationale pour la réalisation d’une étude et l’élaboration d'une stratégie sectorielle en matière de compétences pour le secteur de l’énergie (conventionnelle et renouvelable) au Burundi en utilisant la méthodolog,Centre Universitaire de Recherche pour le Développement Economique et Social,05-Jun-2026,ILO,rfx_6501_ROAF,Burundi,
156821,Recrutement d’une institution de recherche nationale pour la réalisation d’une étude et l’élaboration d'une stratégie sectorielle en matière de compétences pour le secteur minier au Burundi en utilisant la méthodologie STED du BIT,Centre Universitaire de Recherche pour le Développement Economique et Social,05-Jun-2026,ILO,rfx_6502_ROAF,Burundi,
156837,GPN IC PBCRG Operations Manual Consultant in Cambodia,Hans Bjørn Olsen,05-Jun-2026,UNCDF,50009060,Cambodia,17500.00
156877,"Procurement of services in provision of policy and regulatory support for the development of AI governance, institutional frameworks and data protection legislation in Ukraine",KPMG Ukraine LLC,05-Jun-2026,UNESCO,RFP-UA-26-03,Ukraine,30575.00
156781,Adjudicación PCI-013-2026,Mario Alejandro Mendoza Castaneda,04-Jun-2026,UNDP,10551310/UNDP-MEX-00579,Mexico,48325.86
157139,MEMBER SATISFACTION SURVEY,Kai Analytics International Inc.,04-Jun-2026,WTO,RFP-2025-232-WTO MEMBERSURVEY,Switzerland,83500.00
156773,UNDP-ECU-00852,Globally Cool BV,03-Jun-2026,UNDP,"10549505/UNDP-ECU-00852,1",Ecuador,248440.00
156778,"Convocatoria para el diseño, desarrollo e implementación de una Plataforma estratégica de Inteligencia del Mercado Laboral para la Sociedad de Fomento Fabril de Chile -SOFOFA-",Corporación Trabajo Futuro,03-Jun-2026,ILO,rfx_6440_ROLAC,Chile,
156763,"UNDP-BRA-01145,1",JB PROPAGANDA E MARKETING LTDA,02-Jun-2026,UNDP,"10551177/UNDP-BRA-01145,1",Brazil,1397233.94
156708,RFQ-Final independent evaluation of the project ESTIDAMA++ Fund – Extension of Coverage and Formalization,To Excel for Socio-Economic and Management Consulting Co LLC,01-Jun-2026,ILO,rfx_5799_ROAS,Jordan,
156709,RFP/56/2026/MOS/ROAS_Independent Final Evaluation BOUZOUR Project – Lebanon,Devlearn Consultancy LTD,01-Jun-2026,ILO,rfx_5150_ROAS,Lebanon,
156722,ITU Request for Quotation – AI for Good Global Summit 2026 GIVEAWAYS,MyGift Sarl,01-Jun-2026,ITU,RFQ-G-TSB-2026-040,Switzerland,13271.00
156723,GPN IC to conduct the assessment of Minimum Conditions (MCs) for five pilot local governments for LoCAL Nepal,Thakur Prasad Adhikari,01-Jun-2026,UNCDF,50009019,Solomon Islands,4200.00
156724,RFQ event management firm for providing logistics support in seven divisional engagements under Sustainable Finance Research,Big O Solution Ltd.,01-Jun-2026,UNCDF,"50009009/UNCDF-00591,1",Bangladesh,92957.65
156728,Factuel Maghrib contract,Factuel Maghrib,01-Jun-2026,UN-Women,40107859/UNW-MAR-2025-00102,Morocco,177422.95
157617,Contrato Institucional para Análise de Dados em Imunização,PLANO CDE ELOHIM CONSULTORIA E PESQUISA LTDA,01-Jun-2026,UNICEF,LRPS-2026-9203154,Brazil,
156673,RFQ/112/2026/ASW/Create a grievance redressal platform for a government entity in Jordan,iCareer,31-May-2026,ILO,rfx_6540_ROAS,Jordan,
156676,GPN IC for LoCAL Solomon Climate Change Advisor,Pablo Agustin Lopez Legarreta,31-May-2026,UNCDF,50008999,Solomon Islands,21000.00
156671,"Consultancy Services _ for the Development, Design, and Documentation of Communications and Advocacy Tools for Just Transition in Jordan",MAGENTA FZE,30-May-2026,ILO,rfx_5273_ROAS,Jordan,
156672,"RFQ/78/2026/FAH/ROAS_Towards a Stronger Care Economy in Jordan: Understanding experiences, perceptions, and preferences in addressing care needs",Sama for Social and Environmental Consulting,30-May-2026,ILO,rfx_5810_ROAS,Jordan,
156634,"Request for Proposal for the provision of Professional Conference Organiser (PCO) Services for the AI for Good 2026 Summit in Geneva, Switzerland",K.I.T. Group  Switzerland AG,29-May-2026,ITU,RFP-S-TSB-2026-104,Switzerland,
156626,"Convocatoria para elaborar un diagnóstico organizacional, tecnológico y de gestión de recursos humanos y desarrollo de propuestas de transformación institucional para la Unión Industrial Argentina (UIA) – UIA4.0",ACES,28-May-2026,ILO,rfx_5746_ROLAC,Argentina,
156570,Human Resources Consultancy Services for Graduate Placement for the Eswatini Youth Empowerment Programme,AM Recruitment Services,26-May-2026,UNDP,10545360/UNDP-SWZ-00221,Eswatini,86528.59
156522,C Consultant – Terminal Evaluation for the E-Mobility Project,Elinor Bajraktari,23-May-2026,UNDP,10545883,Belize,31160.00
156486,"Request for Quotation - Production and supply of promotional giftsets for SAFEDAY 2026, ILO/Vision Zero Fund in Viet Nam",CÔNG TY TNHH MÊ COLLECTIVE,21-May-2026,ILO,rfx_5919_ROAP,Viet Nam,
156490,Event Management for Workers session in JORDAN Amman,North Lake Limited,21-May-2026,ILO,rfx_5529_ROAS,Jordan,
156494,Provision of Technical Assistance for the Inception Phase of the F04IMPACT Africa Programme.,TERO,21-May-2026,IFAD,IFAD/2026/001/RFP,Italy,149990.00
156499,UNDP-BRA-01078 Consultoria Confllitos Agrários,Fórum Brasileiro de Segurança Pública,21-May-2026,UNDP,10541910/UNDP-BRA-01078,Brazil,295355.59
156505,Provision of Collateral Management Consultancy,Deloitte Consulting Srl,21-May-2026,IFAD,IFAD/2026/005/RFP,Italy,80000.00
156481,RFQ - Event Logistics & Venue Services - Workshop on the Governance of TVET in Syria - Damascus - May 2026,Al-Nawaair for translation services & event management LLC,20-May-2026,ILO,rfx_6532_ROAS,Syrian Arab Republic,
156462,Individual International Consultant for The Services of a Lead Design & Implementation Advisor for The UniPod in Eswatini.,Boineelo Gaitsiwe Masuku,19-May-2026,UNDP,10544255/UNDP-SWZ-00233,Eswatini,13800.00
156440,Production du Rapport annuel 2025 du PNUD Tchad – Format vidéo,Strategic Agenda UK LTD,18-May-2026,UNDP,10544228,Chad,7300.00
156441,"Project Coordination Support Consultant - BIOFIN, Niue",CHRISTINE OGOTU LOHANA IOANE,18-May-2026,UNDP,10543332/UNDP-WSM-00218-2,Samoa,38977.22
156443,Chemical Safety & Hazardous Waste Management Expert,Elitsa Zdravkova Dzhongova,18-May-2026,UNDP,"UNDP-LBN-10171/UNDP-LBN-01337,1",Lebanon,
156399,Provision of e-periodicals,EBSCO Information Services SAS,17-May-2026,ILO,rfx_1823_HQ,Switzerland,
156400,UNCDF LoCAL - Development of GEDSI Strategy,Includovate Pty Ltd,17-May-2026,UNCDF,50008445/UNCDF-00398,United States of America,129819.20
156405,UNDP-IRQ-02027,Al-Chibaish Organization for Environment Tourism,17-May-2026,UNDP,10540309/UNDP-IRQ-02027,Iraq,95381.83
156380,Elaboration du rapport combiné BTR2/5NC,GAUSS INTERNATIONAL CONSULTING S L,14-May-2026,UNDP,"10541647/UNDP-TUN-00936,2",Tunisia,255631.64
156361,"Convocatoria para el diseño e implementación de una estrategia institucional de comunicación estratégica, comercial y de cabildeo para la Cámara de Industrias del Uruguay (CIU)",ABEFIR SA,13-May-2026,ILO,rfx_5930_ROLAC,Uruguay,
156796,Training Programme for MSMEs,LLC Quality Centre,13-May-2026,UNIDO,7000008426,Ukraine,135629.00
156345,Provision of capacity development services for municipality green recovery and resilient transformation in Ukraine,HOCHSCHULE KEHL,12-May-2026,UNIDO,1100265628,Ukraine,154385.96
156395,Contratação de Empresa especializada para a Revisão do ENREDD+,Consórcio LACLIMA-WWF,12-May-2026,UNDP,UNDP-BRA-01054,Brazil,97620.00
156450,LTA for the provision of Global Digital Fundraising Strategy and Services,"Blue State, LLC",12-May-2026,IOM,30000019164,Switzerland,420000.00
156681,RFQ/112/2026/ASW/Create a grievance redressal platform for a government entity in Jordan,iCareer,12-May-2026,ILO,rfx_6540_ROAS,Jordan,
156265,NDC-National Individual Consultant – Gender Equality Expert for Integrating Gender in the NDC 3.0 Update Process,Mai Eleimat,11-May-2026,UNDP,10540116/UNDP-JOR-00637,Jordan,21468.93
156266,UNDP-BRA-01086 - Fortalecimento das capacidades governativas dos entes municipais da região da Amazônia Legal,Instituto Publix,11-May-2026,UNDP,10540603/UNDP-BRA-01086,Brazil,49753.04
156888,IOD-26-01881-RFQ - Audit of WIPO's Internal Processes - LOT 1,KPMG Advisory S.p.A.,11-May-2026,WIPO,rfx_730,Switzerland,
156225,ADJUDICACION_SDP-001-2026,Naschielli Ayala Vergara,08-May-2026,UNDP,"10537737/UNDP-MEX-00545,1",Mexico,19604.68
156893,IOD-26-01881-RFQ - Audit of WIPO's Internal Processes - LOT 2,Deloitte Consulting AG,08-May-2026,WIPO,rfx_731,Switzerland,
156196,RFP/50/2026/MOS/ROAS - Conduct a baseline assessment of the Business Process Outsourcing (BPO) sector  in Lebanon,GENESIS ANALYTICS (PROPRIETARY) LIMITED,07-May-2026,ILO,rfx_4884_ROAS,Lebanon,
156205,Marine Pollution Profiling and Contingency Planning in Aqaba - Protecting Marine Biodiversity in Aqaba,Kevin Patrick Henry O'Connell,07-May-2026,UNDP,10539429,Jordan,62934.00
156209,Senior Consultant to develop GEF PPG project,Christopher Cosslett,07-May-2026,UNDP,10538967,Jordan,35000.00
156156,Support to the development of the fifth edition of the Global Estimates of Forced Labour,Statistics Mehran,06-May-2026,ILO,rfx_1621_HQ,Switzerland,
156178,International Waste Sector GHG Expert,AETHER LIMITED,06-May-2026,UNDP,10538212/UNDP-LBN-01376,Lebanon,11200.00
156179,National Individual Consultant for Midterm Review of the Eswatini Youth Empowerm,THEMBENI BUSISIWE DLAMINI,06-May-2026,UNDP,10537585/UNDP-SWZ-00215,Eswatini,15499.06
156186,RFP 2026.02 Portfolio Evaluation: New Tools for Vector Control,Tropical Health LLP,06-May-2026,WHO,UNITAID/P/0008968,Switzerland,130279.00
156153,Individual Consultancy Services for The Independent audit for The Functionality of the EYEP portal,Kunal Taank,05-May-2026,UNDP,10537861/UNDP-SWZ-00214-2,Eswatini,4411.38
156154,ADJUDICACIÓN_PCI-005-2026,ALEJANDRA CORREA HERREJON,05-May-2026,UNDP,"10537714/UNDP-MEX-00561,2",Mexico,17034.52
156089,Technical Support on Regulatory and Standards Framework,Jacques Richard Chahine,04-May-2026,UNDP,10536807/UNDP-JOR-00630,Jordan,27118.65
156094,"Request for Quotation (RFQ) for Booth Rental at the Africa Sourcing and Fashion Week, Sarit Expo Centre, Nairobi, Kenya.",Trade and Fairs Consulting GmbH,04-May-2026,ILO,rfx_6015_ROAF,Ghana,
156095,Residential Conference Package in the Eastern Region – 3 days (29 April to 1 May 2026),AFRIKIKO RIVER FRONT RESORT,04-May-2026,ILO,rfx_6131_ROAF,Ghana,
156104,Quantitative Multi-Country Roma Survey in Western Balkans,Multicultural Insights LTD,04-May-2026,UNDP,10534326/UNDP-IRH-00277,Türkiye,318804.00
156109,Convocatoria para elaboración de estudio del entorno empresarial y desarrollo de propuestas de reforma orientadas a las MiPymes del sector comercio y servicios en Uruguay,Centro de Estudios para el Desarrollo,04-May-2026,ILO,rfx_5580_ROLAC,Uruguay,
156083,RFQ For The Production of Video Footage and Short Documentary Clips,First Friend Advertising Services Company,02-May-2026,ILO,rfx_5840_ROAP,Afghanistan,
156078,GPN IC - Investment Expert Consultant (PICAP),Sasidhar N Thumuluri,01-May-2026,UNCDF,50008863,Fiji,39600.00
156053,Provision of Venue and Hotel Services for Meetings and Workshops – May 2026,SARAYA ALABDALI REAL ESTATE P.L.C,30-Apr-2026,ILO,rfx_6200_ROAS,Jordan,
156054,Provision of Services for Payment of Allowances – for participants in the Activities (May 2026),SKY LIGHT FOR EVENTS AND CONFERENCES,30-Apr-2026,ILO,rfx_6202_ROAS,Jordan,
156065,Convocatoria empresa consultora - Elaborar herramienta para la cadena de suministro de la caña de azúcar dirigida a inspectores del trabajo.,Consejo Colombiano de Seguridad,30-Apr-2026,ILO,rfx_4968_ROLAC,Colombia,
156001,RFQ - Conference Services 30th March to 1st April 2026 UN-HOUSE,SOEVENTS SYNERGY LTD,29-Apr-2026,ILO,rfx_5479_ROAF,Nigeria,
156587,OBIS Stakeholder Expert,BENEDETTI Lisa,29-Apr-2026,UNESCO,IOC/OST/IC/043/26,Canada,31500.00
156588,OBIS Data Expert,FORMEL Stephen Killfoile,29-Apr-2026,UNESCO,IOC/OST/IC/050/26,United States of America,46200.00
155975,"GPN IC Private Sector Engagement and Implementation Support, Bangladesh",Md. Farhan Shahriar,28-Apr-2026,UNCDF,50008830,Bangladesh,48000.00
155977,LONG TERM ARRANGEMENT FOR EVENT PRODUCTION SERVICES FOR UNICEF CHINA,"Beijing DreamSurf Cultural Communication Co., Ltd",28-Apr-2026,UNICEF,RFPS - 2026 - 9202690,Multiple destinations,50000.00
155997,RFP Conducting Periodic Tracer Studies on Development Results  (UNDP-BGD-00947),DEVELOPMENT RESEARCH INITIATIVE (DRI),28-Apr-2026,UNCDF,50008833,Bangladesh,50784.59
155998,Development of Executive Masterclass in Restorative Justice (RJ),"The University of the West Indies, St. Augustine Campus",28-Apr-2026,UNDP,10534787/UNDP-TTO-00194,Trinidad and Tobago,30252.46
155962,DIRECT CONTRAT DE CONSULTANT(E)NATIONAL(E),Boukar Sadik Kiari[[71314168]],27-Apr-2026,UNDP,10535726/UNDP-NER-00629,Niger,4864.62
155969,National Site Engineer Irrigation Networks,Abdel Rahman Mohamad Hussein,27-Apr-2026,UNDP,10529006/UNDP-LBN-01252,Lebanon,13384.00
155972,RFQ/67/2026/MEQ/ROLAC_Convocatoria de servicios para la Implementación de la campaña de difusión piloto experimental de formalización del trabajo en casas particulares,Planteos,27-Apr-2026,ILO,rfx_5572_ROLAC,Argentina,
155976,Provision of Services  Supporting Financial and Interest Disclosure Programmes,Hudson Ethics 2 LLC,27-Apr-2026,IFAD,IFAD FAO UNHCR WFP WIPO/2025/ 001/RFP,Italy,50000.00
155952,Individual Consultant for “Designer for Heritage-Based Embroidery Product Development & Training Manual,Abeer Awad Subhi Ahmad Khader,26-Apr-2026,UNDP,10533379/UNDP-JOR-00648,Jordan,11299.44
155953,"support in the review, update, and implementation of the Jordan Response Plan and related strategic frameworks",Khaled Darwazah,26-Apr-2026,UNDP,"10532965/UNDP-JOR-00649,1",Jordan,29661.02
155934,RFQ - Conference Services 24th to26th March 2026 - KANO - Workshop on Fair Recruitment and Regulatory Enforcement for Employment Agencies and Government Officers,Porto Golf Hotels,24-Apr-2026,ILO,rfx_5320_ROAF,Nigeria,
155909,BPS-25-01633-RFP - Mandat d'assistant maître d'ouvrage (AMO),TEKHNE SA,23-Apr-2026,WIPO,rfx_643,Switzerland,
156483,Recrutement d’une firme internationale_évaluation FONAREDD,TEREA,23-Apr-2026,UNDP,10533441/UNDP-COD-01192,"Congo, The Democratic Republic of the",118560.00
155836,RFP 10/2025 - PE4DW - Capacity building for SMEs and SME support agencies with TAC APED,STI Viet Nam,22-Apr-2026,ILO,rfx_2723_ROAP,Viet Nam,
155841,GPN IC Strengthening Technical Assistance for Bangladesh’s Lending Ecosystem (STABLE),Ashfaque Kabir,22-Apr-2026,UNCDF,50008784,Bangladesh,33000.00
155843,RFQ/11/2026/ASW/ Media and Communication Services – Companies,The Special Team for Advertising and Publicity company,22-Apr-2026,ILO,rfx_4041_ROAS,Jordan,
155854,RFQ - Event Logistics & Venue Services - Workshop for Designing a National Public Works Programme in Syria - Damascus - 19 & 20 April 2026,North Lake Limited,22-Apr-2026,ILO,rfx_5891_ROAS,Syrian Arab Republic,
155862,"Convocatoria - - Elaboración de estudio técnico y recomendaciones para la Cámara de Comercio y Servicios del Uruguay (CCSU) y la Cámara de Industrias de Uruguay (CIU) sobre negociación colectiva y aplicación de los Convenios 87, 98 en",Guyer&Regules,22-Apr-2026,ILO,rfx_5438_ROLAC,Uruguay,
155865,Emissions Scenarios Expert NDC 3.0 Update- Project NDC,Mahmoud Omar Alees,22-Apr-2026,UNDP,10533570/UNDP-JOR-00640,Jordan,25953.39
155811,LBN/CO/RFP/212/25,"HBD-T, Haddad Baroud Daher Tria Law Firm",20-Apr-2026,UNDP,"10532877/UNDP-LBN-01187,2",Lebanon,120603.30
155875,Provision to conduct an effectiveness study on locally produced ready-to-use therapeutic food (RUTF) for treating severely malnourished (SAM) children in Sri Lanka. as per the attached TOR.,Sri Lanka Medical Nutrition Association,20-Apr-2026,UNICEF,LRPS-2026-9202664,Sri Lanka,95261.00
155785,RFQ - Flight Services Dept29/03/23 Ret:02/04/23 and Dept29/03/23 Ret:02/04/23 (March 2026 KANO AND ABUJA),Travel Gallery Limited,18-Apr-2026,ILO,rfx_5323_ROAF,Nigeria,
155771,RFQ - Flight Services 9th and 13th March 2026,CINDERELLA TRAVEL AND TOURS LIMITED,17-Apr-2026,ILO,rfx_4928_ROAF,Nigeria,
155772,RFQ - Catering Services Mainland LAGOS 10th to 12th and 17th to 19th March 2026 - Training of Beneficiaries on Financial Education,Ariya Professional Caterers,17-Apr-2026,ILO,rfx_4893_ROAF,Nigeria,
155775,RFQ - Conference Services 9th to 12th March 2026 ABUJA - Training of Beneficiaries on Financial Education,BLUE HILLS MULTI CONCEPTS GLOBAL LTD,17-Apr-2026,ILO,rfx_4890_ROAF,Nigeria,
155776,RFQ - Conference Services 10th to12th March 2026 - Mainland LAGOS - Workshop on Fair Recruitment and Regulatory Enforcement for Employment Agencies and Government Officers,GolfView suites and conference centre limited,17-Apr-2026,ILO,rfx_4895_ROAF,Nigeria,
155780,Sandbox Innovation Challenge,(R) Wise Agile SRL,17-Apr-2026,UNDP,"10520274/UNDP-MDA-00828,2","Moldova, Republic of",39970.00
155688,Adjudicación proceso SDP-003-2026,Koalsulting,15-Apr-2026,UNDP,10530385/UNDP-MEX-00551,Mexico,10453.77
155705,Feasibility Study for UPS Replacement for UN City Copenhagen,Puntos ApS,15-Apr-2026,UNDP,10530066/UNDP-H28-00068,Denmark,30397.12
155732,LBN/CO/IC/09/26,FERMENDOM,15-Apr-2026,UNDP,UNDP-LBN-10170/UNDP-LBN-01274,Lebanon,
155741,"Services related to demonstrating the business case for resource efficiency within the electric, electronics and automotive industrial sectors in Egypt",Integral RISE,15-Apr-2026,UNIDO,7000008269,Egypt,55566.74
155677,Research Services/Development of a modular training programme on the Nature–Peace Nexus,CENTRO INTERNACIONAL DE AGRICULTURA TROPICAL,14-Apr-2026,UNDP,10497993/UNDP-HQ-01973-2,United States of America,167617.00
155680,Technical Support on Impact Measurement and Management Expert for Mentorship Program,Khulood Abdulrahman Mohammad Hindiyeh,14-Apr-2026,UNDP,10517450/UNDP-JOR-00624,Jordan,3500.00
155686,"(Bolivia) - Desarrollo metodológico, facilitación y sistematización de una Mesa Sectorial de Micro, Pequeñas Empresas y Artesanía",Daniel H. Santiesteban Murillo,14-Apr-2026,ILO,rfx_4565_ROLAC,Bolivia,
155617,MiniBid Spot Checks service for NCDD-S Cambodia  (April – May 2026),Lochan & Co,13-Apr-2026,UNCDF,"50008713/UNCDF-00596,1",Cambodia,1500.00
155626,Elaboração do Plano Estratégico para o Desenvolvimento do Terceiro Setor em Cabo Verde,"MUNDISERVIÇOS COMPANHIA PORTUGUESA DE SERVIÇOS E GESTÃO, LDA SUCURSAL DE CABO VERDE",13-Apr-2026,UNDP,10527538/UNDP-CPV-00150,Cape Verde,36529.25
155634,"Contratación de un proveedor para apoyar a la OIT en la gestión especializada en la convocatoria, selección e inducción de los consultores que desempeñarán el rol de instructor en los procesos formativos de la media articulada del proyecto SENATEC 2026",Fundación Educativa y Técnica Hacia el Progreso Industrial FUNDETEC,13-Apr-2026,ILO,rfx_4936_ROLAC,Colombia,
155595,Project Coordination Support Consultant for BIOFIN Cook Island,Vaine E Raa Vaituma Nooana Arioka,10-Apr-2026,UNDP,"10529327/UNDP-WSM-00219,1",Samoa,28814.14
155599,RFQ - Catering Services 8th to 30th April 2026,Kitchensworth,10-Apr-2026,ILO,rfx_5646_ROAF,Nigeria,
155576,LBN-CO-RFP-266-25,BDO Jordan Samman and Co Public Accountants and Business Advisors,09-Apr-2026,UNDP,"10527837/UNDP-LBN-01240,1",Lebanon,91140.00
155577,EMAG_01004997 National Consultant Digital Analyst for the National Employment Agency,Irina Maximenco,09-Apr-2026,UNDP,10528938/UNDP-MDA-00934,"Moldova, Republic of",30000.00
155581,UNDP-COL-10072  LTA Operadores Nacionales Eventos,AGENCIA DE VIAJES Y TURISMO AVIATUR S.A.S,09-Apr-2026,UNDP,"UNDP-COL-10072/UNDP-COL-02827,2",Colombia,
155582,UNDP-COL-10071 LTA Operadores Nacionales Eventos,BANCA DE PROYECTOS SAS,09-Apr-2026,UNDP,"UNDP-COL-10071/UNDP-COL-02827,2",Colombia,
155509,RFQ - Event Logistics & Venue Services - Employment Validation & Vision Workshop - Damascus - Feb 2026,North Lake Limited,08-Apr-2026,ILO,rfx_4420_ROAS,Syrian Arab Republic,
155561,UNDP-BRA-00990 Estudo de Linha de Base (ELB) PAGES,PLAN CONSULTORIA E PESQUISA EM CIENCIAS SOCIAIS [LTDA],08-Apr-2026,UNDP,10526317/UNDP-BRA-00990,Brazil,236068.48
156445,"Servicio Hotelero para la realización de eventos del 20 al 24 de Abril y 27 al 28 de Abril de 2026 en San Salvador, El Salvador","Compañía Hotelera Salvadoreña, S.A.-Hotel Hilton San SalvadorHoteles S.A de C.V",08-Apr-2026,UN Secretariat,3200037920,El Salvador,91194.77
155478,UNDP-YEM-00458,Integral Consult,05-Apr-2026,UNDP,10524044/UNDP-YEM-00458,Yemen,238750.00
155469,Qu26/03075_National Consultant Legal Analyst for regulatory support to MLSP and NEA,Sabina Cerbu,03-Apr-2026,UNDP,10526988/UNDP-MDA-00930,"Moldova, Republic of",11000.00
155447,EMAG Qu26/03072 National Consultant on ESCO occupational mapping and interoperability,Vitalie Babalau,02-Apr-2026,UNDP,10526321/UNDP-MDA-00928,"Moldova, Republic of",8000.00
155449,EMAG Qu26/03072 National Consultant on ESCO occupational mapping and interoperability,VLADIMIR FONARI,02-Apr-2026,UNDP,10526318/UNDP-MDA-00928,"Moldova, Republic of",8000.00
155450,EMAG LC26_005 National Consultant Labour Market Data and Analytics Consultant,Iurie Morcotilo,02-Apr-2026,UNDP,10525626/UNDP-MDA-00936,"Moldova, Republic of",16100.00
155459,EMAG Qu26/03072 National Consultant on ESCO occupational mapping and interoperability,Anatol Gremalschi,02-Apr-2026,UNDP,10526320/UNDP-MDA-00928,"Moldova, Republic of",8000.00
155465,UNDP-BRA-01011,JB PROPAGANDA E MARKETING LTDA,02-Apr-2026,UNDP,10527021/UNDP-BRA-01101,Brazil,34733.63
155428,Civil Engineer,Ahmed Abdullah Ahmed Al-nawajee,01-Apr-2026,UNDP,10521872/UNDP-JOR-00641,Jordan,12457.63
158035,Servicio de apoyo para el trabajo con medios de comunicación,Vital Comunicaciones,01-Apr-2026,UNICEF,RFPS CLE 001-2026,Chile,
155394,RFP 028 2025 - Implementation Sustainable Practices in Palm Oil: Strengthening Government and Stakeholder Capacity,INDEF ERAMADANI,31-Mar-2026,UNDP,"10525705/UNDP-IDN-00722,1",Indonesia,178269.47
155404,National Senior Communications Consultant to support the Secretariat of the Just Energy Transition Partnership in Viet Nam (JETP),DUONG VAN THO[[001080003559]],31-Mar-2026,UNDP,10525641/UNDP-VNM-02025,Viet Nam,36002.19
155368,Consultant to support Jordan National Center for Human Rights in conducting a National Baseline Assessment on Business and Human Rights,Mohammad Μustafa Mahmoud Eyadat,29-Mar-2026,UNDP,10524115,Jordan,17231.64
155364,Establishment and Operation of an Artisanal Jewellery and Metalwork Training in Ajloun & Irbid Governorates,Mowafaq Sa'id Darwwsh Al-Kalha,28-Mar-2026,UNDP,10523536/UNDP-JOR-00632,Jordan,45197.74
155365,Provision of an Agribusiness SMEs digital solution in Uganda.,Akorion Company LTD (trading as EzyAgric),28-Mar-2026,UNCDF,"50008594/UNCDF-00475,2",Uganda,234825.00
155366,UNDP-BRA-01030,JB PROPAGANDA E MARKETING LTDA,28-Mar-2026,UNDP,10524888/UNDP-BRA-01094,Brazil,121184.08
155333,"UNDP-ZWE-01460,1",Primson Management Services,27-Mar-2026,UNDP,"10515574/UNDP-ZWE-01460,1",Zimbabwe,39780.00
155360,Resultados Proceso UNDP-SLV-00494 - Licitación Servicios de Outsourcing:,"MANPOWER EL SALVADOR, S.A. DE C.V.",27-Mar-2026,UNDP,"10516192/UNDP-SLV-00494,3",El Salvador,581084.44
155361,"Interventoría técnica, administrativa, financiera, Obra civil (Construcción de tanques en ferrocemento, Para comunidades rurales de La Mojana). Lote 2",JRD CONSTRUCTORES SAS,27-Mar-2026,UNDP,10522771,Colombia,165267.45
155362,"Interventoría técnica, administrativa, financiera, Obra civil (Construcción de tanques en ferrocemento, Para comunidades rurales de La Mojana).Lote 1",JRD CONSTRUCTORES SAS,27-Mar-2026,UNDP,"10522707/UNDP-COL-02963,3",Colombia,166283.43
155310,Adjudicaciòn del proceso PCI-056-2025,YADIRA ALEXANDRA TORRES,26-Mar-2026,UNDP,"10519419/UNDP-MEX-00519,1",Mexico,6000.00
155289,Qu26/03061 DTSP/National Consultant for conducting a regulatory framework review,Sabina Cerbu,25-Mar-2026,UNDP,10521911/UNDP-MDA-00893,"Moldova, Republic of",5060.00
155291,IG_Qu26/03073_National Consultant on employment and labour market inclusion of PwD,Ion Cibotarica,25-Mar-2026,UNDP,10523024/UNDP-MDA-00927,"Moldova, Republic of",3500.00
155301,Organisation et gestion du comité de pilotage du projet PAIE,UNMO-CIR Unite Nationale de Mise en Oeuvre du Cadre Integré Renforcé,25-Mar-2026,UNIDO,3000152099,Comoros,69204.15
155237,"Extended Scope: Individual National Consultant to Provide Training Services for Gender, SOGIE Rights & Inclusion.",Thomas Churchyard,24-Mar-2026,UNDP,10520929/UNDP-SWZ-00207-4,Eswatini,2878.56
155230,UNDP-COL-10070 LTA Operadores Nacionales Eventos,ATHENAS ASESORIAS Y COMUNICACIONES SAS,23-Mar-2026,UNDP,"UNDP-COL-10070/UNDP-COL-02827,2",Colombia,
155537,iClimateAction WP3 - Technical Assessment for Global Heat Resilience Service Feasibility Study,VLAAMSE INSTELLING VOOR TECHNOLOGISCH ONDERZOEK (VITO) PLC,23-Mar-2026,WMO,RFP 2546-25,Switzerland,115109.57
155196,Electrical Works Technical Supervision and Quality Assurance Consultant – UNDP Samoa MCO New Wing,Vagana Electrical Engineering Solutions Limited,22-Mar-2026,UNDP,10522382/UNDP-WSM-00222,Samoa,7924.53
155197,National Consultancy for the Review of UNDP-GEF Small Grants Programme in Samoa,Bismarck Crawley,22-Mar-2026,UNDP,10521136/UNDP-WSM-00210,Samoa,30754.72
155166,"Company to review, update and digitalize the “Greening Small, Medium  Enterprises” course for the Organization for Entrepreneurship Development  (ODA)",UAB Civitta,19-Mar-2026,UNDP,10517247/UNDP-MDA-00829,"Moldova, Republic of",72300.00
155168,Sandbox Innovation Challenge,(R) Green City Lab Moldova AO,19-Mar-2026,UNDP,"10520272/UNDP-MDA-00828,2","Moldova, Republic of",40000.00
155178,Sandbox Innovation Challenge,(R) SANDROLOGIC GRUP SC S.R.L.,19-Mar-2026,UNDP,"10520273/UNDP-MDA-00828,2","Moldova, Republic of",40000.00
155154,"GPN IC Develop Environmental and Social Management  Plans for three coastal protection projects in Malaita and Guadalcanal  Provinces, Solomon Islands",PHILLIP MICHAEL HARINGTON HAWES,18-Mar-2026,UNCDF,50008552,Solomon Islands,61012.00
155160,International Consultant to support the development of a project proposal for the Green Climate Fund (GCF) – Early Warnings for All Initiative,CARLOS EDUARDO LUDENA LOPEZ,18-Mar-2026,UNDP,10520640,Jordan,12400.00
155150,Communications Consultan,Mohammed Abdou Yahyia Honinah,17-Mar-2026,UNDP,10520664/UNDP-YEM-00618,Yemen,36000.00
155130,Climate Risk Financing Solutions and Strategy Consultant,WireBox Consulting PTE. LTD.,16-Mar-2026,UNCDF,50008515,Fiji,84000.00
156091,EOI for the Development and Implementation of a Training of Trainers (ToT) and Youth Training Curriculum for the AI and Robotics Youth Training Programme,I-Hub Foundation for Cobotics,16-Mar-2026,ITU,EOI-S-TSB-2026-001,Switzerland,
155092,UNDP-CFP-2025-299; Innovation Challenge,KASHF FOUNDATION,13-Mar-2026,UNDP,"10516979/UNDP-PAK-01485,1",Pakistan,39967.06
156297,Urgent repair of the Odesa Stolyarsky State Music Lyceum (Ukraine),HIGH TECH ELITE STROY LIMITED LIABILITY COMPANY,13-Mar-2026,UNESCO,RFQ-UA-26-05,Ukraine,14062.80
155103,UNDP-BRA-01087,H&L PROMOCOES EVENTOS COMUNICACAO,13-Mar-2026,UNDP,10519452/UNDP-BRA-01087,Brazil,20294.78
155695,Online and hybrid logistic support for PDT and SDG-UP conference management,Doshin EC Inc,13-Mar-2026,UNU,IAS-RFQ001/2026,Japan,24924.71
155084,Individual Local Consultant to Provide Services of Retreat Facilitator for UNDP Staff for their 2025 Retreat Plan,THE PACIFIC INSTITUTE SWAZILAND (PROPRIETARY) LIMITED,12-Mar-2026,UNDP,10514359/UNDP-SWZ-00212,Eswatini,5010.43
155089,PRC0155098 Guyana’s national  biodiversity strategy and action plan (NBSAP),PC Consultants,12-Mar-2026,UNDP,10516874/UNDP-GUY-00080,Guyana,262373.75
155051,Development of industrial decarbonization roadmap for LT-LEDS revision,"ERM-Siam Co., Ltd.",10-Mar-2026,UNDP,"10513797/UNDP-THA-00195,3",Thailand,95158.45
154995,Generation of evidence and knowledge products on women’s participation in the public sector in Viet Nam,Van phong Hoc vien Chinh tri Quoc gia Ho Chi Minh,09-Mar-2026,UNDP,10517492/UNDP-VNM-01954-2,Viet Nam,68714.24
155041,Civil Society Empowerment Specialist,Rana Fadwa Sameer Adeeb Al-Dabbagh,09-Mar-2026,UNDP,10514918/UNDP-IRQ-01986,Iraq,73158.00
155234,"Establishing the system of electronic border surveillance at Lake Skadar, MNE",KODAR INZENJERING DOO PODGORICA,09-Mar-2026,IOM,30000012177,Montenegro,3885478.16
154975,International Individual Consultant for the Services of Editing the Mass Poverty Reduction Paper,OLUGBENGA JACOB ADESIDA,06-Mar-2026,UNDP,10514792,Eswatini,10000.00
154979,UNDP-BRA-01081,JB PROPAGANDA E MARKETING LTDA,06-Mar-2026,UNDP,10517245/UNDP-BRA-01081,Brazil,35196.88
155010,"Provision of Services Supporting Financial and Interest  Disclosure Programmes (FAO, IFAD, UNHCR, WFP and  WIPO)",Hudson Ethics 2 LLC,06-Mar-2026,IFAD,IFAD FAO UNHCR WFP WIPO/2025/ 001/RFP,Italy,20800.00
157191,"Our Rights, Our Lives, Our Future (O3) Midterm Evaluation",TECHNOPOLIS FRANCE,06-Mar-2026,UNESCO,HAR/EHW/O3 Midterm Evaluation (Phase II),Multiple destinations,180912.64
154949,"Urgent repair of Building A of the Professional College of Industrial Automation and Information Technologies Address: 16 Gogol Street, Odesa, Ukraine",DD-Stroy,04-Mar-2026,UNESCO,RFQ-UA-26-04 rev 1 Urgent repair Professional College,Ukraine,29667.20
154920,LBN-CO-RFP-272-25,ARK Group DMCC,03-Mar-2026,UNDP,10514452/UNDP-LBN-01244,Lebanon,158688.24
154980,Travaux de Réhabilitation de Tronçons de Routes (5 LOTS),SOCOA,03-Mar-2026,UNOPS,EPP-RFQ-HTCO-23878-25-096(GM),Haiti,1768002.18
154886,Project Management (PM) Expert to support PM efforts for Ghana country programmes,Clothilde Goeman,01-Mar-2026,UNCDF,50008365,Senegal,60000.00
158053,Long Term Agreement (LTA) for Digital Media Marketing Services,NP DIGITAL MALAYSIA SDN. BHD.,01-Mar-2026,UNICEF,LRPS-2025-9198828,Malaysia,240250.00
154870,LBN-CO-IC-01-26,Mohammad Ali Khodor Serhan,27-Feb-2026,UNDP,UNDP-LBN-10164/UNDP-LBN-01261,Lebanon,
154871,LBN-CO-RFP-249-25,PROFESSIONAL FINANCIAL CONSULTANCY - PFC SARL,27-Feb-2026,UNDP,10513188/UNDP-LBN-01218,Lebanon,49630.88
154879,"Long-Term Agreement for the provision of Cleaning Services for One UN House, MCO, Samoa",BOSS CLEANING SERVICES,27-Feb-2026,UNDP,"UNDP-WSM-10021/UNDP-WSM-00203,1",Samoa,
154856,International Communications and Multimedia Consultant,Jennifer Lutz,26-Feb-2026,UNCDF,50008376,United States of America,23952.10
154862,"Development of a Methodology for setting special Water Use Thresholds and Roadmap for its implementation,  including Cost Estimates",(R) Centrul National de Mediu AO,26-Feb-2026,UNDP,10512626/UNDP-MDA-00878,"Moldova, Republic of",33813.42
154863,Comprehensive Feasibility and need Assessment Study of judiciary infrastructure under the High Judicial Council (HJC),DIYAR CONSULTANTS COMPANY,26-Feb-2026,UNDP,10512604/UNDP-PAL-00429,"Palestine, State of",110000.00
155692,Provision of Fund Raising support for the launch of the future Ocean Institute of the United Nations University,July Advisory,26-Feb-2026,UNU,N/A,France,50000.00
156286,Feasibility study for reconstruction of the wastewater treatment plant in Brovary,Consulting Company Businessforward Ukraine LLC,26-Feb-2026,UNIDO,1100261351,Ukraine,57418.00
155689,Employee engagement surveys,WorkBuzz Analytics Ltd,24-Feb-2026,UNU,N/A,Multiple destinations,27849.00
154807,UNDP-NER-00606/CONSULTANT/E NATIONAL(E)/FACILITATEUR,Boubacar Habibe Toure,23-Feb-2026,UNDP,10510825/UNDP-NER-00606,Niger,906.01
154775,Consultoria para estudos e diagnósticos dos Arranjos Produtivos Locais (APLs) na Amazônia Legal.,Cluster Competitiveness and Innovation Consultoria Ltda,22-Feb-2026,UNDP,10511662/UNDP-BRA-00794,Brazil,162860.47
154767,LBN-CO-IC-07-26,Jules Kaysar Hatem,21-Feb-2026,UNDP,10511436/UNDP-LBN-01254,Lebanon,28000.00
154764,Provision of services on Specialized digital accessibility testing,TestingXperts B.V.,20-Feb-2026,UNV,UNV-HQ-10092/UNV-00474,Germany,
154669,Company to conduct a gender analysis of the energy sector in Moldova,VALUE FOR WOMEN LIMITED,19-Feb-2026,UNDP,10508098/UNDP-MDA-00847,"Moldova, Republic of",84444.00
154832,RFP 2025.18 Evaluation of Unitaid’s Portfolio of Investments in Accelerating Elimination of Cervical Cancer through Secondary Prevention,Tana Copenhagen ApS,18-Feb-2026,WHO,UNITAID/P/0008805,Switzerland,255590.00
154633,Researcher - Strengthening Gender Equality in STEM  Climate Resilience project (TR),ERMAN DOLMACI,17-Feb-2026,UNDP,10510345/UNDP-CYP-00211,Cyprus,5945.30
154634,Consultancy for Comprehensive Stakeholder Engagement and Evaluation of Jordan’s Local Administration Law,Ali Khalaf Radwan Hajahjeh,17-Feb-2026,UNDP,10510163/UNDP-JOR-00620,Jordan,10000.00
154586,"Firm/Institution to conduct SDG Profiles for Rayong, Sa Kaeo, and Nong Khai, Thailand",THAILAND DEVELOPMENT RESEARCH INSTITUTE FOUNDATION,16-Feb-2026,UNDP,10509144/UNDP-THA-00188,Thailand,102564.10
154604,LBN-CO-RFP-214-25,Beyond Group,16-Feb-2026,UNDP,"10508956/UNDP-LBN-01155,1",Lebanon,598681.83
154608,Researcher; Strengthening Gender Equality in STEM -GR,Angelica Ourri,16-Feb-2026,UNDP,10510274/UNDP-CYP-00210,Cyprus,7134.36
154609,Cook Islands-Digitalization of Driving Licenses Processes,Ackama NZ Ltd.,16-Feb-2026,UNCDF,"50008335/UNCDF-00433,1",Fiji,69990.00
154563,Provision of Study on the use of remittances and their impact on resilience in Mali and Senegal,Ipsos Limited,12-Feb-2026,IFAD,IFAD/2025/016/RFP,Italy,120171.00
154542,DRC Energy Program 2 LPG Baseline and Launch Phase Expert,GUILLAUME CHARON,11-Feb-2026,UNCDF,50008328,Senegal,66240.00
154549,"Monitoring, Evaluation and Learning (MEL) Expert to support MEL efforts for Ghana country programmes",Sangyoung Jung,11-Feb-2026,UNCDF,50008326,Ghana,56100.00
154524,Cancelled - Supply of ICT Equipment and Furniture for Midwife-Led Family Planning Counseling Centers in Mongolia,Completed – No award,10-Feb-2026,UNFPA,UNFPA/MNG/RFQ/25/020,Mongolia,
155220,Provision of Logistics and Event Management Services in Support of UNODC Operations in Maldives,PRO SOCCER,10-Feb-2026,UNODC,4700031697,Maldives,750000.00
155224,Provision of Logistics and Event Management Services in Support of UNODC Operations in Maldives,Project Managing and Supply Pvt Ltd,10-Feb-2026,UNODC,4700031698,Maldives,250000.00
154510,Development of Viet Nam’s Seventh National Report on the implementation of the United Nations Convention on Biological Diversity,TT Bao ton Thien nhien va Phat trien,09-Feb-2026,UNDP,10507746/UNDP-VNM-01892,Viet Nam,114219.96
154511,Building a Sustainable EPC Management Cell for Super ESCO for GEF 8 – CCM,REMEDIUS PIERRE PETRA RIJS,09-Feb-2026,UNDP,10505811,Jordan,34976.00
154484,RFP_Conduct Voluntary Provincial Reviews (VPRs) for four provinces and Voluntary Local Review for Bangkok,"ERM-Siam Co., Ltd.",06-Feb-2026,UNDP,10506086/UNDP-THA-00189,Thailand,134999.99
154482,Plataforma Virtual de Aprendizaje del Idioma Ingles.,EDUCATION FIRST CORPORATE LANGUAGE TRAINING S.A.,05-Feb-2026,UNDP,UNDP-DOM-10013/UNDP-DOM-00565,Dominican Republic,
154398,UNDP-LBY-00555,Darb for Engineering Consulting Company,03-Feb-2026,UNDP,10500661,Libya,111760.00
154386,Services of Financial Feasibility Study for the Establishment of the Eswatini Construction Industry Fund,Linda Shiba,02-Feb-2026,UNDP,10505297/UNDP-SWZ-00210,Eswatini,45575.00
154353,Request for Proposal UNDP-KEN-00596-Consultancy: Strengthening Socio‑Economic Resilience of Vulnerable Communities,Capacity Watch Africa Consulting Ltd,30-Jan-2026,UNDP,10503412/UNDP-KEN-00596,Kenya,179735.10
154348,Procurement of specialized UAV Equipment,SPATIAL INNOVISION LIMITED,29-Jan-2026,UNDP,10502186/UNDP-JAM-00154,Jamaica,149696.50
154352,Provision of Impact Assessment Services in Rwanda and Eastern  and Southern Africa (ESA),NM Research & Training Center (NM_RTC) Ltd,27-Jan-2026,IFAD,IFAD/2025/020/RFP,Italy,214673.00
153555,Result of UNDP-UZB-01598,НОУ ALPHA SOLUTIONS,26-Jan-2026,UNDP,10502412/UNDP-UZB-01598,Uzbekistan,104425.83
153301,Training Needs Assessment for multidisciplinary workforce to strengthen IHR implementation as per the attached TOR,Sparkwinn Research (Pvt) Ltd,23-Jan-2026,UNICEF,UNGM-LRPS-2025-9201176,Sri Lanka,20713.00
153306,"GPN IC Monitoring and Evaluation Pacific, 22 Jan 2026 - 1 Jan 2027",MANISH PRASAD JOSHI,23-Jan-2026,UNCDF,50008204,Fiji,42400.00
153285,RFP/49/2025/GNC/HQ - Consulting Services for the implementation of pilot intervention on formalization of short-term rentals Korce-Albania,IDRA,22-Jan-2026,ILO,rfx_2790_HQ,Albania,
153287,"consulting and advisory services to the war-affected MSMEs from Kharkiv, Kyiv, Odesa, and Vinnytsia Oblast",European Technical Assistance LLC,22-Jan-2026,UNDP,10498108/UNDP-UKR-01527,Ukraine,226599.98
153545,"Long-Term Arrangements (LTA) for the provision of Events Management, Catering Services, and Accommodation for 3 years in Suva (Central Division) and the Pacific Harbor region in Fiji.",Novotel Suva,22-Jan-2026,UNICEF,LRPS-2025-9198003,Fiji,
153262,International Consultant to support the development of project proposal for the Green Climate Fund (GCF) Readiness Program -,Lucia Fuselli,21-Jan-2026,UNDP,10498949,Jordan,40000.00
153264,Contract award,"Industrialbud, LLC",21-Jan-2026,UNDP,10499944/UNDP-UKR-01457,Ukraine,206478.59
153259,National Field Engineer/Ashraf H.Al-Zeidy,Stars Orbit Consultants and Management Development,20-Jan-2026,UNDP,10498613,Iraq,13377.70
154370,"Estudio de monitoreo de medios de comunicación identificando como tema a los sucedáneos de la leche materna, alimentación complementaria, biberones y tetinas en el marco del CICSLM",Intelicarecom Inteligencia Comunicacional Cia. Ltda.,20-Jan-2026,UNICEF,LRPS 2025 - 9200664,Ecuador,
153220,International Sectoral Mitigation Expert NDC 3.0 Update,JOSE MANUEL RAMIREZ GARCIA,19-Jan-2026,UNDP,10499222/UNDP-JOR-00592,Jordan,29420.00
153221,Managing Innovation Fund and Providing Technical Assistance to Fintechs in Tanzania,ANZA ENTREPRENEURS,19-Jan-2026,UNCDF,"50008117/UNCDF-00460,3","Tanzania, United Republic of",444458.00
153241,Company to develop cybersecurity internal policies and procedures for 7 energy sector state owned companies,OMEGA TRUST SRL,19-Jan-2026,UNDP,10500283/UNDP-MDA-00836,"Moldova, Republic of",122480.00
153242,LBN/CO/IC/172/25,Chady Joseph Abou Jaoude,19-Jan-2026,UNDP,UNDP-LBN-10155/UNDP-LBN-01180,Lebanon,
153211,Adjudicación_PCI-057-2025,LORENZO ROJAS BRACHO,16-Jan-2026,UNDP,10499845/UNDP-MEX-00523,Mexico,24069.53
153190,Direct Contracting with Mitsubishi Research Institute (MRI),"Mitsubishi Research Institute, Inc.",15-Jan-2026,UNDP,10498099,Iraq,70000.00
153199,UNDP-BRA-01017,REIS SA INSTALACOES LTDA,15-Jan-2026,UNDP,10499842/UNDP-BRA-01017,Brazil,68100.38
153216,Long-Term Arrangements (LTA) for the provision of Events Management Services for 5 years in Fiji and Pacific Island Countries.,Rosie Signs Pte Ltd,15-Jan-2026,UNICEF,LRPS-2025-9200063,Multiple destinations,
153189,Adjudicación SDP-022-2025,INTELIGENCIA CAPITAL,14-Jan-2026,UNDP,10499099/UNDP-MEX-00526,Mexico,10357.70
153120,Analytical Study on Inclusive Resource Centers Operations in Ukraine,PROJECTS CLINIC CONSULTING PCC,13-Jan-2026,UNESCO,RFP-UA-25-07,Ukraine,63986.00
153056,NATIONAL CONSULTANT TO REVISE AND UPDATE THE ESWATINI'S NDC 3.0,Rex Brown,12-Jan-2026,UNDP,10494692/UNDP-SWZ-00206,Eswatini,8140.43
153049,UNDP-ECU-00721,MGM Innova Energy Services SAS,09-Jan-2026,UNDP,"10483458/UNDP-ECU-00721,2",Ecuador,217260.00
153016,Provision of Study of the Malian and Senegalese diasporas in  Italy and their investment practices,Centro Studi di Politica Internazionale - CeSPI ETS,07-Jan-2026,IFAD,IFAD/2025/014/RFP,Italy,99960.00
152987,The result of Digital Transformation Support to UNDP Country Offices in Asia Pacific,Artha Global,06-Jan-2026,UNDP,"10496374/UNDP-BRC-00198,1",Thailand,245800.00
152960,MSME Climate Risk Insurance consultant,Sarathy Srinivas,05-Jan-2026,UNCDF,50008097/UNCDF-00480,Fiji,81320.00
152938,Consultant for the Assessment of Civil Society Organizations in Eswatini,Gcebekile Tikhokhile Dlamini,02-Jan-2026,UNDP,10492136/UNDP-SWZ-00209,Eswatini,11574.21
152948,Climate Risk Insurance Consultant- Vanuatu,BALACHANDRAN M K,02-Jan-2026,UNCDF,50008116/UNCDF-00478,Fiji,70980.00
155668,"Request for Proposal - Organizing an Asia-Pacific Regional Meeting on World Heritage Cities and Climate Action to be held in Kyoto, Japan in March 2026",CS CENTER CO LTD,02-Jan-2026,UNESCO,BGK/CLT/CAWHC/RFP/2025/01,Japan,92254.00
158054,Master Trainer for Training of Trainers (ToT) on the Adapted UNICEF Community Infant and Young Child Feeding (C‑IYCF) Package,"Oot Consulting, LLC",01-Jan-2026,UNICEF,LRPS-2025-9200094,Malaysia,45991.00
152918,LTA Provisión de servicios para la planificación y ejecución de eventos,"TURINTER, S. A.",31-Dec-2025,UNDP,"UNDP-DOM-10012/UNDP-DOM-00563,2",Dominican Republic,
152921,Request for proposal from a qualified service provider to Develop a secure mobile Health application to empower Pediatric patients and guardians’ as per the attached TOR.,Hutchison Telecommunications Lanka (Pvt) Ltd.,31-Dec-2025,UNICEF,LRPS-2025-9199357,Sri Lanka,89689.62
152925,Capacity Building on EPR Implementation for the Ministry of Environment and Environmental Institutions in Moldova,Resources and Waste Advisory Group Ltd SCE.,31-Dec-2025,UNDP,"10495654/UNDP-MDA-00811,1","Moldova, Republic of",94050.00
152931,Developing and carrying out two editions of a Green Pre-acceleration Program,(R) AO Asociatia Femeilor Antreprenoare din Moldova - AFAM,31-Dec-2025,UNDP,10495945/UNDP-MDA-00816,"Moldova, Republic of",117283.84
152934,Voluntary National Report VNR consultant,"ABDELLATIF, Adel Mohamed",31-Dec-2025,UNDP,10497154/UNDP-JOR-00609,Jordan,93418.00
152935,Evaluation of UNCDF's Financing Durable Solutions for Displaced People project,Primson Management Services,31-Dec-2025,UNCDF,50007519,Somalia,63815.00
152903,UNDP-RFP-2025-230,KPMG Taseer Hadi & Co Chartered Accountants,30-Dec-2025,UNDP,"10494338/UNDP-PAK-01318,2",Pakistan,128858.93
152914,Servicio de agencias de Contact Center,Proceso Desierto,30-Dec-2025,UNICEF,RFPS CLE 227-2025,Chile,
152892,Services for the development of Youth Connekt Eswatini Chapter programme,THE RESEARCH COMPANY (PROPRIETORY) LIMITED,30-Dec-2025,UNDP,10495908/UNDP-SWZ-00205,Eswatini,5328.28
152916,"UNDP-SDN-00379,3",FOKABS INC.,30-Dec-2025,UNDP,"10496178/UNDP-SDN-00379,3",Sudan,109892.00
155817,LTA - Consultorías Individual implementación del Sello de Igualdad de Género en Instituciones Públicas,MAGARINOS PAULA BEATRIZ,30-Dec-2025,UNDP,UNDP-R46-10095/UNDP-R46-00544,Panama,
152867,UNDP-IC-2025-311,SARMAD HUSSAIN KHAN,29-Dec-2025,UNDP,10495749/UNDP-PAK-01405-2,Pakistan,16051.37
152871,Individual Consultant to develop the first M&E report for the NDP for year 2024/2025.,Mrs Nokwazi Mathabela,29-Dec-2025,UNDP,10492158/UNDP-SWZ-00208-2,Eswatini,4475.76
152874,UNDP-IC-2025-310,Giacomo Morelli,29-Dec-2025,UNDP,10495420/UNDP-PAK-01406,Pakistan,21178.00
152885,UNDP-IRQ-02002- Date Palm Value Chain Financing and Enhanced Services for Building Resilient Businesses in the Southern Governorates of Iraq,GROFIN MAURITIUS LTD,29-Dec-2025,UNDP,10496036/UNDP-IRQ-02002,Iraq,80200.00
152896,"Provision of Web Streaming, Totems and Audio-visual Technical  Support During IFAD Governing Council and Related Events",EDISCO SRL,29-Dec-2025,IFAD,IFAD/2025/018/RFP,Italy,30189.45
153116,Acordo de Longo Prazo (LTA) para Serviço de Clipagem de Notícias,CLIPPING SERVICE,29-Dec-2025,UNICEF,LRPS-2025-9201095,Brazil,
152859,Independent Assessor for the Salone Access to Finance Matching Grant Facility,Moore Stephens Insight Limited,28-Dec-2025,UNCDF,50008076/UNCDF-00454,Sierra Leone,85600.00
152800,Refurbishment & Rehabilitation of the Siphofaneni Container into Legal Aid Office - Contract for Civil Works,BAHLE BESUTFU INVESTMENTS PTY Ltd,24-Dec-2025,UNDP,10491957/UNDP-SWZ-00203,Eswatini,25161.33
152939,Advisory Services for PCI-DSS Compliance Across UNICEF Fundraising Channels,1 Cyber Valley Ltd.ControlCase LimitedeSec Forte Technologies Private Limited,23-Dec-2025,UNICEF,UNICEF-PFP-RFPS-2025-503869,Multiple destinations,
153071,MTHR - Language Training Programm CPA 3+2+2,Inlingua Sprachschule GmbH,23-Dec-2025,IAEA,652516,Austria,
153117,Acordo de Longo Prazo (LTA) para Fornecimento de Serviços de Assessoria de Imprensa,Reputale Comunicação Ltda,22-Dec-2025,UNICEF,LRPS-2025-9200925,Brazil,
152671,Result ot Organization to Support Youth Skills and Startup Support for the Regional Youth Empowerment Programme in Asia.,Persatuan Gaya Hidup Lestari Biji Biji Kuala Lumpur Dan Selangor,19-Dec-2025,UNDP,10491941/UNDP-BRC-00205,Thailand,295000.00
152675,RFO 25/18: 14 TETRA mobile radio set,MOTOROLA SOLUTIONS UK LTD,19-Dec-2025,UNDP,10491427/UNDP-MDA-00856,"Moldova, Republic of",59955.68
155664,(EXTENDED) Request for Proposal - Endline Learning Assessment and Third-Party Monitoring,MDF Asia Myanmar Limited,19-Dec-2025,UNESCO,YGN/ED/ESPIG/RFP/2025/29,Myanmar,137261.00
152652,UNDP-IC-2025-330,Sajjad Aslam,18-Dec-2025,UNDP,10491776/UNDP-PAK-01436,Pakistan,13019.44
152663,"consultant Capacities for Food Systems Resilience: Diagnostic, Policy Advisory, and Futures Planning consultancy TORs",FADEL ELZUBI,18-Dec-2025,UNDP,10492049/UNDP-JOR-00610,Jordan,24500.00
152666,National Consultant (Fijian national)-MSME Climate Risk Insurance Support,Tarlo Singh Consultants,18-Dec-2025,UNCDF,50008071/UNCDF-00479,Fiji,13200.00
152682,Provision of Services for Strategic Human Resources Plan of the IPCC Secretariat,TeamWork Management SA,18-Dec-2025,WMO,RFP 2519-25,Switzerland,62846.35
152717,CONSULTORIA PARA LA MEJORA Y REDISEÑO DEL SISTEMA DE ALERTA TEMPRANA SAT,EXCELENCIA CORPORATIVA.com Cía Ltda,18-Dec-2025,UNICEF,LRPS 2025 - 9200408,Ecuador,
155651,Provision of Temporary staff service,"JAPAN CONVENTION SERVICES, INCAdecco LTD",18-Dec-2025,UNU,N/A,Japan,150000.00
152601,Human Security-2nd adv-Evaluation Consultant – Final Independent Evaluation of the “Data Expansion for Human Security” Project,AHMAD MOHAMMAD MOHAMMAD AWAD,16-Dec-2025,UNDP,10490392,Jordan,5932.20
152576,Feasibility study on regional seafood market clusters and competitive value chains in Southern Africa Development Community (SADC),GPI GLOBAL POLICY INCUBATOR GMBH,15-Dec-2025,UNIDO,1100253748,Multiple destinations,175580.28
152600,Implementación Módulos Encuesta MICS Chile,Pontificia Universidad Católica de Chile,15-Dec-2025,UNICEF,RFPS CLE 36-2025,Chile,
152565,Contract Expiry Date prior to the close date 60 days,Alokab for Consulting and Investment,14-Dec-2025,UN-Women,"40097073/UNW-JOR-2025-00134,1",Jordan,154965.00
152559,Provincial Technical Expert on agricultural commodities for UNDP project in Lam Dong province,LE QUANG MINH[[068084006479]],13-Dec-2025,UNDP,10488395/UNDP-VNM-01746,Viet Nam,10939.88
152557,"Developing methodologies and calculating new Green Growth Indicators (GGIs), elaboration of the National GGIs Report",Centrul de instruire și consultanta E-Circular,12-Dec-2025,UNDP,"10489114/UNDP-MDA-00774,2","Moldova, Republic of",48390.20
152541,GPN IC - Credit Market Risk Assessment in the Solomon Islands and Fiji,William G F Smith,11-Dec-2025,UNCDF,50008034,Fiji,56000.00
152543,UNDP-BRA-01014,GAUCHE PROMOCOES E EVENTOS LTDA,11-Dec-2025,UNDP,10489508/UNDP-BRA-01014,Brazil,10353.82
152506,LBN-CO-IC-187-25,RACHA CHALHA,10-Dec-2025,UNDP,10481449/UNDP-LBN-01094,Lebanon,6000.00
152521,"UNDP-BRA-01009,1",EXEMPLUS COMUNICACAO E MARKETING LTDA EP,10-Dec-2025,UNDP,"10487119/UNDP-BRA-01009,1",Brazil,73182.87
152523,RFP: Consultancy for Land use/Land cover change assessment 2022-2024 (Phase 2),SPATIAL INNOVISION LIMITED,10-Dec-2025,UNDP,10425875/UNDP-JAM-00154,Jamaica,149999.26
152486,Concepção de Dossiê de Pesquisa e Referências Estéticas para os 30 Anos do PRONAF,Inseptos Filmes Ltda,09-Dec-2025,UNDP,10476586/UNDP-BRA-00975,Brazil,10013.22
152490,Adjudicación SDP-020-2025,Chicas en Tecnologia A.C.,09-Dec-2025,UNDP,10487198/UNDP-MEX-00516,Mexico,9941.00
152492,UNDP-IC-2025-321,Sidra Fatima,09-Dec-2025,UNDP,10487031/UNDP-PAK-01413,Pakistan,7200.15
152493,Individual Contractor - Blended Finance and Investment Strategy,Mita Samani Advisory Limited,09-Dec-2025,UNCDF,50007843,United States of America,130000.00
152497,"UNDP-BRA-01011,1",DPS EVENTOS LTDA,09-Dec-2025,UNDP,"10488105/UNDP-BRA-01011,1",Brazil,6052.14
152458,Development of a Rehabilitation & Re-integration Policy,Ntombikayise Magret Nyoni,08-Dec-2025,UNDP,10485327/UNDP-SWZ-00199,Eswatini,7879.99
152462,Establishment of a Circular Transition Lab in Poti and Khobi municipalities,The Regional Environmental Centre for the Caucasus (REC Caucasus),08-Dec-2025,UNDP,"10486850/UNDP-GEO-00366,1",Georgia,176750.00
152466,UNCDF - 00374 Feasibility Study of tourism management system,Misca Advisors Ltd,08-Dec-2025,UNCDF,50007990/UNCDF-00374,Indonesia,50000.00
152455,IC for Socio-Economic Profiling and Community-Based Economic Program Development,Muath Esam Ahmad Basheer,07-Dec-2025,UNDP,10463973/UNDP-JOR-00544,Jordan,20536.72
152456,Investment Specialist,Brenda Samantha Victoria Pennell,07-Dec-2025,UNCDF,50007986,United States of America,20032.04
152516,Acquisition the Monitoring & Evaluation (M&E) Results Tracking System for the Climate Risk and Early Warning Systems (CREWS) Initiative,Athena Infonomics LLC,05-Dec-2025,WMO,RFP2432-24,Switzerland,
152443,Award of UNDP-LKA-00594,GRANT THORNTON BHARAT LLP,05-Dec-2025,UNDP,10485908/UNDP-LKA-00594,Sri Lanka,100595.44
152450,Adjudicación PCI-046-2025 Servicios de consultoría para elaborar una “Guía para diseñar proyectos verdes con impacto económico e inclusión comunitaria,Cecilia Belem Saucedo Carranza,05-Dec-2025,UNDP,10485723/UNDP-MEX-00503,Mexico,14953.42
153254,IT SERVICES RELATED TO HIGH-LEVEL EXPERTISE FOR STRATEGIC GUIDANCE AS WELL AS HANDS-ON DEVELOPMENT AND IMPLEMENTATION SUPPORT,IT Systems Austria GesmbH,05-Dec-2025,UNIDO,7000007599/4000000753,Austria,750000.00
155034,Acquisition the Monitoring & Evaluation (M&E) Results Tracking System for the Climate Risk and Early Warning Systems (CREWS) Initiative,Athena Infonomics LLC,05-Dec-2025,WMO,RFP2432-24,Switzerland,179275.82
155035,Acquisition the Monitoring & Evaluation (M&E) Results Tracking System for the Climate Risk and Early Warning Systems (CREWS) Initiative,Athena Infonomics LLC,05-Dec-2025,WMO,RFP2432-24,Switzerland,
152431,Provision of venue rental and hospitality services,Association for Historical Dialogue and Research,04-Dec-2025,UNDP,UNDP-CYP-10044/UNDP-CYP-00215,Cyprus,
152513,RFP 2025.15 End-of-Project evaluation for Unitaid’s investments in enabling preventive TB treatment in high-risk populations.,Cambridge Economic Policy Associates,04-Dec-2025,WHO,UNITAID/P/0008745,Switzerland,156900.00
154531,"Festival. implementation of the comprehensive cultural and educational initiative in Balta, Odesa region, within the EU-funded UNESCO project “Preserving Ukraine’s Jewish Documentary Heritage.”",Odesa Holocaust Research Center,04-Dec-2025,UNESCO,UNESCO-UA-212,Ukraine,22768.00
155649,Provision of cabling and installation works for UNU CPR new office,A.W.&S. Construction Co.Ltd.,04-Dec-2025,UNU,N/A,United States of America,22709.60
152597,Provision of Managed Services for IFAD Client Portal,IBM Italia S.p.A.,03-Dec-2025,IFAD,IFAD/2025/005/RFP,Italy,
152376,Printing materials and visibilities items .,SAGAL JET PRINTING COMPANY,02-Dec-2025,UNDP,10483799/UNDP-SOM-00564-2,Somalia,13619.84
152388,RFP 668-2025,Ahios Dooel Skopje,02-Dec-2025,UNDP,"10483874/UNDP-MKD-00668,1",North Macedonia,383920.59
152389,UNDP-BRA-00939,FORMATIVA  GESTAO DE PROJETOS DESENVOLVIMENTO ORGANIZACIONAL E DE PESSOAL LTDA,02-Dec-2025,UNDP,10484234/UNDP-BRA-00939,Brazil,264761.64
155653,provision of temporary staffing services for conference management,ManpowerGroup Inc.,02-Dec-2025,UNU,N/A,Japan,94739.00
152331,"Consultor /a para brindar apoyo técnico en diseño, análisis y el cálculo de medidas de protección",Marcos Dantas Hecksher,01-Dec-2025,UNDP,UNDP-R46-10090/UNDP-R46-00521,Panama,
152303,IPS_GDD/2025/1388/ITB - Acquisition of patent sequence data for bio sequence searching in PATENTSCOPE,Patsnap (UK) Ltd,01-Dec-2025,WIPO,rfx_634,Switzerland,
152290,"5NC-National Consultant on Climate Projection, Variability, and Risk Assessment",Moh’d Ibrahim Moh’d Al-Qinna,30-Nov-2025,UNDP,10480661/UNDP-JOR-00573,Jordan,40000.00
152293,Consultant for Diagnostic Study in the North Pacific,TAN KAY MEI,30-Nov-2025,UNCDF,50007918,Fiji,52800.00
154236,Mise en place d'actions de formations courte durée,Value Development,28-Nov-2025,UNIDO,7000008064,Tunisia,150361.72
152227,Procurement of the MS365 Implementation services for Central Bank of Montenegro,COMTRADE SI SISTEMSKE INTEGRACIJE DOO,26-Nov-2025,UNDP,"10475492/UNDP-MNE-00633,4",Montenegro,154273.99
152515,Provision of Consultancy Services for ERP Business Process Review and Documentation,KPMG S.p.A,26-Nov-2025,WMO,RFP2521-25,Switzerland,
153066,FOR THE PROVISION OF SERVICE RELATED TO IMPLEMENTATION OF REPLICATION PROJECTS ON ENERGY MANAGEMENT SYSTEM (ENMS) AND ENERGY SYSTEM OPTIMIZATION (ESO) IN 10 INDUSTRIAL ENTERPRISES IN SOUTHERN AREAS OF VIET NAM,Cong Ty TNHH Tu Van Phuc Viet,26-Nov-2025,UNIDO,3000147986,Viet Nam,45734.10
152196,Global Technical innovation partner to support Agricultural insurance product development,WEATHER RISK MANAGEMENT SERVICES PVT LTD,25-Nov-2025,UNDP,"10476550/UNDP-HQ-01725,1",Switzerland,204750.00
152198,"financement,incubation et accélération de Start-ups à Tunis, Sousse et Sfax",RedStart TunisieTechnopole de sfax - CoStartCOACHINI,25-Nov-2025,ILO,rfx_906_ROAF,Tunisia,
152200,LBN/CO/IC/194/25,Ziad William Salloum,25-Nov-2025,UNDP,10473718/UNDP-LBN-01118,Lebanon,54250.00
152177,Technical expert for Jordan NDC 3.0 Update,PRAKASH DEENAPANRAY,24-Nov-2025,UNDP,10477308,Jordan,52602.00
152993,Consultoria Política de redução de riscos e danos para populações vulneráveis,JS BRASIL Consultoria,24-Nov-2025,UNDP,"UNDP-BRA-00897,1",Brazil,266134.00
152165,"Invitation to Bid for Support the conducting of Start and Improve your business in Dohuk, Sulaymaniyah, Erbil and Ninawa Governorates.",Al Aliaa for Travel and Tourism Company,22-Nov-2025,ILO,rfx_1765_ROAS,Iraq,
152157,Legal Consultancy for SFD's FTO compliance,Pinsent Masons LLP,21-Nov-2025,UNDP,10472198,Yemen,150000.00
152158,GPN IC Development of Cook Islands data protection and privacy policy & legislation,Dirk Johannes Brand,21-Nov-2025,UNCDF,50007883,Fiji,22500.00
152108,Outreach & Media Campaign on Social Security in Jordan Estidama++: Extension of Coverage and Formalization ((Extended deadline until 22 July 2025)),Telescope for Productions and Distribution Co,20-Nov-2025,ILO,rfx_1035_ROAS,Jordan,
152131,"provide technical assistance and capacity building to Government entities in Aqaba on women’s rights, women’s economic",Manal Sweidan,20-Nov-2025,UNDP,10468225/UNDP-JOR-00567,Jordan,20480.23
152144,"Investment Expert Consultant Pacific, 14 November 2025 -30 June 2026 (PICAP Project)",Sasidhar N Thumuluri,20-Nov-2025,UNCDF,50007853,Fiji,63000.00
152306,Request for Quotation – Provision of Animation Storytelling Services,Elkanodata S.L,20-Nov-2025,ITU,RFQ-S-SGO-2025-077,Switzerland,6940.00
152326,Provision of Services : Global Ecosystems Atlas Platform Development,Åpenhet,19-Nov-2025,WMO,RFP 2505-25,Switzerland,240055.20
152035,DEVELOPMENT OF A DIGITAL MATERNITY PACKAGE FOR QUALITY MATERNAL HEALTH SERVICE DELIVERY,Center of Excellence Int. Consult,17-Nov-2025,UNFPA,UNFPA/ETH/RFQ/2025/012,Ethiopia,92000.00
152040,"Consultant to undertake GHGs mitigation analysis across energy, transport, AFOLU, industry, waste, and other relevant development sectors",Mahmoud Omar Alees,17-Nov-2025,UNDP,10474339/UNDP-JOR-00574,Jordan,35310.73
152173,Institutional Contract for the Development of a general online safety Program for the Republic of Marshall Islands and Nauru,Evident Co. Ltd.,17-Nov-2025,UNICEF,LRPS-2025-9199521,Multiple destinations,
151964,Provision of a study on the Digitalization of Remittances in  Rural and Peri-Urban Areas of Morocco and Key European Corridors,BearingPoint France SAS,13-Nov-2025,IFAD,IFAD/2025/010/RFP,Italy,69050.88
151988,Individual Consultant - - AJIPA Training,Suzanne Seepersad,13-Nov-2025,UNDP,10472430/UNDP-TTO-00170,Trinidad and Tobago,75104.11
155266,"133713 - ELABORACIÓN DE MAPAS DE USO Y CAMBIO DE USO DE LA TIERRA PARA LAS REGIONES DE ANTOFAGASTA, AYSÉN Y MAGALLANES, Y CÁLCULO DE SU INCERTIDUMBRE",Universidad Austral de Chile-Centro de Humedales Río Cruces,13-Nov-2025,FAO,2025/FLCHI/FLCHI/133713,Chile,52289.00
151945,ITB 638-2025,EVRO STIL doo,12-Nov-2025,UNDP,10469785/UNDP-MKD-00638,North Macedonia,177750.53
152115,RFP 2025.14 End-of-Project evaluation for Unitaid’s investment on “Better tools for diagnosis and treatment of Plasmodium vivax malaria” Project (VivAction).,Cambridge Economic Policy Associates,12-Nov-2025,WHO,UNITAID/P/0008742,Switzerland,137350.00
153256,IT SERVICES RELATED TO HIGH-LEVEL EXPERTISE FOR STRATEGIC GUIDANCE AS WELL AS HANDS-ON DEVELOPMENT AND IMPLEMENTATION SUPPORT,Datamatics Global Services Ltd,12-Nov-2025,UNIDO,7000007599/4000000752,Austria,600000.00
151901,7th NC-International Biodiversity Gap Analysis Specialist,Francis Caleb Hurst((Francis Caleb Hurst Lda)),11-Nov-2025,UNDP,10471143,Jordan,22000.00
151871,Super ESCO-International Consultant: Updating of a Project Identification Form (PIF),REMEDIUS PIERRE PETRA RIJS,10-Nov-2025,UNDP,10463275,Jordan,6160.00
151872,Preparation of Action Plans and Strategies to Support the Implementation of Malaysia’s Nationally Determined Contribution 3.0,CLIMA CAPITAL PARTNERS LLC,10-Nov-2025,UNDP,10468247,Malaysia,109234.62
151873,UNDP-MKD-00669-2025,IDEA LAB DE DOO SKOPJE,10-Nov-2025,UNDP,10469939/UNDP-MKD-00669,North Macedonia,79232.77
151876,IC Evaluator for CFEWS Phase 2 Project,Marlon Bristol,10-Nov-2025,UNDP,10446516/UNDP-TTO-00162,Trinidad and Tobago,26045.00
151962,"Provision of Services for Training on Diversity, Equity, and Inclusivity (DEI) in the context of the IPCC",Ernst & Young AG,10-Nov-2025,WMO,RFP 2500-25,Switzerland,100000.00
152963,Request for Proposal for the Provision of Actuarial Services for ASHI  and Repatriation Entitlements,AON SUISSE SA,10-Nov-2025,ITU,RFP-S-FRMD-2025-054,Switzerland,64000.00
153065,FOR THE PROVISION OF SERVICE RELATED TO IMPLEMENTATION OF REPLICATION PROJECTS ON ENERGY MANAGEMENT SYSTEM (ENMS) AND ENERGY SYSTEM OPTIMIZATION (ESO) IN 10 INDUSTRIAL ENTERPRISES IN NORTHERN AREAS OF VIET NAM,Bach Khoa Ha Noi Energy Technology Joint Stock Company,10-Nov-2025,UNIDO,3000147589,Viet Nam,45040.27
153068,FOR THE PROVISION OF SERVICES RELATED TO IMPLEMENTATION OF REPLICATION PROJECTS ON ENERGY MANAGEMENT SYSTEM (EnMS) AND ENERGY SYSTEM OPTIMIZATION (ESO) IN 7 INDUSTRIAL ENTERPRISES IN CENTRAL AREAS OF VIET NAM,TT UD KH CONG NGHE VA TIEU CHUAN DO LUONG CHAT LUONG DU,10-Nov-2025,UNIDO,3000147247,Viet Nam,32453.77
151845,Developing Long-Term Low Emission Development Strategy for Eswatini,Natural Eco Capital Limited,09-Nov-2025,UNDP,10469064/UNDP-SWZ-00195,Eswatini,75000.00
151841,Adjudicación PCI-026-2025,JUAN MANUEL LABOUGLE RENTERIA,08-Nov-2025,UNDP,10469442/UNDP-MEX-00449,Mexico,22433.93
151837,Production of a podcast series,"Orange Creative Agency, LLC",07-Nov-2025,UNDP,10469764/UNDP-UKR-01358,Ukraine,42385.00
151840,Consultoria Especializada em Business Process Outsourcing (BPO),TS CONSULTORIA EMPRESARIAL S A,07-Nov-2025,UNDP,10469339/UNDP-BRA-00748,Brazil,340600.68
151907,MTIT_ Information Security Risk Assessment Services  (ISRA),Ernst & Young Management Consulting GmbH,07-Nov-2025,IAEA,655507-VP,Austria,
151819,Third-Party Reviewer,Xperts LLC,06-Nov-2025,UNCDF,50007797,United States of America,2295.00
151826,Provision of Consulting services for a front-to-end core process redesign of IFAD’s policies and procedures as they relate to its Non-Sovereign Operations,"Dalberg Consulting-U.S., LLC",06-Nov-2025,IFAD,IFAD/2025/011/RFP,Italy,429900.00
151800,Adjudicación PCI-047-2025,DIEZ CANDELAS SA DE CV,05-Nov-2025,UNDP,10468023/UNDP-MEX-00505,Mexico,22614.08
151759,Adjudicación SDP-009-2025,COOPERATIVA K AK BALAM S C DE R L DE CV,03-Nov-2025,UNDP,10427901/UNDP-MEX-00462,Mexico,37107.92
151784,Acuerdo de Largo Plazo con Agencias de Face to Face (F2F) para la captación de nuevos socios/as.,G.R.A spa,03-Nov-2025,UNICEF,CLE 74-2025,Chile,
151786,Construcción participativa de Campaña Comunicacional de prevención de la violencia hacia la niñez.,Extend Comunicaciones S.A.,03-Nov-2025,UNICEF,RFPS CLE 99-2025,Chile,
152315,Business Development Grant,Dynamic Engineering and Automation,03-Nov-2025,UNIDO,7000007790,Pakistan,193084.00
152329,Business Development grants,U&I by Umer Imrana,03-Nov-2025,UNIDO,7000007790,Pakistan,142721.00
153063,For the provision of services related to implementation of demonstration projects on energy management system (EnMS) and Energy System Optimization (ESO) in 4 Industrial Entreprises in Northern Areas in Vietnam,ECC - Bachkohoa JSC,03-Nov-2025,UNIDO,3000147259,Viet Nam,22739.86
158047,Professional Face-to-Face (F2F) fundraising services to acquire quality donors for UNICEF Malaysia Country Office,SALESWORKS SDN BHD,01-Nov-2025,UNICEF,LRPS-2025-9196204,Malaysia,900000.00
151725,Logistic Services,ART TWIZ ISRAEL,31-Oct-2025,UNDP,UNDP-PAL-10077,"Palestine, State of",
151740,Adjudicacion SDP-015-2025,ASHOKA EMPRENDEDORES SOCIALES,31-Oct-2025,UNDP,10462801/UNDP-MEX-00495,Mexico,36348.24
151658,"948,690.00 MDL",(R) Business Consulting Institute,29-Oct-2025,UNDP,10463956/UNDP-MDA-00789,"Moldova, Republic of",56604.41
151664,"RFP/22/2025/GNC - Consulting Services for the Implementation of Integrated-UPSHIFT in Shagarab Refugee Camp Kassala State, Sudan",STARTUPS FOR ADVANCED BUSINESS CO.LTD,29-Oct-2025,ILO,rfx_1013_ROAF,Sudan,
151591,GPN IC Investment Strategy and Implementation Consultant for Laos,Anil Birla,28-Oct-2025,UNCDF,50007733,Lao People's Democratic Republic,12000.00
151638,GPN IC Investment Strategy and Implementation Consultant for Vietnam,Sasidhar N Thumuluri,28-Oct-2025,UNCDF,50007734,Thailand,14000.00
151650,Contratação de um Parque Tecnológico especializado em inovação tecnológica na área espacial,ASSOCIACAO PARQUE TECNOLOGICO DE SAO JOSE DOS CAMPOS,28-Oct-2025,UNDP,"10458978/UNDP-BRA-00890,3",Brazil,274307.91
151651,BSL Web Portal Development,BENONI KATENDE,28-Oct-2025,UNCDF,50007706,Sierra Leone,38000.00
152118,Provision of Event Management Services for the Organization of a Training Programme for 240 Curriculum Experts,RS COMMUNICATIONS LTD,28-Oct-2025,UNICEF,9200599,"Moldova, Republic of",
153257,IT SERVICES RELATED TO HIGH-LEVEL EXPERTISE FOR STRATEGIC GUIDANCE AS WELL AS HANDS-ON DEVELOPMENT AND IMPLEMENTATION SUPPORT,Nortal As,27-Oct-2025,UNIDO,7000007599/4000000754,Austria,300000.00
151569,IRFF- Individual Contractor Consultancy to Support to the Delivery of Training on Inclusive Insurance in Jordan- Module 4,BALACHANDRAN M K,26-Oct-2025,UNDP,10459554,Jordan,6411.00
151559,Award notice,"""Abrau Capital"" LLC",24-Oct-2025,UNDP,10458803/UNDP-UZB-01380,Uzbekistan,67118.08
151561,UNDP-BRA-00980-2,WYNN PRODUCOES E EVENTOS LTDA,24-Oct-2025,UNDP,10462751/UNDP-BRA-00980-2,Brazil,59622.66
153258,IT SERVICES RELATED TO HIGH-LEVEL EXPERTISE FOR STRATEGIC GUIDANCE AS WELL AS HANDS-ON DEVELOPMENT AND IMPLEMENTATION SUPPORT,Proxify AB,24-Oct-2025,UNIDO,7000007599/4000000751,Austria,600000.00
151542,"Consultor /a para brindar apoyo técnico en diseño, análisis y el cálculo de medidas de protección",MONICA VIVIANA PINILLA RONCANCIO,23-Oct-2025,UNDP,UNDP-R46-10089/UNDP-R46-00521,Panama,
151545,Micro Assessment for Ministry of Local Government- Fiji,KPMG ADVISORY (FIJI) LIMITED,23-Oct-2025,UNCDF,50007690/UNCDF-00463,Fiji,3656.26
151468,Provision of ICT for Digital Rural Inclusion and Youth  Empowerment,Corporacion PROCASUR,21-Oct-2025,IFAD,IFAD/2025/012/RFP,Multiple destinations,149280.00
151742,"Aluguel de automóveis para a delegação do PNUD na COP30, em Belém-PA.",HUGO JOSE MELO PINHEIRO,20-Oct-2025,UNDP,10458554,Brazil,42409.24
152691,"PROVISION OF ENTERPRISE GRANTS FOR SME BUSINESS DEVELOPMENT,",Sindh Enterprise Development Fund,20-Oct-2025,UNIDO,7000007828,Pakistan,1374432.00
151413,International Consultant to conduct a Just-Transition Bond Capacity Building for Banks in Jordan,"WIESE, Alexander",19-Oct-2025,UNDP,10455875/UNDP-JOR-00565,Jordan,29951.00
151397,Development of online application system with digital payment for CRIM Department,Lattice Innovations Private Limited,17-Oct-2025,UNCDF,50007589/UNCDF-00371,Fiji,49884.00
151406,UNDP-BRA-00967,HS ENGENHARIA EMPREENDIMENTOS COM IMP E EXP LTDA,17-Oct-2025,UNDP,10459032,Brazil,252438.58
152561,Machine Rental for Duk main dike (12km),GS CONSTRUCTION CO. LTD,16-Oct-2025,IOM,30000009695-2,South Sudan,277510.00
151385,Adjudicación SDP-018-2025,RECREA CONSTRUYENDO ESTRATEGIAS PARA LA IGUALDAD SC,16-Oct-2025,UNDP,10457228/UNDP-MEX-00500,Mexico,32751.09
151392,"FA – Consultor /a para brindar apoyo técnico en diseño, análisis y el cálculo de medidas de protección",MARY CARMEN VILLEDA SANTANA,16-Oct-2025,UNDP,UNDP-R46-10088/UNDP-R46-00521,Panama,
153111,"Contrato institucional para realização de diagnóstico sobre a situação das crianças, adolescentes e jovens quilombolas das comunidades do Dandá e do Rio do Macacos no Estado da Bahia.",Toca Ambiental Consultoria e Engenharia LTDA,16-Oct-2025,UNICEF,LRPS-2025-9199404,Brazil,
151333,Provision of Support for Development And integration of Post-Harvest Mechanization Services in the Sorghum Value Chain in  Zimbabwe – Farm P3 Pilot,INTERNATIONAL MAIZE AND WHEAT IMPROVEMENT CENTRE (CIMMYT),15-Oct-2025,IFAD,IFAD/2025/009/RFP,Zimbabwe,200000.00
154905,OBIS Community Engagement and Communication Officer,CHMIEL Laurent Michaël,15-Oct-2025,UNESCO,IOC/OST/IC/070/25,Finland,66000.00
151254,Prestataire Financement Projet Incubateur - Tunisie,Taysir MicroFinance,13-Oct-2025,UNIDO,7000007560,Tunisia,429639.96
151785,"Diseño, Implementación Participativa y Evaluación de piloto de intervención territorial ""Diálogos Comunitarios para la prevención de la violencia hacia la niñez""",Pontificia Universidad Católica de Chile,13-Oct-2025,UNICEF,RFPS CLE 63-2025,Chile,
151788,DESARROLLO DE CONTENIDOS ESPECIALIZADOS PARA LA PREVENCIÓN Y EL ABORDAJE INTEGRAL DE LA VIOLENCIA CONTRA LA NIÑEZ Y ADOLESCENCIA,Pontificia Universidad Católica de Chile,13-Oct-2025,UNICEF,RFPS CLE 117-2025,Chile,
152507,"Evaluation Consultant – Decentralization, Accountability and Integrity at Local Level in Jordan",GHAIDA SAMIR SALEM EMEISH,13-Oct-2025,UNDP,10452213,Jordan,21045.20
151205,Consultancy service to complete a Gender Analysis of the,Mayyada Haider Hanna Abu Jaber,12-Oct-2025,UNDP,"10453780/UNDP-JOR-00547,1",Jordan,31200.57
151168,UNDP-BRA-00957-2,GAUCHE PROMOCOES E EVENTOS LTDA,10-Oct-2025,UNDP,10454967/UNDP-BRA-00957-2,Brazil,17012.01
151170,"Civil Engineer – Individual Consultant to Provide Technical Oversight (Engineer) Services for Works for a Studio at Makhungutja, Ntontozi.",Thembela Knowledge Shongwe,10-Oct-2025,UNDP,10446224/UNDP-SWZ-00189,Eswatini,4723.42
153107,Contrato Institucional para Serviços de Engenharia para Obras de Reforma no Escritório do UNICEF em Manaus (AM),ORV ENGENHARIA LTDA,10-Oct-2025,UNICEF,LRPS-2025-9198088,Brazil,
151147,"USD 122,620.00",UAB Civitta,09-Oct-2025,UNDP,"10448193/UNDP-MDA-00689,1","Moldova, Republic of",122620.00
151051,National Financial Inclusion Strategy (NFIS) for the Marshall Islands,FINVALUE ADVISORS PRIVATE LIMITED,08-Oct-2025,UNCDF,50007440,Fiji,37245.00
151056,LBN-CO- IC-176-25,Sandra Semaan Frem,08-Oct-2025,UNDP,UNDP-LBN-10150/UNDP-LBN-01087,Lebanon,
155641,Subscription of Off the Shelf Recruitment Solutions (Application Tracking System),Recruitee,08-Oct-2025,UNU,N/A,Multiple destinations,41972.17
150938,Adjudicación PCI-037-2025  Consultoría para evaluar al cumplimiento de las Metas Nacionales.,Dora Daniela Dorantes Salgado,07-Oct-2025,UNDP,10452006/UNDP-MEX-00474,Mexico,21124.45
151053,RFP UNCDF-00326,Epsilon Innovation Group Inc,07-Oct-2025,UNCDF,50007534,Indonesia,42600.00
151852,Individual Consultancy Services for an Events Coordinator for The Eswatini MSME Indaba Event Coordinator,Sazikazi Sellina Hlophe,07-Oct-2025,UNDP,10451731/UNDP-SWZ-00196,Eswatini,7072.58
154130,City Challenge in five cities of Georgia,Policy and Management Consulting Group - PMCG LLC,07-Oct-2025,UNDP,"10452579/UNDP-GEO-00353,1",Georgia,144400.00
150936,Support the socialization of the Capacity Development Programme developed within the Green Transition Project,Stichting Climate-KIC International Foundation,06-Oct-2025,UNDP,10442790/UNDP-MDA-00679,"Moldova, Republic of",89585.00
150940,"UNDP-BRA-00924,1",MARCELO GOMES DE BARROS PRODUCOES EVENTOS LTDA,06-Oct-2025,UNDP,"10452684/UNDP-BRA-00924,1",Brazil,38938.65
154904,"Consultant, feasibility study on IOC Global Systems and Flanders Cpacity for UNESCO Marine Biosphere Observatories",MARLOWE Celia,06-Oct-2025,UNESCO,IOC/OST/IC/049/25,United Kingdom,38000.00
156377,Third Party Monitoring of Skills Development and Literacy (SDL) Programme,Malan Ideal Impact Evaluation & Research Consultancy Services,05-Oct-2025,UNESCO,AFG25RFP004,Afghanistan,96672.00
150867,Monitoramento e montagem da Blue Zone da COP30,LRM ENGENHARIA LTDA,04-Oct-2025,UNDP,10452017/UNDP-BRA-00915-3,Brazil,200476.10
150864,"Final Evaluation of UNCDF “Leaving No One Behind, UGANDA",Lochan & Co,03-Oct-2025,UNCDF,50007495,Uganda,61290.00
151162,Req 159344 - Development of a Minimum Data Set for oncology data collection-RAS6108,The George Institute for Global Health,03-Oct-2025,IAEA,655596,Austria,
156246,Biodiversity Financing Lead Consultant,CAMILLE ANN BANN,01-Oct-2025,UNDP,10446978,Jordan,43513.00
150750,Development and Delivery of Information Dissemination and Capacity Building Courses for Participation in JETP Projects,CONG TY CO PHAN RCEE NIRAS,30-Sep-2025,UNDP,"10448994/UNDP-VNM-01676,1",Viet Nam,89117.84
150798,FOR SRI LANKA BIDDERS ONLY****** To contract a local company to implement a contemporaneous audio-visual link in 15 High Courts and associated Judicial Medical facilities as part of enhancing a child-,Anscom Limited,30-Sep-2025,UNICEF,UNGM-LRPS-2025-9199794,Sri Lanka,545812.82
152908,nvestment Advisory Initiative (IAI) and UNICEF Nutrition Finance,Alioune TRAORE,30-Sep-2025,UNCDF,50007496,Benin,44400.00
150748,Adjudicación SDC-013-2025,ASOCIACION TARJETA VERDE AC,29-Sep-2025,UNDP,UNDP-MEX-10055/UNDP-MEX-00497,Mexico,
150753,Civil Engineer – Provision of Oversight Services to the Rehabilitation of Containers,BOTHO KASHANDU INVESTMENTS (PTY) LTD,29-Sep-2025,UNDP,10446223/UNDP-SWZ-00189,Eswatini,2873.69
150757,UNDP-BRA-00950,JB PROPAGANDA E MARKETING LTDA,29-Sep-2025,UNDP,10449299/UNDP-BRA-00950,Brazil,41558.44
150709,Consultoría para la planificación y movilización de inversiones climáticas para su implementación en el período 2025-2030.,ASESORAMIENTO AMBIENTAL ESTRATEGICO (AAE) SRL,26-Sep-2025,UNDP,"10448041/UNDP-URY-00061,2",Uruguay,66561.55
152287,ITB- PRODUCCIÓN EVENTOS PARA PROGRAMA ORIGINARIAS REGIÓN DE TARAPACÁ,PLATAFORMA CHILE SA,26-Sep-2025,UN-Women,40090321/UNW-LAC-2025-00037,Chile,124359.34
150685,UNDP-BRA-00920,JB PROPAGANDA E MARKETING LTDA,25-Sep-2025,UNDP,10442342/UNDP-BRA-00920,Brazil,90125.08
151146,Request for Quotation (RFQ) Nº UNFPA/BKK/RFQ/25/003 - The provision of a Communications company to support Strategic communication on Prevention and the production of podcasts,"ERA Communications (Thailand) Co., LTD",25-Sep-2025,UNFPA,RFQ Nº: UNFPA/BKK/RFQ/25/003,Thailand,33010.00
150856,Extended - Request for Proposal - Development of the Myanmar Education Joint Response Framework (JRF) 2026–2028,Genesis Analytics Limited,24-Sep-2025,UNESCO,YGN/ED/SCG/RFP/2025/13,Myanmar,80200.00
152120,RFP 2025.11 Provision of Management Consulting Services.,DGDA Switzerland SARL,24-Sep-2025,WHO,UNITAID/P/0008624,Switzerland,188000.00
150636,Adjudicación PCI-044-2025 Consultor/a para coordinación del programa Sembrando Vida,FRANCISCO JAVIER TERRAZAS GONZALEZ,22-Sep-2025,UNDP,10444533/UNDP-MEX-00490,Mexico,19676.25
153115,Acordo de Longo Prazo (LTA) para Serviço de Propaganda e Publicidade Digital para a Compra de Mídia para Veiculação de Campanhas Publicitárias nos Canais Online e Análise de Resultados.,ID PUBLICIDADE E PROPAGANDA LTDA,22-Sep-2025,UNICEF,LRPS-2025-9197404,Brazil,
158049,Technical support to develop a Situational Analysis of Children’s Wellbeing and Costed Action Plan for selected local councils in Penang and Sabah for the Child-Friendly Cities Initiative (CFCI),Think City Sdn. Bhd.,22-Sep-2025,UNICEF,LRPS-2025-9196606,Malaysia,126000.00
150616,UNDP-BRA-00937,JB PROPAGANDA E MARKETING LTDA,19-Sep-2025,UNDP,10444641/UNDP-BRA-00937,Brazil,107112.19
150563,Consultancy services - midterm review,FINVALUE ADVISORS PRIVATE LIMITED,17-Sep-2025,UNCDF,50007424,Sierra Leone,40000.00
150567,Adjudicación SDP-008-2025,ESPACIOS NATURALES Y DESARROLLO SUSTENTABLE AC,17-Sep-2025,UNDP,10442508/UNDP-MEX-00451,Mexico,53431.63
150520,"RFP/070/2023/SEV - Procurement of Services for Decent Work Country Diagnostics (DWCDs) and Decent Work Country Programmes (DWCPs) for Belize, Barbados, and Guyana",Ergon Associates Limited,16-Sep-2025,ILO,rfx_368_HQ,Multiple destinations,
150511,"National Consultancy for MSME Sensitization, Onboarding, and Activation of the Eswatini MSME Registry Portal",DATAMATICS SWAZILAND PROPRITARY LIMITED,15-Sep-2025,UNDP,10440289/UNDP-SWZ-00184,Eswatini,43579.15
150529,Adjudicación del proceso PCI-043-2025  Consultor/a para vinculación académica México-España,LUIS FELIPE DE JESUS HUITRON GONZALEZ,15-Sep-2025,UNDP,10442499/UNDP-MEX-00487,Mexico,13045.80
158050,"Engagement of Integrated Communications & Public Relations Agency for Strategic Media, Stakeholder Engagement, and Advocacy Support of UNICEF Malaysia",EDELMAN PUBLIC RELATIONS WORLDWIDE SDN. BHD.,15-Sep-2025,UNICEF,LRPS-2025-9197386,Malaysia,72000.00
150496,"RFP/9/2024/JUG Evolutionary Maintenance, Infrastructure Support, and Helpdesk services of the ILO Quantitative Platform on Social Security (ILO/QPSS)",Grupo Asesor en Informática S.A.,13-Sep-2025,ILO,rfx_422_HQ,Switzerland,
150447,UNDP-AFG-00630,MOORE STEPHENS LTD   -To be merged **,12-Sep-2025,UNCDF,50007324,Afghanistan,37993.09
150459,IC Supporting tourism sector and e-commerce digital payments in the Cook Islands,Pavel Shust,12-Sep-2025,UNCDF,50007398,Fiji,27500.00
150462,Adjudicación del proceso PCI-042-2025 Consultor/a para capacitación en atracción de inversión extranjera,Yolanda Patricia Taracena Sanz,12-Sep-2025,UNDP,10440408/UNDP-MEX-00485,Mexico,22391.42
150494,"UNDP-BRA-00940,2",H&L PROMOCOES EVENTOS COMUNICACAO,12-Sep-2025,UNDP,"10441774/UNDP-BRA-00940,2",Brazil,24631.76
150495,UNDP-BRA-00730,OBJECTIVA COMUNICACAO LTDA,12-Sep-2025,UNDP,"10439741/UNDP-BRA-00730,1",Brazil,220214.20
150384,IC Technical Writer for Developing a Manual on Sustainable Finance Activities of Bangladesh Bank,WILLIAM PAUL FORSTER,11-Sep-2025,UNCDF,50007400,Bangladesh,6750.00
150398,Individual Consultant Outdoor Exhibition Designer,Laith Nayef Yaseen Altarawneh,11-Sep-2025,UNDP,10438594/UNDP-JOR-00535,Jordan,8757.06
150412,Cactus-National Consultant – Cactus Farming and Processing for Socio-Economic Development,Kamal Khairallah Abusalah,11-Sep-2025,UNDP,10434280/UNDP-JOR-00527,Jordan,15000.00
150431,LMF-TF Evaluation _ Team Leader,Xperts LLC,11-Sep-2025,UNCDF,50007202,United States of America,30915.00
150432,LMF-TF Evaluation _ Evaluation Expert 1,Xperts LLC,11-Sep-2025,UNCDF,50007201,United States of America,17550.00
150375,5NC- Technical consultant: Market Assessment for energy efficiency revolving fund for the sustainable cooling,Majdi Jamal Khayyat,10-Sep-2025,UNDP,10438647/UNDP-JOR-00528,Jordan,16500.00
150649,"External Evaluation of the second UNESCO project “Support for Ukraine in Culture and Education Through UNESCO""","PPMI Group, UAB",10-Sep-2025,UNESCO,RFP-UA-25-03,Ukraine,56950.00
152122,RFP 2025.12 Enabling Environment for Political Commitment and Financial Contributions to Unitaid (specific country of support: Spain),Fundación Salud por Derecho,10-Sep-2025,WHO,UNITAID/P/0008585,Switzerland,26000.00
150317,gender Analyst consultant,HALA YAHYA JAWDAT GHOSHEH,09-Sep-2025,UNDP,10436684/UNDP-JOR-00537,Jordan,18192.09
150348,Miamba Yetu Investment Specialist,Benjamin Midberry,09-Sep-2025,UNCDF,50006600,United States of America,57856.80
150349,LBN-CO-CFP-69-25,Lebanon Reforestation Initiative,09-Sep-2025,UNDP,"10436314/UNDP-LBN-00921,2",Lebanon,85035.00
150350,LBN-CO-IC-157-25,ELIAS SAMIH WEHBE,09-Sep-2025,UNDP,UNDP-LBN-10147,Lebanon,
150253,Value chain baseline analysis and needs assessment for setting adequate wages,GOPA AFC GmbH,07-Sep-2025,ILO,rfx_738_HQ,Multiple destinations,
150210,LMF-TF Evaluation,Xperts LLC,04-Sep-2025,UNCDF,50007330,United States of America,25515.00
150202,LBN-CO-IC-151-25,Ghassan Srour,03-Sep-2025,UNDP,10429921/UNDP-LBN-01056,Lebanon,48000.00
150118,"Consultancy for Optimising UNDP Jordan Country Office Functionality, Structure, and Sustainability",JOERG JOACHIM KUEHNEL,02-Sep-2025,UNDP,10433806,Jordan,22389.14
150030,"RFP/11/2025/GNC - Consulting Services for End of Term Evaluation (ETE) of the Strategy for Financial Literacy (SFL)-2019-2024 and Development of the Strategy for Financial Literacy (SFL)-2025-2029, Uganda",Precise Trends Research & Consulting Limited,01-Sep-2025,ILO,rfx_903_ROAF,Uganda,
150033,IC Identification of Nature-Based Solutions for PBCRG Schemes,Center for Environemntal and Geographic Information Services (CEGIS),01-Sep-2025,UNCDF,50007198,Bangladesh,26578.72
150041,Framework Agreement - Consultoría para la implementación de herramientas rápidas de diagnóstico y análisis planes de planificación,SUSTANTUM SL,01-Sep-2025,UNDP,UNDP-R46-10081,Panama,
150026,Feasibility Study on Waste Management Business in ASEAN,ECOPSIS,31-Aug-2025,UNCDF,"50007298/UNCDF-00277,3",Indonesia,51400.00
150016,Hiring a firm for research assignment on Decent Work and International Trade in Bangladesh,Cornell University,29-Aug-2025,ILO,rfx_935_ROAP,Bangladesh,
150024,Strategic Implementation and Training Firm for RCOC,PATHWAYS TECHNOLOGIES LIMITED,29-Aug-2025,UNDP,10434978/UNDP-KEN-00511,Kenya,83270.02
149976,"GPN IC for Technical and Financial Feasibility Study of the solid waste management businesses in Puerto Princesa, Philippines",BUSHRA FERDOUS KHAN,28-Aug-2025,UNCDF,50007305,Indonesia,21600.00
149997,STRATEGIC PLANNING AND PRIVATE SECTOR ENGAGEMENT,MARIO ALFONSO GARCIA SALAUES,28-Aug-2025,UNDP,10429257,Jordan,62880.00
149967,Salesforce platform development and support services,"NTT DATA Europe & Latam, Branch in USA, INC.",27-Aug-2025,UNCDF,"50007282/UNCDF-00425,1",United States of America,59684.00
155662,Request for Proposal - Strengthening Education Systems through Crisis-Sensitive Planning and M&E Using Class Map,MDF Asia Myanmar Limited,27-Aug-2025,UNESCO,YGN/ED/ESPIG/RFP/2025/07,Myanmar,69431.00
149929,National Institutional Expert on Climate Change and Governance,TRAN THI MINH HA[[035159012916]],26-Aug-2025,UNDP,10430011/UNDP-VNM-01576,Viet Nam,13891.90
149930,National Team Lead for developing the Climate Finance Strategy for NDC 3.0.,TRAN TOAN  THANG,26-Aug-2025,UNDP,10431262/UNDP-VNM-01573,Viet Nam,17530.44
149943,Provision of Consultancy Services of a Third-Party Monitoring Agent,VOLUNTAS ADVISORY ApS,26-Aug-2025,UNDP,"10429865/UNDP-LBN-00937,2",Lebanon,93245.00
149946,RFQ 565-2025 for procurement and installation of Agro-Photovoltaics & Irrigation Pumps for farmers in the Prespa Region,SIMT DOOEL Skopje,26-Aug-2025,UNDP,"10431318/UNDP-MKD-00565,2",North Macedonia,125521.28
149947,LBN/CO/RFP/111/25,GAUSS INTERNATIONAL CONSULTING S L,26-Aug-2025,UNDP,"10431950/UNDP-LBN-01026,1",Lebanon,145800.00
149948,"International Consultant for project design and implementation of the Circular Economy, Chemicals and Waste Portfolio.",INDRANIL SETH,26-Aug-2025,UNDP,10432995/UNDP-VNM-01585,Viet Nam,80000.00
149949,Award LTA for TPM services,Blumen Consulting,26-Aug-2025,UNDP,UNDP-YEM-10055,Yemen,
149925,LBN/CO/IC/110/25,Manal Bassil,25-Aug-2025,UNDP,"10430662/UNDP-LBN-01000,1",Lebanon,40600.00
150762,EXTENDED - Evaluation of the PhosAgro/UNESCO/IUPAC partnership in green chemistry 2013-2025,IINOMER,25-Aug-2025,UNESCO,RFP/SC/PBS/RIE/1,Multiple destinations,62134.50
150820,External Evaluation of the International Programme for the Development of Communication (IPDC) extension please refer to the procurement notice,Aleph Strategies Limited,25-Aug-2025,UNESCO,RFP/CI/FMD/IPDC/2025/01,France,72000.00
149912,WATER ASSESSMENT,Scale Consulting Engineering International Company,24-Aug-2025,UNDP,10430138,Libya,159000.00
149888,LMF-TF Evaluation,Xperts LLC,22-Aug-2025,UNCDF,50007199,United States of America,21465.00
149891,LMF-TF Evaluation,Xperts LLC,22-Aug-2025,UNCDF,50007200,United States of America,25515.00
149905,IC Technical and Financial Feasibility Study Yala,Hermès BOCO,22-Aug-2025,UNCDF,50007277,Indonesia,27000.00
149871,Individual National Gender Expert for Gender and SOGIE Training,Thomas Churchyard,21-Aug-2025,UNDP,10426395/UNDP-SWZ-00165,Eswatini,8364.93
149872,Negotiation UNDP-BRC-00120,"HELLO NEIGHBOR CO.,LTD",21-Aug-2025,UNCDF,50007230,Thailand,10981.09
149881,Framework Agreement - Consultoría para procesos de desarrollo territorial y/o desarrollo económico local,Julio Portieles,21-Aug-2025,UNDP,UNDP-R46-10080,Panama,
149886,Framework Agreement - Consultoría para procesos de desarrollo territorial y/o desarrollo económico local,Andrea Agostinucci,21-Aug-2025,UNDP,UNDP-R46-10079/UNDP-R46-00471,Panama,
149858,"Technical Assistance for Advancing Biomethane Policy, Regulation, and Sustainable Market Development in Serbia, as per negotiation UNDP-SRB-01045",Ernst & Young Consulting doo Beograd,20-Aug-2025,UNDP,10428711/UNDP-SRB-01045,"Serbia, Republic of",47000.00
151948,Production and broadcast of five video documentaries on routine childhood vaccines to increase public confidence and demand,Media Dialog S.R.L.,20-Aug-2025,UNICEF,9198883,"Moldova, Republic of",60668.00
149777,Multimedia Asset Production – WMO 75th Anniversary Communication,Rec Design LTDA,19-Aug-2025,WMO,RFQ 2525-25,Switzerland,
149831,UNDP-BRA-00892-2,GAUCHE PROMOCOES E EVENTOS LTDA,19-Aug-2025,UNDP,10428422/UNDP-BRA-00892-2,Brazil,20107.85
149846,Multimedia Asset Production – WMO 75th Anniversary Communication,Rec Design LTDA,19-Aug-2025,WMO,RFQ 2525-25,Switzerland,7762.56
149749,Trainer - Reef Check/ Eco Diver Program,Mohammed Mahmoud Abbas Kotb,18-Aug-2025,UNDP,10424679/UNDP-JOR-00516,Jordan,9000.00
149720,Branding for Badia Products Permeant Exhibition,RASHA ABDALLAH THALJI KHALIFEH,17-Aug-2025,UNDP,10426103/UNDP-JOR-00526,Jordan,31780.00
149716,IC Assessment of P2G to design & develop a pilot for PNG,Jagdeep Dahiya,16-Aug-2025,UNCDF,50007081,Papua New Guinea,35000.00
149710,"IC P2G Ministry of Transport Scoping and System Design, Cook Islands",CHUMAK YURII,15-Aug-2025,UNCDF,50007078,Fiji,11500.00
150861,RFP ED/PSD/GCP/25/012 - Development of a global mapping of core concepts related to SDG target 4.7 in national curricular documents,"The Research Foundation for The State University of New York, University at Albany",15-Aug-2025,UNESCO,RFP ED/PSD/GCP/25/012,Multiple destinations,149191.00
149679,RFP001-2025-EIIP Economic Impact Study,INFORMATION INTERNATIONAL SAL,14-Aug-2025,ILO,rfx_897_ROAS,Lebanon,
149680,RFP 001/25/Bouzour/Service provider assignment: agricultural services provision and workforce development.,Plant Lab,14-Aug-2025,ILO,rfx_954_ROAS,Lebanon,
149685,"RFP/9/2024/JUG Evolutionary Maintenance, Infrastructure Support, and Helpdesk services of the ILO Quantitative Platform on Social Security (ILO/QPSS)",Grupo Asesor en Informática S.A.,14-Aug-2025,ILO,rfx_422_HQ,Switzerland,
149692,"RFP for hiring a Service Provider to undertake the development of Upgradation, Maintenance of Recruiting Agencies Information Management System (RAIMS) and capacity building on RAIMS",Systech Digital Ltd.,14-Aug-2025,ILO,rfx_838_ROAP,Bangladesh,
149702,IC GPN Proposal and Research Consultant,Tahmina Islam Sadia,14-Aug-2025,UNCDF,50007207,Thailand,13200.00
149703,IC GPN Proposal/Prodoc Writer,Fernando Javier Anaya Amenabar,14-Aug-2025,UNCDF,50007208,Thailand,42300.00
149706,National Consultancy Firm To Empower MSMEs Transition to Low-Carbon Economy In Eswatini. (Renewable Energy and Energy Efficiency),BOTHO KASHANDU INVESTMENTS (PTY) LTD,14-Aug-2025,UNDP,10427486/UNDP-SWZ-00175-2,Eswatini,37440.94
152117,"Event Management Services to support organization of the EdCamp - 2025 ""Together for quality education: inclusion, safety and support"".",RS COMMUNICATIONS LTD,14-Aug-2025,UNICEF,9199132,Multiple destinations,
149662,UNDP-BRC-00120 (RFQ/2024/10),"HELLO NEIGHBOR CO.,LTD",13-Aug-2025,UNCDF,UNCDF-HQ-10271,United States of America,
149673,Individual National Consultant to Design a National Biodiversity Finance Plan; (Environmental Policy Specialist),Thabiso Nsibande,13-Aug-2025,UNDP,10427487/UNDP-SWZ-00176,Eswatini,30281.06
149648,National e-KYC and Digital Identity Consultant,Kilyelyani Kanjo,12-Aug-2025,UNCDF,"50007032/UNCDF-00302,1",United States of America,18896.93
149613,LBN-CO-IC-129-25,Stern Mwakalimi Kita,08-Aug-2025,UNDP,10424590/UNDP-LBN-00970-2,Lebanon,16000.00
149642,RFP 2025.07 Provision of Management Review and Consulting Services,Deloitte Consulting AG,08-Aug-2025,WHO,UNITAID/P/0008487,Switzerland,150000.00
149643,RFP 2025.08 Support Unitaid’s Engagement with the European Commission and other Institutional Donors.,FM Advisors Sarl,08-Aug-2025,WHO,UNITAID/P/0008517,Switzerland,144000.00
151782,Evaluación de las Oficinas Locales de la Niñez,Pontificia Universidad Católica de Chile,08-Aug-2025,UNICEF,CLE 72-2025,Chile,
149582,"Final Evaluation, Kibira Peace Sanctuary",MBM CONSULTING,07-Aug-2025,UNCDF,50007140,United States of America,39000.00
149583,LBN-CO-IC-150-25,Georges Habib Mitri,07-Aug-2025,UNDP,10423519/UNDP-LBN-01055,Lebanon,18200.00
149589,2nd req- BioFin- IC Biodiversity Finance Mapping and Expenditure Review Consultant,OSAMA MOHAMMAD ABDEL LATIF ALKHALDI,07-Aug-2025,UNDP,10418987,Jordan,14406.78
149590,"support the development of Sustainable Financing Mechanisms for Coral Reef Conservation and Management in Aqaba, Jordan.",James Anthony Tolisano,07-Aug-2025,UNDP,10420885,Jordan,58300.00
149594,UNDP-BRA-00820,PORTOS INFORMATICA LTDA,07-Aug-2025,UNDP,UNDP-BRA-10106,Brazil,
149600,"UNDP-BRA-00883,1",JB PROPAGANDA E MARKETING LTDA,07-Aug-2025,UNDP,"10424807/UNDP-BRA-00883,1",Brazil,11420.85
149661,Mapping of selected automotive industry sub-sectors and value chains for circular economy pilot identification in Egypt,ACUMEN CONSULT FOR CONSULTING LTD,07-Aug-2025,UNIDO,7000007676,Multiple destinations,39721.33
149570,UNDP-BRA-00881,JB PROPAGANDA E MARKETING LTDA,06-Aug-2025,UNDP,10423751/UNDP-BRA-00881,Brazil,18210.43
150553,Acuerdo a largo plazo (LTA) para empresas que presten servicios de producción y organización logística de eventos institucionales,Zigo Hoteles ZIGOHOTELES S.A.Eventec S.A.S.LIVE MARKETING ASOCIADOS CIA LTDA.SIDARTHA COMUNICACIÓN S.A.,06-Aug-2025,UNICEF,LRPS 2025 – 9196571,Ecuador,
149541,Climate Change Specialist - NDC Assessment,Eduardo Santos,05-Aug-2025,UNDP,10421384/UNDP-CPV-00106,Cape Verde,36000.00
149515,National Individual Consultancy Services for the Development of an Intergrated AFA and EHIS Digital Application System,Kunal Taank,04-Aug-2025,UNDP,10422422/UNDP-SWZ-00178,Eswatini,36438.59
149521,UNDP-BRA-00887,JB PROPAGANDA E MARKETING LTDA,04-Aug-2025,UNDP,10423588/UNDP-BRA-00887,Brazil,70759.43
156680,"Call for External Collaborator – National Consultant to Develop an Institutional Policy on Preventing Violence and Harassment in the World of Work in Amman, Jordan",Mai Odeh Eleimat,03-Aug-2025,ILO,rfx_1466_ROAS,Jordan,
149489,LBN-CO-IC-25-333-Haytham Yassine-LTA Senior Corruption Risk Management Consultant,Haytham Yassine,01-Aug-2025,UNDP,UNDP-LBN-10137/UNDP-LBN-01008,Lebanon,
149501,International Individual Consultant for Resource Mobilization Expert – Operationalization of the Development Cooperation Policy (DCP),Philantropia Inc,01-Aug-2025,UNDP,10421776/UNDP-SWZ-00166,Eswatini,36063.26
149633,Formative evaluation of climate and disaster-resilient WASH programming in UNICEF Pacific,The Universalia Management Group Limited,01-Aug-2025,UNICEF,LRPS-2025-9197314,Multiple destinations,
149670,RFP 2025.04 LTAs for Services to support Capacity Assessment of Unitaid’s Pre-Grantees (General Capacity Assessment and/or Focused Capacity Assessment on Human Subject Research),DT Global Inc.KPMG ASSwiss Tropical Public Health Insititute (Swiss TPH)Tropical Health LLP,01-Aug-2025,WHO,UNITAID/P/0008425,Switzerland,
149441,"Business Process Re-engineering, Digital Transformation and IT System Development",SoftMax,31-Jul-2025,ILO,rfx_886_HQ,Iraq,
149444,LBN/CO/IC/127/25,Nada Kassem Makki,31-Jul-2025,UNDP,10421217/UNDP-LBN-01017,Lebanon,24000.00
149450,LBN-CO-IC-109-25,Monawwar Walid Haddad,31-Jul-2025,UNDP,10421420/UNDP-LBN-00999,Lebanon,8000.00
150874,Formative evaluation of climate and disaster-resilient WASH programming in UNICEF Pacific,The Universalia Management Group Limited,31-Jul-2025,UNICEF,LRPS-2025-9197314,Multiple destinations,
149436,IC for Aqaba Ecotourism Plan Update and Pilot Action Design,Nizar Al-Adarbeh,30-Jul-2025,UNDP,10420740/UNDP-JOR-00511,Jordan,42584.75
149437,UNDP-BRA-00877,JB PROPAGANDA E MARKETING LTDA,30-Jul-2025,UNDP,10422136/UNDP-BRA-00877,Brazil,21815.64
149405,Final Evaluation of UNCDF's YouthStart Expansion Programme,M-CRIL Limited,29-Jul-2025,UNCDF,50007065,United States of America,88720.00
149407,"59.030,00 USD",UAB Civitta,29-Jul-2025,UNDP,10419189/UNDP-MDA-00663,"Moldova, Republic of",59030.00
149385,Inclusive Digital Economies Advisor for Asia and the Pacific,DANIELLE MATTA HOPKINS,28-Jul-2025,UNCDF,50006832/UNCDF-00353,Fiji,87500.00
151778,Evaluación del Servicio Nacional de Protección Especializada a la Niñez y Adolescencia,Universidad de Chile,28-Jul-2025,UNICEF,RFPS CLE 40-2025,Chile,
152116,Event Management Support for Organizing the 'Mentoring with Vision' Summer Camp for Institutional Mentors,Intart Design SRL,28-Jul-2025,UNICEF,9198740,"Moldova, Republic of",
149362,Improving Local Development to Increase the Resilience of Host Communities and Refugees in North Jordan” Programme (LED),Omar Mohammad Nazzal Armouti,27-Jul-2025,UNDP,"10406020/UNDP-JOR-00482,1",Jordan,84499.15
149365,Project Technical Support Consultant,Jagdeep Dahiya,27-Jul-2025,UNCDF,"50007012/UNCDF-00305,2",Fiji,45000.00
149366,IRFF- Module 3- Individual Contractor Consultancy to Support to the Delivery of Training on Inclusive Insurance in Jordan,BALACHANDRAN M K,27-Jul-2025,UNDP,10420572,Jordan,7398.00
149360,"RFP/69/2023/JUG Provision of IT business and technical consultants to support, develop and implement enterprise solutions, custom-built applications and IT infrastructure",Zensar Technologies (UK) Limited,26-Jul-2025,ILO,rfx_364_HQ,Switzerland,
149352,IC.2025-07-19,PHAM THI THANH MAI[[ID 031171000900]],25-Jul-2025,UNDP,10419538/UNDP-VNM-01508,Viet Nam,2529.12
149356,"Research and analysis on the business viability of energy plantations, exploration of high value-added forest plantations",(R) AO Centrul de Politici si Reforme,25-Jul-2025,UNDP,10418394/UNDP-MDA-00678,"Moldova, Republic of",34370.18
149331,assess coral growth and other sessile organisms on the floating port (barge) in the old port,Fuad Ahmed Mejalli Al-Horani,24-Jul-2025,UNDP,10418381/UNDP-JOR-00468,Jordan,13700.56
153112,Contrato Institucional para prestação de Serviço de Assistência Técnica Especializada no Cumprimento de Medidas Socioeducativas,Vidya Serviços de Comunicação LTDA,24-Jul-2025,UNICEF,LRPS-2025-9196773,Brazil,
149312,Preparation of  Preliminary Programme - Duboko,ENERGOPROJEKT URBANIZAM I ARHITEKTURA,23-Jul-2025,UNDP,10416542/UNDP-SRB-01016,"Serbia, Republic of",66250.00
152114,Event management support in organizing of initial trainings for 80 institutional mentors from institutions with Russian language of instruction,RS COMMUNICATIONS LTD,23-Jul-2025,UNICEF,9198619,"Moldova, Republic of",
149288,UNDP-PAN-00394,"NTT Data Europe & Latam, Branch in USA",22-Jul-2025,UNDP,10415384/UNDP-PAN-00394,Panama,314061.87
149293,Moderator for the National Dialogue on Biodiversity Finance in Jordan,Bassam Ossama Hayek,22-Jul-2025,UNDP,10414814/UNDP-JOR-00486,Jordan,18000.00
149244,Consultant to assess climate risk insurance for fisheries and tourism sectors,RISK SHIELD CONSULTANTS LIMITED,21-Jul-2025,UNCDF,50007002/UNCDF-00304,Fiji,54000.00
149273,Consultancy services to conduct an assessment of the Retail Payments ecosystem in Sierra Leone,Brian Kimathi Githachuri,21-Jul-2025,UNCDF,50007027,Sierra Leone,49000.00
149274,UNDP-PAN-00394,CENTER FOR CLEAN AIR POLICY,21-Jul-2025,UNDP,10415383/UNDP-PAN-00394,Panama,357550.00
149275,"Thematic Opinion Poll and Sociological Study ""Public Opinion Barometer in the Field of Green Transition""",(R) CBS RESEARCH SRL,21-Jul-2025,UNDP,10416903/UNDP-MDA-00661,"Moldova, Republic of",30556.21
149401,Provision of Services for WIS 2.0 (WIS2) Test Infrastructure,Synoptic Data PBC,21-Jul-2025,WMO,RFP 2516-25,Switzerland,
149221,Development and implementation of an organizational development programme for Model Schools,Tallinn University,18-Jul-2025,UNDP,"10416135/UNDP-MDA-00685,1","Moldova, Republic of",86856.36
149234,Independent Assessor for the Salone Access to Finance Matching Grant Facility,ECOFORGE ADVISORS PRIVATE LIMITED,18-Jul-2025,UNCDF,50007018,Sierra Leone,85200.00
149326,Provision of Services for WIS 2.0 (WIS2) Test Infrastructure,Synoptic Data PBC,18-Jul-2025,WMO,RFP 2516-25,Switzerland,
149201,Adjudicación del proceso PCI-030-2025,Víctor Aramburu Cano,17-Jul-2025,UNDP,10415947/UNDP-MEX-00453,Mexico,6413.68
149202,Award: Feasibility Study for Banyuwangi city,CAGAR BENTARA SAKTI PT,17-Jul-2025,UNCDF,"50007005/UNCDF-00331,1",Indonesia,20051.00
149207,Climate Risk Insurance Consultant,Mayank Dubey,17-Jul-2025,UNCDF,"50006997/UNCDF-00303,1",Fiji,65650.00
149181,Procurement of Professional Events Management Services in Jordan,AL SHAKER BUSINESS DEVELOPMENT,16-Jul-2025,UNDP,UNDP-JOR-10069,Jordan,
149182,Professional Events Management Services in Jordan,Treasury fo Conferences equipment,16-Jul-2025,UNDP,UNDP-JOR-10070,Jordan,
149186,Expert energy access strategy and results,SIRE ABDOUL DIALLO,16-Jul-2025,UNCDF,50006995,"Congo, The Democratic Republic of the",6000.00
149189,International Consultant to support the CCE Unit with project formulation and NDC Development,MORGANE RIVOAL,16-Jul-2025,UNDP,10415471/UNDP-VNM-01511,Viet Nam,12400.00
149199,International Junior Climate Policy Consultant,Madelyn Rawlyk,16-Jul-2025,UNDP,10415527/UNDP-VNM-01501,Viet Nam,31880.00
149153,"Long-Term Agreement (LTA) for Internet Services for UN Agencies in Fiji, Vanuatu, Solomon Island, Kiribati (Tarawa & Kiritimati), Samoa, Federated States of Micronesia and Tonga for 5 years",Vodafone KiribatiDIGICEL FIJIVodafone Fiji LimitedTELECOM FIJI LIMITEDSATSOL Limitedvodafone Vanuatu,15-Jul-2025,UNICEF,LRPS-2025-9196071,Multiple destinations,
149155,"Long-Term Agreement (LTA) for Internet Services for UN Agencies in Fiji, Vanuatu, Solomon Island, Kiribati (Tarawa & Kiritimati), Samoa, Federated States of Micronesia and Tonga for 5 years",Vodafone Fiji LimitedTELECOM FIJI LIMITEDDIGICEL FIJIVodafone KiribatiSATSOL Limitedvodafone Vanuatu,15-Jul-2025,UNICEF,LRPS-2025-9196071,Multiple destinations,
149174,UNDP-BRA-00763 Consultoria para para apoio nas ações de comunicação para o Projeto Floresta+ Amazônia.,AMPLA SERVICOS DE PROPAGANDA E PUBLICIDADE LTDA,15-Jul-2025,UNDP,"10414702/UNDP-BRA-00763,2",Brazil,64329.69
149855,SUPPLY/PROVISION OF LOGISTICS AND EVENT MANAGEMENT TO UN ARMENIA,''Armenia Travel+M'' LLCDeem CommunicationsMARSER LLCTraveler Club LLCTOUR ADVICELLC,15-Jul-2025,UNFPA,UNFPA/USA/RFP/24/029,Armenia,
151779,Desarrollo de contenidos de alimentación saludable y sostenible para profesionales del sector educación y material para familias y comunidades educativas.,"Universidad de Chile, Facultad de Ciencias Químicas y Farmacéuticas",15-Jul-2025,UNICEF,RFPS CLE 50-2025,Chile,
149140,UNDP-BRA-00712 Implantação do ChatBot Mauá na Ouvidoria do MMA,FIRST DECISION TECNOLOGIAS INOVADORAS E INFORMATICA LTDA,14-Jul-2025,UNDP,"10414212/UNDP-BRA-00712,1",Brazil,80007.26
149082,LBN/CO/RFP/72/25,Bureau Technique pour le Developement,11-Jul-2025,UNDP,"10412696/UNDP-LBN-00923,1",Lebanon,134421.00
149050,National Consultant to provide Coordination and Event organization support in Vitalizing Viet Nam National Innovation Center (NIC),HOANG TRIEU THANH HANG,10-Jul-2025,UNDP,10413166/UNDP-VNM-01540,Viet Nam,16105.28
149064,support the development of project concept note for the Green Climate Fund (GCF) – Early Warnings for All Initiative,James Anthony Tolisano,10-Jul-2025,UNDP,10406715,Jordan,58300.00
149072,UNDP-BRA-00822,Webcore Interactive Consultoria em Tecnologia da Informacao LTDA,10-Jul-2025,UNDP,10411782/UNDP-BRA-00822,United States of America,17915.46
149073,"Consultant for the Implementation of The Eswatini's Local Market Access Certification Scheme ""INGELO""",Tony Sibusiso Maseko,10-Jul-2025,UNDP,10413240/UNDP-SWZ-00164,Eswatini,27091.09
149048,IC 00544-2025 -Project Consultant for Green Finance Facility (GFF) – Outcome 2,PRIMEPOINT DOO SKOPJE,09-Jul-2025,UNDP,10412344,North Macedonia,45832.13
149256,"Recrutement d’une entreprise pour la réalisation des travaux de réhabilitation Eau, Hygiène et assainissement (WASH) dans le centre Jdaria à Zarzis",STE de batiment du nord,09-Jul-2025,UNICEF,LRPS-2025-9197274,Tunisia,46255.00
148953,LBN/CO/RFP/46/25,ELARD,08-Jul-2025,UNDP,"10410661/UNDP-LBN-00886,3",Lebanon,296019.24
148927,Creative Confidence Trainer,Raid Tareq Mohammad Ibrahim,07-Jul-2025,UNDP,10395051/UNDP-JOR-00481,Jordan,8000.00
148940,Develop provincial-level climate change adaptation strategies in Solomon Islands,DEGE CONSULT APS,07-Jul-2025,UNCDF,50006917/UNCDF-00320,Solomon Islands,125585.00
158046,Social media campaign - child rights in Malaysia,ENZEE INTEGRATED SDN BHD,07-Jul-2025,UNICEF,LRPS-2025-9196184,Malaysia,27700.00
148879,IC 00545-2025 -Energy Consultant for Green Finance Facility (GFF) – Outcome 2,Nikola Barsov,04-Jul-2025,UNDP,"10411267/UNDP-MKD-00545,1",North Macedonia,22916.06
148886,UNDP-BRA-00844,JB PROPAGANDA E MARKETING LTDA,04-Jul-2025,UNDP,10411793/UNDP-BRA-00844,Brazil,11906.66
148858,National Consultant – NBSAP Financial Needs Assessment (FNA) of Jordan,Rami Ahmad Qasem Hussein,03-Jul-2025,UNDP,10409752,Jordan,19209.04
148860,Consultant for supporting insurance guarantee and premium financing facility,Premasis Mukherjee[[71344889]],03-Jul-2025,UNCDF,50006800,United States of America,60000.00
148862,Project Development Specialist/Food systems,YEKBUN DERSIM GURGOZ,03-Jul-2025,UNCDF,50006905,Madagascar,57600.00
149214,Evaluation of IOM Commitments on Protection.,AGULHAS APPLIED KNOWLEDGE LIMITED,03-Jul-2025,IOM,30000005528,Switzerland,55660.00
148848,UNDP-BRA-00842,JB PROPAGANDA E MARKETING LTDA,02-Jul-2025,UNDP,10410850/UNDP-BRA-00842,Brazil,147300.66
148812,Adjudicación del proceso PCI-032-2025,HUMBERTO JAVIER ROMERO GUDINO,01-Jul-2025,UNDP,10409590/UNDP-MEX-00455,Mexico,37686.33
148813,UNDP-BRA-00841,H&L PROMOCOES EVENTOS COMUNICACAO,01-Jul-2025,UNDP,10410202/UNDP-BRA-00841,Brazil,9835.81
149206,Human Resources Survey Tool,Lucca Software Sàrl,01-Jul-2025,WMO,RFQ 2518-25,Switzerland,
148765,Provision of the development of data governance framework under the digital agricultural transformation joint programme for Tanzania,ASIGMA CAPITAL ADVISORY SERVICES LIMITED,27-Jun-2025,IFAD,IFAD/2025/004/RFP,"Tanzania, United Republic of",96000.00
152310,Request for Quotation for the Provision of Project Management Training PRINCE2 Agile Foundation and Foundation & Practitioner,The Knowledge Academy Limited,27-Jun-2025,ITU,RFQ-S-HRMD-2025-041,Switzerland,49260.00
148715,Technical Assistance to the Implementation of Pakistan’s National Action Plan,RSIL Legal Services LLP.,26-Jun-2025,UNDP,10406114/UNDP-PAK-01091,Pakistan,206733.56
148728,"RFP/69/2023/JUG Provision of IT business and technical consultants to support, develop and implement enterprise solutions, custom-built applications and IT infrastructure",Zensar Technologies (UK) Limited,26-Jun-2025,ILO,rfx_364_HQ,Switzerland,
148730,National Anti-Corruption Policy Development Consultant,Gcebekile Tikhokhile Dlamini,26-Jun-2025,UNDP,10408020/UNDP-SWZ-00162,Eswatini,11028.40
148731,Strategic Framework Writer,Christina Wolson,26-Jun-2025,UNCDF,50006904,United States of America,31034.41
148677,LBN/CO/RFP/33/25,ELARD,24-Jun-2025,UNDP,"10404178/UNDP-LBN-00872,2",Lebanon,228715.50
148679,National consultant 2 – Traceability system developer - iLandscape project,TRAN VAN HAI[[036096011611]],24-Jun-2025,UNDP,10406085/UNDP-VNM-01481,Viet Nam,11106.36
148680,National PCB Data Compilation Specialist,Thabile Ndlovu,24-Jun-2025,UNDP,10406472/UNDP-SWZ-00170,Eswatini,5081.30
148695,Avaliação de meio termo do Programa Justiça 4.0,Instituto Publix,24-Jun-2025,UNDP,"10406383/UNDP-BRA-00734,1",Brazil,58785.37
148663,communication and partnership coordinator consultant,Yassir Bayoumi,23-Jun-2025,UNDP,10404179/UNDP-JOR-00508,Jordan,31779.66
148674,IC to Conduct an Analysis and Develop a Roadmap to Mainstream Disaster Risk Reduction (DRR) into three national strategies,Faisal Hashem Mohammad Nour Alquran,23-Jun-2025,UNDP,10404422/UNDP-JOR-00480,Jordan,27000.00
151780,Cotización de uniformes,MW2 Chile Marketing,23-Jun-2025,UNICEF,CLE 58-2025,Chile,
151781,Cotización Artículos Institucionales (Merchandasing),MW2 Chile MarketingComercial Partner SPA,23-Jun-2025,UNICEF,CLE 57–2025,Chile,
148646,Individual Consultant - FS for Kuantan City,Shana Yong Wee Shien,21-Jun-2025,UNCDF,50006876/UNCDF-00245,Indonesia,30000.00
148636,National Financial Inclusion Strategy (NFIS) Consultant,BHAVANA SRIVASTAVA,20-Jun-2025,UNCDF,50006717,Fiji,46556.00
148640,IC - Copyeditor,Marnie McDonald,20-Jun-2025,UNCDF,50006877/UNCDF-00339,Indonesia,2660.00
148645,Administration and Management of Human Resources for Harm Reduction Services in Prisons across Iran,Hizha Teb Hamyar,20-Jun-2025,UNDP,10405811,"Iran, Islamic Republic of",207924.18
148624,"Adjudicación del proceso PCI-015-2025 ""Servicios de consultoría para realizar la Evaluación Final del Proyecto (Consultor/a nacional)""",KARLA JOANA LÓPEZ NAVA,19-Jun-2025,UNDP,"10404596/UNDP-MEX-00427,1",Mexico,15768.18
148629,Chemical Engineer for the Evaluation of Pretreatment Methods for Olive Oil Mill Solid Waste and Wastewaters (Olive Oil Mill Effluent (OME)),Osama I Dahnous,19-Jun-2025,UNDP,10401135/UNDP-JOR-00487,Jordan,9992.18
148595,Impact Management and Measurement (IMM)-Consultant,Alan Mitchell Fox,18-Jun-2025,UNCDF,50006807,United States of America,67500.00
148608,Technical Expert and Quality Assurance Expert,Dmitry Pozhidaev,18-Jun-2025,UNCDF,50006726,United States of America,10500.00
148609,Adjudicación del proceso PCI-016-2025,DELLAVEDOVA MARTIN,18-Jun-2025,UNDP,10404568/UNDP-MEX-00428,Mexico,28270.00
152150,architectural design and direction of works for the Library renovation,MADS & ASSOCIATI,18-Jun-2025,ICTP,25_01_RFP_LIBRARY_RENO,Italy,
148566,LBN/CO/IC/78/25,Ali Hamdar,17-Jun-2025,UNDP,10402967/UNDP-LBN-00939,Lebanon,15000.00
148537,Service provider for GFCR PSEAH micro-assessment and assurance activities,Lochan & Co,16-Jun-2025,UNCDF,"50006766/UNCDF-00323,1",United States of America,13110.00
148541,"Individual Consultant to help in the design, establishment, and operational rollout of the Center for Sustainable Blue Economy Innovation in Aqaba.",MUHAMMED TAHER ZOHDI ASFOUR,16-Jun-2025,UNDP,10401638,Jordan,24858.76
148543,UNDP-BRA-00829,JB PROPAGANDA E MARKETING EIRELI,16-Jun-2025,UNDP,10403274,Brazil,142240.04
148546,Appui au renforcement des capacités et du rôle des femmes et des jeunes filles,Calex Brice Bérenger MONE,16-Jun-2025,UNCDF,50006824,Burkina Faso,20979.48
148623,Evaluation of IOM Localization Agenda and effectiveness of Rapid Response Fund,Cabal Group,16-Jun-2025,IOM,30000005521,Switzerland,54000.00
151940,Development of the National Water Supply and Sanitation Sector Development Program for the period 2026-2030.,"Consulting and Development Group ""Europolis International"" LTD",16-Jun-2025,UNICEF,9197074,"Moldova, Republic of",63925.00
155297,Human Resources Consultant,Aneka Flamm,16-Jun-2025,UNCDF,50006822,United States of America,134496.86
148529,Independent Assessor for Performance Based Payment Agreement in Solomon Islands,PWB Consult,14-Jun-2025,UNCDF,50006799,United States of America,26600.00
148528,Skill gap analysis,MIDE Development Limited,13-Jun-2025,UNCDF,"50006681/UNCDF-00212,2",Ghana,52635.00
152127,RFP 2025.05 Landscape report on key market and health system barriers and proven innovative solutions in optimizing procurement and delivery for maternal and newborn health (MNH) products.,Enlumen LLC,13-Jun-2025,WHO,UNITAID/P/0008483,Switzerland,64848.00
148503,Technical report on Vietnam’s blue carbon potential with a focus on seagrass,CAO VAN LUONG[[034084015471]],12-Jun-2025,UNDP,10400944/UNDP-VNM-01488,Viet Nam,9799.65
148505,LBN-CO-CFP-204-24,Transparency International - Lebanon,12-Jun-2025,UNDP,10399808/UNDP-LBN-00798,Lebanon,349065.89
148517,Result Based Management Strategic Framework Consultant,MAYA GIORBELIDZE,12-Jun-2025,UNCDF,50006727,United States of America,65000.00
149389,Consultation pour la conception d'une note de cadrage pour l'élaboration de la Politique nationale du dispositif de la Deuxième chance,AMC ERNST & YOUNG,12-Jun-2025,UNICEF,lrps-25-9196539,Tunisia,12800.00
148494,LBN/CO/RFP/56/25,AETHER LIMITED,11-Jun-2025,UNDP,"10397923/UNDP-LBN-00902,3",Lebanon,95975.00
148497,LBN-CO-RFP-12-25 Development of LARI National Seed Production Strategy,PROFESSIONAL FINANCIAL CONSULTANCY - PFC SARL,11-Jun-2025,UNDP,10400616/UNDP-LBN-00821,Lebanon,55472.25
153106,Contrato Institucional para Serviços de Engenharia para Obras de Reforma no Escritório do UNICEF em Manaus (AM),NAY CAMISETERIA EIRELI ME,11-Jun-2025,UNICEF,LRPS-2025-9198088,Brazil,
148465,LBN/CO/IC/82/25,Naila Ali Nahle,10-Jun-2025,UNDP,10397483/UNDP-LBN-00944,Lebanon,8000.00
148469,LBN/CO/IC/82/25,Fidaa Ahmad Abdelfattah,10-Jun-2025,UNDP,10397484/UNDP-LBN-00944,Lebanon,8000.00
148449,IC- Project Administration Support Consultant  LOCAL,VARISARA ANANSIRIBOVORN,08-Jun-2025,UNCDF,50006767,United States of America,22500.00
148427,Supply and installation of Turnkey Solar Systems in Syunik and Tavush Marzes of Armenia,Freenergy LLC,05-Jun-2025,UNDP,"10397588/UNDP-ARM-00666,1",Armenia,113060.00
148389,Strategic Engagement Consultant (CANADA),Diana Smallridge,04-Jun-2025,UNCDF,50006660,United States of America,70000.00
148390,Design  Services,RAZAN MUNIR ABDELRAHIM ALSHAIKH ABDALLAH,04-Jun-2025,UNDP,10397507/UNDP-JOR-00474,Jordan,7611.58
148401,"Individual Consultant for the documentation of the traditional Jordanian embroidery, crafts and garments",Fatima Abbadi,04-Jun-2025,UNDP,10389824/UNDP-JOR-00471,Jordan,25573.02
149646,Design & Delivery of Bespoke Skills Training to Increase Fundraising Capacity in UNICEF,Initiate Sarl,04-Jun-2025,UNICEF,UNICEF-PFP-RFPS-503790,Switzerland,
148372,A national firm for conducting the,CTCP Quan ly POA Carbon Viet Nam,03-Jun-2025,UNDP,10397824/UNDP-VNM-01474,Viet Nam,39765.16
148377,"National consultant on macadamia production, EU iLandscape",LE SY DOANH[[030084000213]],03-Jun-2025,UNDP,10397830/UNDP-VNM-01473,Viet Nam,14718.11
148384,LBN/CO/IC/48/25,Eliane Elias Mouawad,03-Jun-2025,UNDP,"10394556/UNDP-LBN-00885,1",Lebanon,10800.00
148248,National Consultant to develop Human Security Roadmap,Wissam Adnan George Rabadi,01-Jun-2025,UNDP,10393226/UNDP-JOR-00470,Jordan,19950.00
148241,LBN/CO/IC/59/25,Chady Joseph Abou Jaoude,30-May-2025,UNDP,10395493/UNDP-LBN-00934,Lebanon,30400.00
148244,LBN-CO- IC-65-25,Joseph Tannous Mikhael,30-May-2025,UNDP,UNDP-LBN-10129/UNDP-LBN-00925,Lebanon,
148229,UNDP-BRA-00807,JB PROPAGANDA E MARKETING EIRELI,29-May-2025,UNDP,"10395814/UNDP-BRA-00807,1",Brazil,18988.47
148236,"Adjudicación del proceso PCI-025-2025  Consultor/a para “UNAM Acción Migrante""",Sergio Andres Mariscal Ortega,29-May-2025,UNDP,10395876/UNDP-MEX-00445,Mexico,79589.56
148216,NATIONAL CONSULTANT FOR A GENDER AND STAKEHOLDER ENGAGEMENT SPECIALIST,Thomas Churchyard,28-May-2025,UNDP,10395019/UNDP-SWZ-00155-3,Eswatini,12350.04
158045,Children4Change – Youth Blogging Workshops,Protege Advisory Sdn Bhd,28-May-2025,UNICEF,LRPS-2025-9196002,Malaysia,23300.00
148188,Assessment of government to person payments (G2P) to design and develop a pilot for Samoa,Prince Kolose Suhren,27-May-2025,UNCDF,"50006697/UNCDF-00209,2",Fiji,35000.00
152113,Event Management Services to support in the organization of a 4-days training in Moldova (9-12 June 2025),Intart Design SRL,27-May-2025,UNICEF,9197374,"Moldova, Republic of",
148141,Adjudicación del proceso PCI-021-2025,OMAR AUGUSTO GUERRERO GARCIA,23-May-2025,UNDP,10385539/UNDP-MEX-00436,Mexico,25000.00
148029,IC- PET-Solid Waste Management Specialist,Ammar Mahmoud Ahmad  Abu Drais,22-May-2025,UNDP,10388977/UNDP-JOR-00473,Jordan,57909.60
148032,International expert on ETS System,Triple Bottom Line Ltd,22-May-2025,UNDP,10393077,Viet Nam,49500.00
148041,Maintenance and Troubleshooting of the EYEP Portal,MHLONGO MUZI,22-May-2025,UNDP,10392435/UNDP-SWZ-00158,Eswatini,2442.86
148130,Adjudicación: PCI-022-2025,JOAQUIN RAFAEL PRESTOL FLAQUER,22-May-2025,UNDP,10392249/UNDP-MEX-00438,Mexico,10215.05
149446,Review of the translation technology ecosystem at WIPO,"Intento, Inc.",22-May-2025,WIPO,IPS_GDD/2024/1216/RFP,Switzerland,
148024,Rehabilitation Works of Augusta Victoria Hospital Kidney and Endoscopy units,AlKanar Contracting Compnay,21-May-2025,UNDP,"10389965/UNDP-PAL-00320,2","Palestine, State of",1161225.00
148025,"Adjudicación del proceso PCI-024 ""Consultor/a Especialista en Gestión Administrativa con enfoque de cooperación internacional""",Mario TALAVERA ZAMORANO[[71434975]],21-May-2025,UNDP,10392141/UNDP-MEX-00443,Mexico,11047.62
147995,IRFF- Individual Contractor Consultancy to Support to the Delivery of Training on Inclusive Insurance in Jordan,BALACHANDRAN M K,20-May-2025,UNDP,10391263,Jordan,7399.00
148001,UNDP-ECU-00610 - Servicios de consultoría para la Evaluación final del Proyecto,FORUMCONSULTOR CIA. LTDA.,20-May-2025,UNDP,"10386554/UNDP-ECU-00610,3",Ecuador,77625.00
147992,RFP 530 -2025,IDEA Plus 360° Communications,19-May-2025,UNDP,"10389945/UNDP-MKD-00530,2",North Macedonia,143295.59
147952,Development of the specification of the  system architecture,Nortal AS,15-May-2025,UNDP,"10384673/UNDP-MNE-00531,1",Montenegro,113648.80
151777,Servicios de fundraising para la aceleración y cierre de alianzas de movilización de fondos,Producciones Ideas Verdes SpA,14-May-2025,UNICEF,RFPS CLE 11-2025,Chile,
147916,Develop the Inclusivity Technical Report for informing NDC 3.0 revision,Rex Brown,13-May-2025,UNDP,10384499/UNDP-SWZ-00150,Eswatini,8744.47
147917,Development of a Mitigation Sector Roadmap for Informing NDC 3.0 Revision.,Centre for Sustainable Energy Research,13-May-2025,UNDP,10385677/UNDP-SWZ-00151,Eswatini,46637.16
147919,"MCC- IC Access to markets, E-commerce and marketing consultant",Muasaset Alqadeem Aljadeed lel Decor,13-May-2025,UNDP,10388015/UNDP-JOR-00462,Jordan,5000.00
147929,Estudos socioeconômico e logístico do Corredor Rodoviário Bioceânico.,CERTARE ENGENHARIA E CONSULTORIA LTDA,13-May-2025,UNDP,"10388195/UNDP-BRA-00651,1",Brazil,575110.95
147882,Individual Consultant to develop a Landslide Hazard Map for a Selected Area Adjacent to Amman-Jerash Highway,Andrew Kos,12-May-2025,UNDP,10385042,Jordan,28800.00
147896,Social and Environment Safeguards Specialist,Adesina Damilola Emmanuel,12-May-2025,UNDP,10385759,Eswatini,17500.00
147899,National Biodiversity Monitoring and Reporting Specialist,Ehab Khalil Eid,12-May-2025,UNDP,"10386069/UNDP-JOR-00478,1",Jordan,20000.00
147901,Adjudicación del proceso SDP-004-2025,SITINFORMACION SA DE CV.,12-May-2025,UNDP,10386702/UNDP-MEX-00433,Mexico,10237.49
152128,RFP 2025.03 Support Unitaid in its efforts to access financing from the Green Climate Fund (GCF).,DGDA Switzerland SARL,12-May-2025,WHO,UNITAID/P/0008379,Switzerland,447000.00
153118,Acordo de Longo Prazo (LTA) de serviços de Agência de Publicidade e Marketing para Projetos Especiais,ON THE NOSE PRODUCOES ARTISTICAS CULTURAIS E EVENTOS LTDA,12-May-2025,UNICEF,LRPS-2025-9195691,Brazil,
147854,Revising and Updating of Eswatini’s Nationally Determined Contribution (NDC 3.0),Genesis Analytics pty ltd,09-May-2025,UNDP,10384504/UNDP-SWZ-00152,Eswatini,42070.00
147855,LBN/CO/RFP/156/24,ECODIT LIBAN SARL,09-May-2025,UNDP,"10382762/UNDP-LBN-00701,1",Lebanon,133866.00
155636,Online and hybrid logistic support for PDT and SDG-UP conference,"Prime International Co., Ltd.",09-May-2025,UNU,RFQ001/2025-Hybrid Conference,Japan,27389.84
158067,RFQ-CFCI Sarawak Children Action Planning Workshops,Yayasan Generasi Gemilang,07-May-2025,UNICEF,LRQS-2025-9196167,Malaysia,29402.00
147747,conduct a Cost-Benefit Analysis of Mercury-Free Lamps and to assess the Public Procurement Practices,Amer Subhi Issa Jabarin,06-May-2025,UNDP,10382196/UNDP-JOR-00445,Jordan,22000.00
147766,"UNDP-BRA-00699,1",Earth Innovation Institute [EII],06-May-2025,UNDP,"10385504/UNDP-BRA-00699,1",Brazil,166028.03
147744,IC 540-2025 Gender expert,GORDANA NESTOROVSKA,05-May-2025,UNDP,10385132/UNDP-MKD-00540,North Macedonia,10437.52
147768,LRFPS 02-2025- Apoyo para medidas no privativas de libertad,UBATEC S.A.,05-May-2025,UNICEF,02/2025,Argentina,21234.81
147678,Strategic Advisory Consultant,No Gaps Project SL,02-May-2025,UNDP,10384266,United States of America,165045.00
147684,Adjudicación del proceso PCI-020-2025,ALEJANDRA CORREA HERREJON,02-May-2025,UNDP,10384726/UNDP-MEX-00435,Mexico,12761.61
147708,"To contract a local institute to conduct country assessment on selected environmental hazards and risk factors, including exposure to lead, and their impact on children in Sri Lanka as per the TOR",National Cleaner Production Centre,02-May-2025,UNICEF,LRPS-2025-9196089*1,Sri Lanka,43712.58
147923,"To contract a local institute to conduct country assessment on selected environmental hazards and risk factors, including exposure to lead, and their impact on children in Sri Lanka as per the TOR",National Cleaner Production Centre,02-May-2025,UNICEF,LRPS-2025-9196089,Sri Lanka,43712.58
147667,Adjudicación del proceso SDP-003-2025,INVESTIGACION EN SALUD Y DEMOGRAFIA SC,01-May-2025,UNDP,10383211/UNDP-MEX-00432,Mexico,9380.53
158060,Long Term Agreement (LTA) for Event Management Services,MEP Meeting & Exhibition Planners Sdn BhdJOY CREATIVES AND SOLUTIONS SDN. BHD.,01-May-2025,UNICEF,LRPS-2024-9193282,Malaysia,
147657,UNDP CYP RFQ 175 2025,BirdLife Cyprus,30-Apr-2025,UNDP,10382320/UNDP-CYP-00175,Cyprus,18533.18
147659,UNDP CYP RFQ 174 2025,SPOT - Society for the Protection of Turtles,30-Apr-2025,UNDP,10381778/UNDP-CYP-00174,Cyprus,16266.73
147640,UNDP-BRA-00771,JB PROPAGANDA E MARKETING EIRELI,29-Apr-2025,UNDP,10382594/UNDP-BRA-00771,Brazil,41800.44
147614,Consultant for The Development and Operationalisation of Eswatini’s National Development Plan (NDP) M&E Framework,Mrs Nokwazi Mathabela,28-Apr-2025,UNDP,10381488,Eswatini,10246.57
147591,LBN-CO- IC-10-25,Serge Nicolas Yazigi,25-Apr-2025,UNDP,10356028/UNDP-LBN-00824,Lebanon,16000.00
147603,UNDP-BRA-00771,JB PROPAGANDA E MARKETING EIRELI,25-Apr-2025,UNDP,10382035/UNDP-BRA-00772,Brazil,12495.29
152112,Provision of event management services to support the organization of an event on Early Childhood Education during the Moldova for Education Week,MEDIA SHOW GRUP SRL,25-Apr-2025,UNICEF,9196742,"Moldova, Republic of",
147575,Consultant for Training of Government Planners in the Ministry of Economic Planning and Development (MEPD) on Project Appraisal and Evaluation,Linda Shiba,24-Apr-2025,UNDP,10378023,Eswatini,50888.00
147940,"130643 - DISEÑO, PRODUCCIÓN, PLANIFICACIÓN E IMPLEMENTACIÓN DE UNA CAMPAÑA PUBLICITARIA (PLAN DE MEDIOS)",DUAL SPA,24-Apr-2025,FAO,2024/FLCHI/FLCHI/130643,Chile,72170.00
147542,National consultant to monitor the deployment of low-cost air quality sensors,Hoang Anh Le,23-Apr-2025,UNDP,10377504/UNDP-VNM-01337,Viet Nam,3189.80
149209,"RFP bibliometric analysis aimed at providing quantitative data and associated data summary products (tables, figures) on scientific outputs related to the field of ocean science.",ELSEVIER BV,23-Apr-2025,UNESCO,IOC/OS/RFP/022/25,France,40470.97
147738,"RFP 01-2025 - Desarrollo de un curso de actualización profesional para el poder judicial sobre el documento: ""Guía de buenas prácticas para el abordaje de niñas, niños y adolescentes víctimas o testig",ANDHES (Abogadas y Abogados del NOA en Derechos Humanos y Estudios Sociales),21-Apr-2025,UNICEF,01/2025,Argentina,11950.00
147446,"RFP for hiring a Service Provider for Skills Profiling, Assessment of Challenges and Development of Economic Reintegration Framework for Return Migrant Workers",Center for Development Communications DEVCOM Ltd,17-Apr-2025,ILO,rfx_733_ROAP,Bangladesh,
147449,International Consultant: Revision of a Project Identification Form (PIF),REMEDIUS PIERRE PETRA RIJS,17-Apr-2025,UNDP,10378304,Jordan,7700.00
151939,"Provision of event management services supporting the organization of two events: - ""Family Festival” in Ungheni city on 17 May 2025, and - ""Family Festival"" in Cahul city on 24 May 2025",Synergetica Eur-Est,17-Apr-2025,UNICEF,9196656,"Moldova, Republic of",78130.00
147436,IC.2025-04-0,Nguyen The Linh,16-Apr-2025,UNDP,10372977/UNDP-VNM-01304,Viet Nam,3911.00
147444,Subject: Contract Award Notification,Fenon Entertainment Ltd.,16-Apr-2025,UNCDF,"50006443/UNCDF-00231,2",United States of America,15804.87
147419,"UNDP-BRA-00677,1",MATIZES - PESQUISA E E D LTDA,15-Apr-2025,UNDP,"10377847/UNDP-BRA-00677,1",Brazil,30234.18
147438,"Provision of External Coaching, Facilitation, and Training Support Services",Be Inspirational Group LimitedeCoachPro B.V.10Eighty LTD,15-Apr-2025,UNFPA,UNFPA/USA/RFP/24/012,Multiple destinations,
147345,UNDP-MUS-00140,Roshan Halkhoree,11-Apr-2025,UNDP,10341000,Mauritius,26407.92
147348,PCI-005-2025,GUILLERMO JULIO ROMAN MOGUEL,11-Apr-2025,UNDP,10376434/UNDP-MEX-00412,Mexico,11484.15
148330,UNDP-MUS-00140,Roshan Halkhoree,11-Apr-2025,UNDP,10341000/UNDP-MUS-00140,Mauritius,26407.92
147273,International consultant to prepare for the review of the 4th Periodic Report of Viet Nam under ICCPR,Jose Manuel de Morais dos Santos Pais,10-Apr-2025,UNDP,10375364/UNDP-VNM-01277,Viet Nam,8400.00
152125,RFP 2025.06 End-of-Project evaluation for Unitaid’s investment in Perennial Malaria Chemoprevention (PMC).,Cambridge Economic Policy Associates,08-Apr-2025,WHO,UNITAID/P/0008416,Switzerland,119300.00
152129,RFP 2025.02 End-of-Grant Evaluation - Medicines Patent Pool (MPP III),Technopolis,08-Apr-2025,WHO,UNITAID/P/0008363,Switzerland,112900.00
147203,LBN-CO-IC-34-25,Charbel Maurice Hobeika,07-Apr-2025,UNDP,10373476/UNDP-LBN-00868,Lebanon,36750.00
147130,Adjudicación del proceso PCI-01392025,JOHANA HANIEL PEREZ LOPEZ,03-Apr-2025,UNDP,10372803/UNDP-MEX-00430,Mexico,3248.03
147132,National Firm - Conduct extensive consumer research on plastic,Trung tam Truyen thong tai nguyen va moi truong,03-Apr-2025,UNDP,10372546/UNDP-VNM-01299,Viet Nam,24903.72
147150,Adjudicación del proceso SDC-003-2025,SI VALE MEXICO SA DE CV,03-Apr-2025,UNDP,10372905/UNDP-MEX-00429,Mexico,47435.60
147115,ISO 9001:2015 Quality Management System,(R) ICS Reliable Solutions Distributor S.R.L,02-Apr-2025,UNDP,10371439/UNDP-MDA-00655,"Moldova, Republic of",3400.00
147128,Adjudicación PCI-004-2025,MARTHA ILEANA ROSAS HERNANDEZ,02-Apr-2025,UNDP,10372300/UNDP-MEX-00411,Mexico,27559.06
147129,Adjudicación del proceso PCI-018-2025,FATIMA CRUZ ANTONIO,02-Apr-2025,UNDP,10372794/UNDP-MEX-00431,Mexico,1279.53
147413,Request for quotation (RFQ) ERD - 210713 Provision of OPCW Outreach Materials and Related Services - The Hague Ethical Guideline,JMO Communications,02-Apr-2025,OPCW,ERD - 210713,Multiple destinations,
146975,Long-Term Agreement for Provision of Young Talent Recruitment Services,Cappfinity Inc.,01-Apr-2025,UNDP,UNDP-HQ-10389,United States of America,
146982,UNDP CYP IC 161 2024,STAVRINIDES MENELAOS,01-Apr-2025,UNDP,10354112/UNDP-CYP-00161,Cyprus,4853.86
146983,IC To Develelop a Gender Inclusision Report,Sanele Phiwayinkhosi Sibiya,01-Apr-2025,UNDP,10372244/UNDP-SWZ-00154,Eswatini,4987.72
146958,National Coordinator to support the MOIT’s Working Group of the Just Energy Transition Partnership (JETP) Secretariat,NGUYEN SONG NGOC[[001168002602]],31-Mar-2025,UNDP,10370869/UNDP-VNM-01321,Viet Nam,56970.50
146935,LBN-CO- IC-17-25,Dory Selim Bekai,27-Mar-2025,UNDP,10369172/UNDP-LBN-00830,Lebanon,20000.00
146920,UNDP-ECU-00582 Adquisición vehículos eléctricos,SURMOTOR S A,26-Mar-2025,UNDP,"10370087/UNDP-ECU-00582,2",Ecuador,475499.80
146882,Provision of Third-Party Contractor (TPC) Services for UNDP/PAPP Projects,STARS ORBIT CONSULTANTS AND MANAGEMENT DEVELOPMENT LTD,25-Mar-2025,UNDP,UNDP-PAL-10049,"Palestine, State of",
146826,Adjudicación del proceso PCI-008-2025,FERNANDO RASCON FUENTES,21-Mar-2025,UNDP,10367907/UNDP-MEX-00415,Mexico,13168.32
146828,Adjudicación: PCI-007-2025,Diana Lahoz Gomez,21-Mar-2025,UNDP,10367882/UNDP-MEX-00414,Mexico,17457.43
146794,National Consultant for GPEDC,NGUYEN THI NGOC HIEN,20-Mar-2025,UNDP,10367955/UNDP-VNM-01274,Viet Nam,14851.62
146877,"Provision to recruit a local research company/team to develop maternal, newborn, child health and nutrition and family planning quality improvement road map and operational plan.",South Asia Infant Feeding Research Network,20-Mar-2025,UNICEF,LRPS-2025-9195576,Sri Lanka,65869.00
146748,Adjudicación del proceso PCI-013-2025,CENTRO STRATEGIA ELECTORAL AC,18-Mar-2025,UNDP,10365878/UNDP-MEX-00423,Mexico,18663.37
146751,"RFP for hiring a Service Provider for Skills Profiling, Assessment of Challenges and Development of Economic Reintegration Framework for Return Migrant Workers",Center for Development Communications DEVCOM Ltd,18-Mar-2025,ILO,rfx_733_ROAP,Bangladesh,
146764,Administration of HIV/AIDS Programme Staff funded by the Global Fund (CDC-WO),Pars Mabani Company,18-Mar-2025,UNDP,"UNDP-IRN-10022/UNDP-IRN-00208,2","Iran, Islamic Republic of",
147762,Request for Proposal for the provision of ICAO Public Key Directory (PKD) Service,Netrust Pte Ltd,17-Mar-2025,ICAO,ICAO/00232,Canada,
147763,Fundraising Software as a Service Platform for the Recruitment & Management of Donors,Waysact Pty Ltd,17-Mar-2025,UNICEF,UNICEF-PFP-2024-RFPS-503755,Multiple destinations,
148935,"Provision of Media & Public Speaking Training Services  for the IPCC and WMO, on Demand",Escott Hunt Ltd,17-Mar-2025,WMO,RFP2404-24,Switzerland,
146717,"Promotion of the improved knowledge sharing, cooperation and CSOs Government collaboration",Eurasia Foundation of Central Asia - Tajikistan,14-Mar-2025,UNDP,10341113/UNDP-TJK-00389,Tajikistan,41046.06
146719,Capacity Building of media representatives on effective reporting of PVE issues,PO National Association of Independent Media in Tajikistan,14-Mar-2025,UNDP,10362146/UNDP-TJK-00390,Tajikistan,55270.00
146721,Individual Contractor Videography Services,Kendall Bowen,14-Mar-2025,UNDP,10364267/UNDP-TTO-00134,Trinidad and Tobago,12108.13
146733,Reputational Risk Management and Crisis Communications,4C Strategies,14-Mar-2025,UNHCR,UNHCR RFP: 126,Multiple destinations,
146697,Adjudicación del Proceso SDP-020-2024,Koalsulting,12-Mar-2025,UNDP,"10313877/UNDP-MEX-00341,2",Mexico,7253.16
146698,Adjudicación del proceso PCI-011-2025,Elda Luisa Zenteno Morales,12-Mar-2025,UNDP,10364266/UNDP-MEX-00419,Mexico,2198.34
146699,Adjudicación del proceso PCI-012-2025,LUIS ALBERTO RAMIREZ SANCHEZ,12-Mar-2025,UNDP,10364276/UNDP-MEX-00420,Mexico,2198.34
151838,Provision of Consultancy Services in Supervision and Monitoring of Flood Control in Taiz and Lahj.,Ras Alqema Development Consultancy,12-Mar-2025,UNDP,10363330,Yemen,127500.00
146572,Feasibility study on recycle and reuse of Debris waste,"Better Regulation Delivery Office, NGO",11-Mar-2025,UNDP,10358641,Ukraine,230870.00
148337,Feasibility study on recycle and reuse of Debris waste,"Better Regulation Delivery Office, NGO",11-Mar-2025,UNDP,"10358641/UNDP-UKR-01037,1",Ukraine,230870.00
152130,RFP 2025.01 – Consultancy to Support a Unitaid Benchmarking Exercise (Community and Civil Society Engagement),Cambridge Economic Policy Associates,11-Mar-2025,WHO,RFP 2025.01,Switzerland,32292.00
146546,LBN-CO- IC-31-25,Georges Habib Mitri,10-Mar-2025,UNDP,10362311/UNDP-LBN-00856,Lebanon,9240.00
146533,Bougainville Peace Process Expert-MSP-BUKA,Theresa Baranangko,08-Mar-2025,UNDP,10362352,Papua New Guinea,19617.01
148338,Bougainville Peace Process Expert-MSP-BUKA,Theresa Baranangko,08-Mar-2025,UNDP,10362352/UNDP-PNG-00131,Papua New Guinea,19617.01
146508,PCI-003-2025 Consultor/a p evaluación del Programa Nacional de Áreas Naturales,MARIA JOSE SARMIENTO AGUIRRE,07-Mar-2025,UNDP,10361538/UNDP-MEX-00408,Mexico,17098.19
146490,IC Business and Operational Planning- Badia,Muath Esam Ahmad Basheer,06-Mar-2025,UNDP,10361083/UNDP-JOR-00429,Jordan,11250.00
146505,Adjudicación del proceso PCI-006-2025,KARLA PRISCILLA PINEL VALERIO,06-Mar-2025,UNDP,10362575/UNDP-MEX-00413,Mexico,14411.33
146421,Development of The Plastic Recycling Hub Expert,Ibrahem Saleh Ahmad Ibrahem AbuAon,04-Mar-2025,UNDP,10358759/UNDP-JOR-00421,Jordan,38249.43
146422,IC 522,Hristina Poposka,04-Mar-2025,UNDP,10361168/UNDP-MKD-00522,North Macedonia,5101.88
146394,NC - Independent assessment of project support in Yen Bai,DANG VAN TAO,03-Mar-2025,UNDP,"10360531/UNDP-VNM-01253,1",Viet Nam,3230.70
146405,Review of the 2005-2015 Poverty Reduction Strategy and Action Plan (PRSAP),Thabiso Nsibande,03-Mar-2025,UNDP,10337375/UNDP-SWZ-00127,Eswatini,19710.54
146406,International Consultant to support  the revision of a project concept for the Mitigation Action Facility 2025 call for proposals,Stefan Wehner,03-Mar-2025,UNDP,10359699/UNDP-JOR-00441,Jordan,8750.00
147311,"EXTENDED - Develop innovative water solution designs, focusing on addressing regional water resilience challenges with the Youth of the Podocarpus-El Cóndor Biosphere Reserve",The Water Agency,03-Mar-2025,UNESCO,RFP AmazonProject-WaterChallenge,Ecuador,90000.00
146381,communications specialist consultant,Yara Mohammed Ghaleb Eid Sharif,02-Mar-2025,UNDP,10360474/UNDP-JOR-00451,Jordan,16949.15
146374,Adjudicación del proceso PCI-010-2025,Jovita SORIANO GARCIA[[71348448]],28-Feb-2025,UNDP,10359463/UNDP-MEX-00417,Mexico,15233.46
151938,"Addressing stigma and discrimination toward children and youth with disabilities and special educational needs, refugee, and ethnic minorities through Social Theatre: A Forum Theatre Initiative.","Dialog Alternativ, Public Association",26-Feb-2025,UNICEF,9195523,"Moldova, Republic of",98641.00
146298,Adjudicación del proceso PCI-002-2025,CLAUDIA TENORIO CRUZ,25-Feb-2025,UNDP,"10356761/UNDP-MEX-00407,1",Mexico,3404.67
146306,LBN-CO- IC-20-25,Istituto Oikos ETS,25-Feb-2025,UNDP,10356972/UNDP-LBN-00840,Lebanon,6400.00
147595,Contração de serviços de Manutenção de Sistema de Controle de Acesso e CFTV,GS TELECOM,25-Feb-2025,UNDP,UNDP-BRA-00700,Brazil,24419.00
146290,National consultant to support SME Development and Financing -DAPP,Dima Adli  Ahmad AlMansour,24-Feb-2025,UNDP,10351448,Jordan,49435.03
146224,Local Consultant to Develop marine project proposal,Mohammad Badran,20-Feb-2025,UNDP,10355874/UNDP-JOR-00424,Jordan,9887.01
146240,National Consultant to develop a Research on analysis of “dynamics and problems of development of non-commodity exports in Tajikistan”,QODIROV SHUHRAT ABDULATIFOVICH,20-Feb-2025,UNDP,10354743/UNDP-TJK-00419,Tajikistan,8400.00
146242,Official Development Assistance consultant,Walaa Shashaa,20-Feb-2025,UNDP,10356899/UNDP-JOR-00422,Jordan,14230.23
146248,Conceptualización y diseño de una herramienta de autodiagnóstico de RSE (Responsabilidad Social Empresarial) con relación a los derechos de infancia para empresas.,Proceso desierto,20-Feb-2025,UNICEF,RFPS CLE 142-2024,Chile,
146251,AGENCIAS DE CONTACT CENTER,Dew Gestión de recursos Spa,20-Feb-2025,UNICEF,RFPS CLE 190-2024,Chile,
146220,Support the implementation of the Partnerships and Communications Action Plan (PCAP) for UNDP Jordan.,Lina Ali Mohammad Salah,19-Feb-2025,UNDP,10355929/UNDP-JOR-00423,Jordan,12711.86
146213,Resettlement Action Plan,Loyya Consult,18-Feb-2025,UNIDO,7000007425,Ethiopia,75228.59
146206,RFP-UNDP-BIH-01059,KING ICT DOO,17-Feb-2025,UNDP,10353826/UNDP-BIH-01059,Bosnia and Herzegovina,181306.30
146189,RFQ/UNDP/PRC0112910/01/2025,PT DIGITAL OPEN HOUSE,16-Feb-2025,UNDP,10354771,Indonesia,169048.53
148336,RFQ/UNDP/PRC0112910/01/2025,PT DIGITAL OPEN HOUSE,16-Feb-2025,UNDP,"10354771/UNDP-IDN-00550,1",Indonesia,338097.06
146180,Economics of human mobility and its impact on human capital and inclusive growth in the Western Balkans,The Vienna Institute for International Economic Studies (WIIW),14-Feb-2025,UNDP,10350145/UNDP-IRH-00199,Türkiye,118975.20
151556,Rice Husking/Polishing Units,BlueLake Technologies,12-Feb-2025,UNIDO,7000007488,Pakistan,86100.00
146142,LBN-CO- IC-209-24 Long term agreements of legal expert,Charbel Aoun,11-Feb-2025,UNDP,UNDP-LBN-10099/UNDP-LBN-00778,Lebanon,
146132,LBN-CO- IC-3-25,Georges Habib Mitri,10-Feb-2025,UNDP,10351327/UNDP-LBN-00814,Lebanon,9450.00
146098,Consultant to prepare and conduct capacity-building sessions on Disaster Risk Reduction focusing on earthquake preparedness and awareness.,Khaled Rajab Mohammad Abuaisheh,06-Feb-2025,UNDP,10350182,Jordan,10000.00
146031,Contract Award,"""Abrau Capital"" LLC",04-Feb-2025,UNDP,"10348451/UNDP-UZB-01066,1",Uzbekistan,73512.25
146151,Provision of Audit & Certification for ISO/ IEC 27001/ 2022,BSI Group Canada,03-Feb-2025,ICAO,ICAO/00332,Canada,29645.00
146015,"Diseño e implementación de un mecanismo de monitoreo sistemático de las consecuencias de la violencia en el acceso a los servicios sociales dirigidos a las niñas, niños, adolescentes y sus familias",Globalia Consultancy SAC,03-Feb-2025,UNICEF,LRPS 2024 - 9193039,Ecuador,
146860,EXTENDED - Management of the Ocean Decade Coordination Office (DCO) for Ocean Data Sharing,Seascape Belgium,03-Feb-2025,UNESCO,RFP-DCO-ODS-2024,Multiple destinations,234916.49
146023,Services to Support CRVS Systems Strengthening Initiatives,"Open Data Watch, INC",30-Jan-2025,UNFPA,UNFPA/USA/RFP/24/023,Multiple destinations,
146249,"Diagnóstico de la Protección a las Trayectorias Educativas en territorios seleccionados, a partir de la articulación institucional entre las OLP, los SLEP, y otras instituciones públicas relevantes.",Pontificia Universidad Católica de Chile,30-Jan-2025,UNICEF,RFPS CLE 55-2024,Chile,
145953,Consultant for National Accounts Rebasing,Jan Redeby,29-Jan-2025,UNDP,10346907,Eswatini,11875.00
145957,"Recirculating Aquaculture Systems (RAS), Fisheries, Aquaculture Expert",Ahmad Mustafa Ali Alqudah,29-Jan-2025,UNDP,10347127/UNDP-JOR-00403,Jordan,15254.24
145928,International Consultant: Updating of a Project Identification Form (PIF),MOHAMED ATEF MOHAMED KAMEL AHMED,28-Jan-2025,UNDP,10345004/UNDP-JOR-00418,Jordan,6600.00
158059,Understanding access and perception towards child services to facilitate efforts to improve services for children in and around oil palm plantations.,Social Policy Research Institute (SPRI),27-Jan-2025,UNICEF,LRPS-2024-9190992,Malaysia,119230.00
145880,LTA Archiving Services of Palestinian Family and Regular Courts' Documents,BUSINESS ALLIANCE FOR SERVICE,24-Jan-2025,UNDP,UNDP-PAL-10029,"Palestine, State of",
145884,LTA Archiving Services of Palestinian Family and Regular Courts' Documents,ALPHA INTERNATIONAL FOR RESEARCH POLLING,24-Jan-2025,UNDP,UNDP-PAL-10039,"Palestine, State of",
145886,Individual Consultant - Geospatial Assessment for Flood Risk,RONALD RAVI SHASTRI ROOPNARINE,24-Jan-2025,UNDP,10346198/UNDP-TTO-00125,Trinidad and Tobago,30307.51
147305,Evaluation of the UNESCO-Aschberg Programme for Artists and Cultural Professionals (2022-2024),Nordicity Group Limited,23-Jan-2025,UNESCO,RFP/CLT/DCE/2024/L164,France,49980.00
145823,Provision of Climate and Commodity Hedging to Enable Transformation (CACHET) Project – Phase 3,Agroclick S.A.,21-Jan-2025,IFAD,IFAD/2024/017/RFP,Malawi,138552.06
145824,DEVELOPMENT OF A REGIONAL NEEDS ASSESSMENT AND A ROADMAP TO UNLOCK INVESTMENTS IN SMALL HYDROPOWER IN THE ECONOMIC COMMUNITY OF CENTRAL AFRICAN STATES (ECCAS),TECHNOPOLIS FRANCE,20-Jan-2025,UNIDO,RfP 7000007409,Multiple destinations,155930.58
146093,Evaluation of UNESCO’S work on Disaster Risk Reduction,Integrated Risk Management Associates,20-Jan-2025,UNESCO,RFP / IOS / EVS / DRR / 2024,France,85332.40
145800,UNDP-BRA-00680,H&L PROMOCOES EVENTOS COMUNICACAO,18-Jan-2025,UNDP,10344204/UNDP-BRA-00680,Brazil,10542.23
145775,National Specialist on Energy Policy and Regulation,NGUYEN THI THU HUYEN[[001175011579]],17-Jan-2025,UNDP,10342619/UNDP-VNM-01119,Viet Nam,7581.69
146254,"Estimación y Caracterización de la oferta y demanda de educación parvularia, básica y media en la Región de Tarapacá.",Instituto de Estudios Avanzados en Educación,16-Jan-2025,UNICEF,RFPS CLE 54-2024,Chile,
151915,Event management support in organizing training sessions to strengthen capacities of ECE (Early Childhood Education) staff in acquiring new skills in socio-emotional learning and playful pedagogy.,Ecovox Grup SRL,16-Jan-2025,UNICEF,9194577,"Moldova, Republic of",
152084,Provision of long-term services relating to the development of Integrated Agro-Food Parks,Artelia Consulting Engineers Ltd,16-Jan-2025,UNIDO,4000000690,Multiple destinations,
152085,Provision of long-term services relating to the development of Integrated Agro-Food Parks,Buro Happold Limited,16-Jan-2025,UNIDO,4000000691,Multiple destinations,
152086,Provision of long-term services relating to the development of Integrated Agro-Food Parks,C.S.I. Ingenieros S.A.,16-Jan-2025,UNIDO,4000000692,Multiple destinations,
152087,Provision of long-term services relating to the development of Integrated Agro-Food Parks,Ernst and Young,16-Jan-2025,UNIDO,4000000693,Multiple destinations,
152088,Provision of long-term services relating to the development of Integrated Agro-Food Parks,FARRELLY MITCHELL BUSINESS CONSULTANTS LIMITED,16-Jan-2025,UNIDO,4000000694,Multiple destinations,
152089,Provision of long-term services relating to the development of Integrated Agro-Food Parks,Grant Thornton Bharat LLP,16-Jan-2025,UNIDO,4000000695,Multiple destinations,
152090,Provision of long-term services relating to the development of Integrated Agro-Food Parks,IRD ENGINEERING SRL,16-Jan-2025,UNIDO,4000000696,Multiple destinations,
152091,Provision of long-term services relating to the development of Integrated Agro-Food Parks,Studio Martini Ingegneria Srl,16-Jan-2025,UNIDO,4000000697,Multiple destinations,
152092,Provision of long-term services relating to the development of Integrated Agro-Food Parks,SU-YAPI Engineering,16-Jan-2025,UNIDO,4000000698,Multiple destinations,
152093,Provision of long-term services relating to the development of Integrated Agro-Food Parks,Tecnica Engenheiros Consultores LDA,16-Jan-2025,UNIDO,4000000699,Multiple destinations,
145760,Adjudicación del proceso SDP-030-2024,COOPERATIVA K AK BALAM S C DE R L DE CV,15-Jan-2025,UNDP,10341807/UNDP-MEX-00394,Mexico,14734.77
145761,Adjudicación del Proceso PCI-056-2024,ROSALIA ANDRADE MEDINA,15-Jan-2025,UNDP,10341794/UNDP-MEX-00393,Mexico,18398.82
151775,Servicio de Modelamiento Predictivo (Predictive Modeling Service),Dataro Inc.,15-Jan-2025,UNICEF,RFPS CLE 119-2024,Chile,
145727,Adjudicación del proceso PCI-001-2025,JOSE ALBERTO HERNANDEZ CRESPO,14-Jan-2025,UNDP,10342932/UNDP-MEX-00404,Mexico,1964.64
145695,IC for Local Products Mapping and Improvement Specialist,RASHA ABDALLAH THALJI KHALIFEH,13-Jan-2025,UNDP,10277471/UNDP-JOR-00357,Jordan,10000.00
153142,RFQ Nº: UNFPA/BKK/RFQ/25/002 – For the establishment of Long-Term Agreement (LTA) for the Provision of Translation and Interpretation Services,2092995 Ontario Inc.Professional and Scientific AssociatesChan Thien My Translation & Consulting Company LimitedBig Text International LtdHeliCo Translation,10-Jan-2025,UNFPA,UNFPA/BKK/RFQ/25/002,Multiple destinations,181000.00
145691,"Request for evaluation services for the programme Disengagement, Disassociation, Reintegration and Reconciliation: Conflict Dissolution and Peacebuilding in the Lake Chad Basin Region",ORB International,09-Jan-2025,IOM,4200795472,Switzerland,70000.00
145595,Result of UNDP-BRC-00151,ASIAN-PACIFIC RESOURCE&RESEARCH CENTRE,04-Jan-2025,UNDP,10339940/UNDP-BRC-00151,Thailand,200000.00
145563,National Consultant to prepare a policy discussion report to inform the NDC 3.0,NGUYEN THI YEN[[038168003676]],02-Jan-2025,UNDP,10339637/UNDP-VNM-01144,Viet Nam,14148.00
145574,National Expert on Water and Agriculture to support a GCF SAP Project,VU HOANG HOA[[001168012412]],02-Jan-2025,UNDP,10338317/UNDP-VNM-01151,Viet Nam,6744.30
145585,UN House - Interior Design Services,DESIGNERS..,02-Jan-2025,UNDP,"10339218/UNDP-EGY-00479,2",Egypt,150000.00
145536,"UNDP-PAK-01034,1",Global Campus of Human Rights,31-Dec-2024,UNDP,"10338771/UNDP-PAK-01034,1",Pakistan,308000.00
145552,IC.2024-12-38,Nguyen Ngoc An,31-Dec-2024,UNDP,10338773/UNDP-VNM-01024,Viet Nam,1675.78
145553,IC.2024-12-37,Le Thi Khanh Huyen,31-Dec-2024,UNDP,10338774/UNDP-VNM-01017,Viet Nam,1675.78
145589,Establishing Long-Term Arrangement (LTA) with Public Relation agencies for Media Engagement on Child rights for CAP and YuWaah sections,Tarmac Affairs Communications and Advocacy Services Private Limited,31-Dec-2024,UNICEF,RFP-2024-018-9191630,India,
145591,Establishment of a Long-Term Agreements (LTAs) with Tele-marketing Fund raising agencies to assist UNICEF in converting/reactivating/ generating leads and retaining individual donors,Insight Customer Call Solutions LimitedConnections Direct India Pvt. Ltd.IGI MarketcarePLANET PCI INFOTECH LIMITED,31-Dec-2024,UNICEF,RFP-2024-022-9192191,India,
145592,Establishment of Long-Term Agreements (LTAs) with suppliers providing infrastructure services for donor management processes,Insight Customer Call Solutions LimitedHartron Communications Ltd,31-Dec-2024,UNICEF,RFP-2024-024-9192643,India,
146250,AGENCIAS DE CONTACT CENTER,Computer Generated Solutions Chile S.AServicios Equifax Chile Limitada,31-Dec-2024,UNICEF,RFPS CLE 34-2024,Chile,
145511,543_RFP_Development of a concept model of the system of assessment of needs and provision of services to PWD,"Ernst & Young, LLC",30-Dec-2024,UNDP,10338298,Ukraine,198500.00
148325,543_RFP_Development of a concept model of the system of assessment of needs and provision of services to PWD,"Ernst & Young, LLC",30-Dec-2024,UNDP,"10338298/UNDP-UKR-00903,1",Ukraine,198500.00
145485,PO 10338707 IC.2024-12-33,Dao Manh Tri,29-Dec-2024,UNDP,"10338707/UNDP-VNM-01018,1",Viet Nam,2543.27
145479,CONSULTING FIRM FOR THE DEVELOPMENT OF ARTISAN SKILLS FOR THE YOUTH OF ESWATINI,INTERNATIONAL YOUTH FELLOWSHIP,28-Dec-2024,UNDP,10337169/UNDP-SWZ-00134,Eswatini,130678.72
145471,CONSULTING FIRM FOR THE DEVELOPMENT OF ARTISAN SKILLS FOR THE YOUTH OF ESWATINI,CIT COLLEGE (PROPRIETARY) LIMITED,27-Dec-2024,UNDP,10337170/UNDP-SWZ-00134,Eswatini,85937.94
145663,RFPS-2024-503757 - Making the business case for child-centric community adaptation beyond the supply chain.,Business for Social Responsibility,27-Dec-2024,UNICEF,RFPS-2024-503757,Switzerland,217436.00
145411,IC.2024-12-10,TRAN MINH SON,26-Dec-2024,UNDP,10330755/UNDP-VNM-01112,Viet Nam,959.15
145390,IC.2024-12-10,LE THI HOANG THANH,24-Dec-2024,UNDP,10328256/UNDP-VNM-01110,Viet Nam,959.15
145388,Adjudicación Negociación UNDP-ARG-00441,VINOCUR SAMUEL IGNACIO,23-Dec-2024,UNDP,10336886/UNDP-ARG-00441,Argentina,934.50
145864,Evaluation of UNESCO’s work to address hate speech and discrimination,Trema Consulting Inc,23-Dec-2024,UNESCO,RFP/ IOS/ EVS/ HSD / 2024,France,76400.00
145605,"Provision to recruit a local research company/team to support the Research on behavioral drivers of dengue prevention and control practices among students, school administration and parents as per the",Institute for Participatory Interaction in Development (IPID),22-Dec-2024,UNICEF,LRPS-2024-9193002,Sri Lanka,12310.00
145310,IC.2024-12-16,TRAN THUC,20-Dec-2024,UNDP,10325556/UNDP-VNM-00965,Viet Nam,9101.16
146148,Reputational Risk Management and Crisis Communications,Social Simulator Ltd,20-Dec-2024,UNHCR,UNHCR RFP: 126,Multiple destinations,
145186,National Specialist for Trade and Circularity,Nguyen Minh Khoa,19-Dec-2024,UNDP,10330307/UNDP-VNM-01073,Viet Nam,7704.68
145187,"Tender UNDP-UZB-00968,1 award","MICROSTEP-MIS, SPOL. S.R.O.",19-Dec-2024,UNDP,"10331899/UNDP-UZB-00968,1",Uzbekistan,685259.00
145190,IC.2024-12-23 PO 10334283,NGUYEN THI MY HOANG[[ID 001178020779]],19-Dec-2024,UNDP,10334283/UNDP-VNM-01072,Viet Nam,8193.08
145199,consulting and advisory services to the Small Grants programme grantees,European Technical Assistance LLC,19-Dec-2024,UNDP,"10330428/UNDP-UKR-00978,3",Ukraine,228400.04
145200,National consultant to provide preparation and administrative support to organize 3 regional training workshops,TRAN THI THU HANG,19-Dec-2024,UNDP,10332690/UNDP-VNM-01107,Viet Nam,1171.07
145205,IC.2024-12-09,LUU HUONG LY,19-Dec-2024,UNDP,10328348/UNDP-VNM-01106,Viet Nam,1918.29
145308,Adjudicación del proceso SDP-027-2024,SOFIS S.R.L.,19-Dec-2024,UNDP,"10335476/UNDP-MEX-00383,2",Mexico,41615.07
145305,Acuerdo a largo plazo (LTA) para Servicios de Operador de Comercio Exterior – Agente de Aduanas,LOGISTICA INTEGRAL DE COMERCIO EXTERIOR LIDESER CIA. LTDA.,18-Dec-2024,UNICEF,LRPS 2024 - 9193280,Ecuador,
145041,"RFP/55/2023/GNC Service Provider to develop a Digital Qualifications Verification System for National Council for Higher Education in Kampala, Uganda",DATATRACK SOLUTIONS CONSULT LTD,17-Dec-2024,ILO,rfx_250,Uganda,
145042,RFP/45/2023/GNC For profit service provider to deliver pilot connecting refugee and host community youth to decent online microwork and freelancing opportunities in Kampala and Nakivale,SHA Consulting Group Ltd,17-Dec-2024,ILO,rfx_228,Uganda,
145126,Adjudicación Negociación UNDP-ARG-00436,Sandra Ada Elena,17-Dec-2024,UNDP,10332206,Argentina,5410.24
145385,"Diagnóstico de la Protección a las Trayectorias Educativas en territorios seleccionados, a partir de la articulación institucional entre las OLP, los SLEP, y otras instituciones públicas relevantes.",Pontificia Universidad Católica de Chile,17-Dec-2024,UNICEF,RFPS CLE 55-2024,Chile,
145318,External Evaluation of the International Task Force on Teachers for Education 2030’s 2022-2025 Strategic Plan the request for proposal is extended until Monday 19th August 2024 at 16:00pm Paris time.,Mokoro Ltd,16-Dec-2024,UNESCO,RFP/ED/PLS/TED/TTF/24/07,Multiple destinations,65726.00
145810,Virtual Reality creation services,UNIVERSITÄT ZÜRICH,16-Dec-2024,UNESCO,N/A,Multiple destinations,290000.00
144963,IC.2024-12-18,KIEU TUAN DAT,15-Dec-2024,UNDP,10323980/UNDP-VNM-01019,Viet Nam,14334.02
146917,"IRQ/RFP/24/ 70 - Professional Services for the Architectural Survey of Heritage Properties in Mosul, Iraq",Multi Path Inspection,15-Dec-2024,UNESCO,IRQ/RFP/24/70,Iraq,18763.35
144955,"Caja de Herramientas para Consejos Consultivos de Niñez y Adolescencia, equipos de participación y gobierno municipal.",Fundación Iberoamericana de Derechos de Infancia y Familia,13-Dec-2024,UNICEF,RFPS CLE 117-2024,Chile,
144956,"Desarrollo de contenidos para el fortalecimiento de conocimientos y promover la práctica de actividad física en niños, niñas y adolescentes",UNIVERSIDAD DE LA FRONTERA,13-Dec-2024,UNICEF,RFPS CLE 57-2024,Chile,
144957,"Implementación de una intervención en comunidades educativas para la promoción de hábitos saludables de alimentación y actividad física, en establecimientos educacionales de Temuco",UNIVERSIDAD DE LA FRONTERA,13-Dec-2024,UNICEF,RFPS CLE 103-2024,Chile,
145582,MTIT/MTCD - Rental Event Technical Equipment and related Services CPA 3+2,AV-Professional GmbH,13-Dec-2024,IAEA,642316,Austria,
145776,"Devel. of drought, flashflood and snow avalanche risk assmt module(reannaounce)","MicroStep-MIS, spol. s r.o.",13-Dec-2024,UNDP,"UNDP-UZB-00968,1",Uzbekistan,685259.00
144912,IC.2024-12-13,Tu Binh Minh,12-Dec-2024,UNDP,10326519/UNDP-VNM-01075,Viet Nam,7400.83
144913,ToR for a Technical consultant to technically backstop of Mwakuri Aika a Raraoi Ibukimi 2 Activity (“MARI 2 Activity”): Worker Protection and Family Resilience,ILO,12-Dec-2024,ILO,ILO KIR_Consultant to technically backstop Mwakuri Raraoi Ibukimi 2 Activity,Kiribati,
144924,IC.2024-12-17,Nguyen Hung Quang,12-Dec-2024,UNDP,10325711/UNDP-VNM-01084,Viet Nam,10777.10
144888,IC.2024-12-21 PO 10329544,NGUYEN THUY DUONG[[ID 001190000699]],11-Dec-2024,UNDP,"10329544/UNDP-VNM-01063,1",Viet Nam,2874.65
144903,Adjudicación del Proceso PCI-054-2024,MAURICIO MESCHOULAM UZIEL,11-Dec-2024,UNDP,10330816/UNDP-MEX-00390,Mexico,12088.98
144869,"UNDP-MUS-00133,1",Nily Bunwaree,10-Dec-2024,UNDP,10324748,Mauritius,17152.66
145084,MTBF: Provision of Actuarial Services for the International Atomic Energy Agency (3+1+1),Ernst and Young Wirtschaftsprufungsgesellschaft mbH,10-Dec-2024,IAEA,642355,Austria,
145573,Individual Giving Business Intelligence Services (Individual Giving Fundraising),Consol Giving Inc.,10-Dec-2024,UNICEF,UNICEF-PFP-RFPS-2024-503760,Multiple destinations,
148318,"UNDP-MUS-00133,1",Nily Bunwaree,10-Dec-2024,UNDP,"10324748/UNDP-MUS-00133,1",Mauritius,17152.66
151555,Third party verification of SMEs,Prescient Consulting Pvt Limited,10-Dec-2024,UNIDO,7000007347,Pakistan,103990.00
144838,LBN-CO-CFP-158-24,BIAT Business Incubation Association in Tripoli,09-Dec-2024,UNDP,"10326783/UNDP-LBN-00681,1",Lebanon,770399.00
144842,IC.2024-12-04 PO 10327873,Mac Thi Hoai Thuong,09-Dec-2024,UNDP,10327873/UNDP-VNM-01062,Viet Nam,3820.83
144848,GCF readiness Programme,Sarah D'haen,09-Dec-2024,UNDP,10325987/UNDP-JOR-00397,Jordan,42500.00
144825,UNDP-MUS-00131,Bacha Gian Suraj,06-Dec-2024,UNDP,"10319454/UNDP-MUS-00131,1",Mauritius,25835.18
144826,Adjudicación,BORTHAGARAY ANDRES,06-Dec-2024,UNDP,10327141/UNDP-ARG-00438,Argentina,977.48
144796,Adjudicación del proceso PCI-051-2024,CLAUDIA MARTINEZ TENORIO,05-Dec-2024,UNDP,10325259/UNDP-MEX-00368,Mexico,4352.03
144801,Update of Eswatini's GHG Inventory and Associated National Inventory Report.,Centre for Sustainable Energy Research,05-Dec-2024,UNDP,10322976/UNDP-SWZ-00121,Eswatini,62807.81
144806,Circular Economy Expert -9Rs,EHAB MOHAMMAD BASHEER AL MANASEER,05-Dec-2024,UNDP,10317822/UNDP-JOR-00381,Jordan,99260.00
144810,International Economic Diversification Consultant for Provincial Development in Mozambique,JOHN BARNES,05-Dec-2024,UNDP,10326302,Mozambique,38895.00
145577,Fundraising Excellence Programme – Understanding Preferences & Personal Leadership Style,Insights Schweiz AG,05-Dec-2024,UNICEF,UNICEF-PFP-RFPS 503676,Multiple destinations,
144767,Services to Support to MSME Development in Eswatini and Eswatini National Youth Council for youth engagement,Omny Media Group,04-Dec-2024,UNDP,10322513/UNDP-SWZ-00116,Eswatini,81214.65
144795,Adjudicación del proceso PCI-050-2024,CLAUDIA TENORIO CRUZ,04-Dec-2024,UNDP,10325251/UNDP-MEX-00367,Mexico,4352.03
144746,Award for RfP UNDP-MOZ-00516,CONSULTEC CONSULTORES ASSOCIADOS LDA,03-Dec-2024,UNDP,"10324011/UNDP-MOZ-00516,4",Mozambique,470599.71
144755,National Consultant For Mental Health and Psychosocial Support,Nompumelelo Sindisiwe Mamba,03-Dec-2024,UNDP,10321333/UNDP-SWZ-00119,Eswatini,4648.33
144756,UNDP-MUS-00134,ONEVALDUS CO LTD,03-Dec-2024,UNDP,10322395/UNDP-MUS-00134,Mauritius,42896.45
146910,Provision of temp staffing service,"ManpowerGroup Co., Ltd.",30-Nov-2024,UNU,RFQ009/2024-UNU-Centre-Tokyo,Japan,134218.89
145856,Provision pour la mise en œuvre de la composante WASH sur le site Koundoul (Tchad) dans le cadre de la réponse aux inondations,Centre d'Appui aux Initiatives de Développement Local (CAIDEL),29-Nov-2024,IOM,AVIS-TD-PROC-24-02,Chad,250000.00
151675,"BUSINESS DEVELOPMENT GRANTS FOR ENTREPRENEURS, SMES AND COOPERATIVES / ASSOCIATIONS",IBN-E-ISHAAQUE HOSPITAL,29-Nov-2024,UNIDO,7000007031,Pakistan,232547.00
144656,IC 469 National consultant for developing of specifications for leakage detection equipment,Goce Taseski,28-Nov-2024,UNDP,"10322181/UNDP-MKD-00469,1",North Macedonia,5623.71
144668,Negociación UNDP-ARG-00427,Facundo Alvarez Heduan,28-Nov-2024,UNDP,10320660/UNDP-ARG-00427,Argentina,2146.81
144676,Provision of  Duty-Free Services and Set-up and Management of a  Gift shop in IFAD HQ,Paolucci & C. International S.p.A.,28-Nov-2024,IFAD,IFAD/2024/018/RFP,Italy,
144759,"Serviço de consultoria para elaboração de estudo sobre fatores operacionais, econômicos, sociais e comportamentais relacionados à alimentação saudável e atividade física em comunidades vulneráveis de grandes centros urbanos",PLANO CDE ELOHIM CONSULTORIA E PESQUISA LTDA,28-Nov-2024,UNICEF,LRPS-2024-9192111,Brazil,
144629,Servicio de Ejecución Operativa de Juzgamientos para los Juegos Bolivarianos 2024,COMITE OLIMPICO PERUANO,27-Nov-2024,UNDP,"10321797/UNDP-PER-00553,1",Peru,264499.53
144779,Charter of a fully equipped and staffed Research Vessel for a multi-stop marine expedition on the Adriatic Sea and the Ionian Sea,Hellenic Centre for Marine Research - H.C.M.R,27-Nov-2024,IAEA,625267,Austria,
145028,"Request for Proposal (RFP) Number: UNFPA/BKK/RFP/24/001 for the Provision of Technical Support on GBV Prevention Programming to UNFPA APRO, Bangkok Thailand",Proteus Fund Inc.,27-Nov-2024,UNFPA,RFP No.: UNFPA/BKK/RFP/24/001,Thailand,339800.00
144611,Individual Consultant (National) to prepare a preparedness plan on the,Adel Mahmoud Sharari Al Assaf,26-Nov-2024,UNDP,10314919/UNDP-JOR-00393,Jordan,36723.16
144613,Negociación UNDP-ARG-00420,Gaston Ariel Cleiman,26-Nov-2024,UNDP,10319812/UNDP-ARG-00420,Argentina,8919.11
145999,Evaluation of the UNV 2022-2025 Strategic Framework,Altair Asesores S.L.,26-Nov-2024,UNV,"52001183/UNV-00320,1",Germany,84955.00
144614,Adjudicación PCI-053-2024 Coordinador Regional del proyecto Sembrando Vida,FRANCISCO JAVIER TERRAZAS GONZALEZ,26-Nov-2024,UNDP,10320919/UNDP-MEX-00387,Mexico,16250.29
148838,"UNICEF Moldova RFQ 9194440, Event management support for conducting the Interpersonal Communication Skills training for Social Workforce in Moldova",Logistica si Comunicare SRL,26-Nov-2024,UNICEF,LRQS-2024-9194440,"Moldova, Republic of",27305.00
144593,LBN-CO- IC-193-24- Re-advertised NDC (Nationally Determined Contributions),Jean Stephan,25-Nov-2024,UNDP,10316992/UNDP-LBN-00673-2,Lebanon,40000.00
144595,516-RfP-Transferring to private insurance companies of insurance against industrial accidents,"Ernst & Young, LLC",25-Nov-2024,UNDP,"10318038/UNDP-UKR-00956,1",Ukraine,298000.06
144578,RFP_Enhance Information Related to Climate Change Impacts and Adaptation,The Creagy Company Limited,22-Nov-2024,UNDP,10317732/UNDP-THA-00147,Thailand,97971.81
146258,AGENCIA DE MEDIOS DIGITALES (PAID MEDIA),MMS COMMUNICATIONS CHILE S.A.,22-Nov-2024,UNICEF,RFPS CLE 78-2024,Chile,
144568,UNDP-MUS-00141,POONAM TATAYAH,21-Nov-2024,UNDP,10316411/UNDP-MUS-00141,Mauritius,24264.49
144569,Negociación UNDP-ARG-00426,Maria Esther Isoardi,21-Nov-2024,UNDP,10317573/UNDP-ARG-00426,Argentina,9908.49
144576,Trainer - Reef Check / EcoDiver Programme,Mohammed Mahmoud Abbas Kotb,21-Nov-2024,UNDP,10310745/UNDP-JOR-00372,Jordan,8525.00
144577,National Consultant to develop the new Cocoa Industry Strategic Plan – Cocoa Board of Papua New Guinea,Abner Yalu,21-Nov-2024,UNDP,10317748,Papua New Guinea,50278.20
148316,National Consultant to develop the new Cocoa Industry Strategic Plan – Cocoa Board of Papua New Guinea,Abner Yalu,21-Nov-2024,UNDP,"10317748/UNDP-PNG-00114,1",Papua New Guinea,50278.20
144537,Adjudicación del proceso SDP-029-2024,BRAINWORX SA DE CV,20-Nov-2024,UNDP,10316559/UNDP-MEX-00386,Mexico,15745.15
144540,IC.2024-11-20: PO 10316844,PHAM PHUONG ANH,20-Nov-2024,UNDP,10316844/UNDP-VNM-01034,Viet Nam,4818.07
144550,Negociación UNDP-ARG-00424,ZARRILLI JOAQUIN,20-Nov-2024,UNDP,10312030/UNDP-ARG-00424,Argentina,1819.73
144534,Provision of Assessment Centers for Director level posts,Organisation Development & Research Ltd (ODRL),19-Nov-2024,ICAO,ICAO/00233,Canada,
144494,CONSULTANT FOR RECEPTIONIST/ REGISTRY SERVICES,Mukelo Tfwala,18-Nov-2024,UNDP,10315019/UNDP-SWZ-00133,Eswatini,294.95
144514,Consultant for Training of Government Planners in the Ministry of Economic Planning and Development (MEPD) on Project Appraisal and Evaluation,Linda Shiba,18-Nov-2024,UNDP,10314247/UNDP-SWZ-00114,Eswatini,55014.00
145628,"Long-Term Agreement of 2 years for the Procurement of End-User Clinic ICT equipment and mobile device management licenses for: Fiji (LOT 1), Solomon Islands (LOT 2) and Kiribati (LOT 3).",Vodafone Fiji Limited,18-Nov-2024,UNICEF,42422269,Multiple destinations,
144484,UNDP-MUS-00135,Janick Bru,15-Nov-2024,UNDP,10311964/UNDP-MUS-00135,Seychelles,8000.00
144485,UNDP-MUS-00132,Roshini Brizmohun,15-Nov-2024,UNDP,10313376/UNDP-MUS-00132,Mauritius,20883.19
144488,ADJUDICACION: PCI-046-2024,Patricia Moles Fanjul,15-Nov-2024,UNDP,10311465/UNDP-MEX-00357,Mexico,26216.48
146256,Servicio de Envíos (Courier) Calendario Donantes 2025,Atacama Traders Ltda,14-Nov-2024,UNICEF,RFQ CLE 176-2024,Chile,
144416,UNDP-MUS-00129,NANCY HELENE NG PING CHEUN,13-Nov-2024,UNDP,10311201/UNDP-MUS-00129,Mauritius,9319.35
144403,UNDP-BRA-00626,PRONTO EVENTOS TECNOLOGIA E INTEGRACAO LTDA,12-Nov-2024,UNDP,10311436/UNDP-BRA-00626-2,Brazil,143351.80
144663,OIOS: Provision of Advisory Services (Lot 2) only,Catalyst Advisory LLC-FZ,12-Nov-2024,IAEA,640300,Austria,
144378,LBN-CO- IC-143-24,KEVIN ENONGENE ENONGENE,11-Nov-2024,UNDP,"10307550/UNDP-LBN-00663,1",Lebanon,32500.00
145758,Support to the Group on Earth Observations for the production and publication of editorial content,DevelopmentEx.com Inc. d/b/a Devex,11-Nov-2024,WMO,2433-24,Switzerland,
144356,LBN-CO-IC-177-24,Ali Nabil Ibrahim,08-Nov-2024,UNDP,10304881/UNDP-LBN-00715,Lebanon,19500.00
144381,SERVICIO DE AGENCIA DE MEDIOS PARA RECAUDACIÓN DE FONDOS,UNIVERSAL MCCANN SERVICIOS DE MEDIOS LTDA,08-Nov-2024,UNICEF,RFPS CLE 85-2024,Chile,
148840,UNICEF Moldova ITB 9192953 Event management support in organizing initial trainings for 920 institutional mentors,ANODILIA SRL,08-Nov-2024,UNICEF,LIBS-2024-9192953,"Moldova, Republic of",98668.00
144315,Consultant for Team building and Facilitator Services for UNDP Eswatini Staff,X FACTORED HUMAN CAPITAL ORGANISATION (PTY) LTD,06-Nov-2024,UNDP,10304775,Eswatini,3166.70
144326,Adjudicación del proceso PCI-052-2024,MAGALI FRANCO ROMERO,06-Nov-2024,UNDP,10308699/UNDP-MEX-00379,Mexico,7894.74
148308,Consultant for Team building and Facilitator Services for UNDP Eswatini Staff,X FACTORED HUMAN CAPITAL ORGANISATION (PTY) LTD,06-Nov-2024,UNDP,10304775/UNDP-SWZ-00122,Eswatini,3166.70
144287,Negociación UNDP-ARG-00415,CORBI ANA MARIA,05-Nov-2024,UNDP,10306820/UNDP-ARG-00415,Argentina,30328.67
144291,Adjudicación: PCI-047-2024,JOSE FRANCISCO CASTILLO ROMERO,05-Nov-2024,UNDP,UNDP-MEX-10043,Mexico,
144293,Adjudicación SDP-024-2024,ASOCIACION TARJETA VERDE AC,05-Nov-2024,UNDP,10307889/UNDP-MEX-00375,Mexico,7552.28
144387,"Provision of professional technical services to Jordan’s Ministry of Education for the software development, quality assurance, and system maintenance and support of Jordan’s Education Management Information Systems (EMIS)",RealSoft Advanced Applications,05-Nov-2024,UNESCO,JOR/RFP/24/02,Jordan,246228.81
146967,"Provision of professional technical services to Jordan’s Ministry of Education for the software development, quality assurance, &system maintenance & support of Jordan’s Education Management Info syst",REAL SOFT ADVANCED APPLICATION CO,05-Nov-2024,UNESCO,JOR/RFP/24/02,Jordan,962322.03
148353,Adjudicación: PCI-047-2024,JOSE FRANCISCO CASTILLO ROMERO,05-Nov-2024,UNDP,"UNDP-MEX-10043/UNDP-MEX-00359,2",Mexico,
149019,Encuesta Nacional sobre Violencia Contra las Mujeres en la Política,PROYECTAMOS COLOMBIA SAS,05-Nov-2024,UN-Women,"40064349/UNW-COL-2024-00130,1",United States of America,241512.40
144900,External Evaluation of the UNESCO Multi-Partner Trust Fund “Global Media Defence Fund” (GMDF),Aleph Strategies,04-Nov-2024,UNESCO,RFP/CI/FMD/FEJ/79,France,71467.00
144155,IC.2024-10-23,Nguyen Ngoc Hien,01-Nov-2024,UNDP,10304289/UNDP-VNM-00928,Viet Nam,3806.14
144166,NC on the development and implementation of a gender responsive M&E framework and plan for the Project,PHAN DANG THANG,01-Nov-2024,UNDP,"10303841/UNDP-VNM-00968,1",Viet Nam,19385.89
144173,Cabinet International pour La réalisation de l'inventaire Forestier complet du BURUNDI,Expertise Advisors,01-Nov-2024,UNDP,10303778/UNDP-BDI-00239-2,Burundi,115170.00
144174,"Project Evaluability Assessment, Mid-Term, and Final Evaluation",GAIC Gender Associations International Consulting GmbH,01-Nov-2024,UN-Women,40063274/UNW-BIH-2024-00001,Bosnia and Herzegovina,120256.00
144164,"UNES-2179/2024 - Long-Term Agreement LTA which aims to provide services for the realization of events, including planning, organization, coordination, execution and evaluation.","Gauche Promoções e Eventos LtdaLUMINAR EVENTOS E COMUNICAÇÃO LTDAJB PROPAGANDA E MARKETING EIRELIH&L Promoções, Eventos e Comunicação Eireli - EPP",31-Oct-2024,UNESCO,UNES-2179/2024,Brazil,
144128,RFP UNDP-GNB-00136,ADELANTE KNOWLEDGE AND DEVELOPEMENT SL.,30-Oct-2024,UNDP,10292887/UNDP-GNB-00136,Guinea-Bissau,71330.00
146261,AGENCIAS DE CONTACT CENTER,Computer Generated Solutions Chile S.AServicios Equifax Chile Limitada,30-Oct-2024,UNICEF,RFPS CLE 34-2024,Chile,
144108,Consultant for Documenting Lessons Learned Under the Greening the RFM,MKHABELA LOLO SMANGELE PATIENCE,29-Oct-2024,UNDP,10298185/UNDP-SWZ-00115,Eswatini,22332.25
144120,Adjudicación del proceso PCI-043-2024,IRELYD SOTO DOMINGUEZ,29-Oct-2024,UNDP,10303492/UNDP-MEX-00345,Mexico,26481.48
144149,Provision of services related to the implementation of demonstration projects on energy management system (EnMS) and Energy System Optimization (ESO) in 5 Industrial Enterprises in Northern Areas of Vietnam,Hanoi Industrial Promotion and Development Consultancy Center,29-Oct-2024,UNIDO,3000134199,Viet Nam,24420.00
144205,"Formación en la evaluación y determinación del ISN a operadores de las Oficinas Locales de la Niñez, y de programas de Representación y Defensa Jurídica Especializada",Universidad Diego Portales,29-Oct-2024,UNICEF,RFPS CLE 115-2024,Chile,
145668,"Space utilization analysis, long-term real estate strategy, and optional related services.",CBRE (Geneva) SA,29-Oct-2024,WIPO,AFMS_PID/2024/1202/LTA,Switzerland,
144092,Consultant for The Development and Operationalisation of Eswatini’s National Development Plan (NDP) M&E Framework,Mrs Nokwazi Mathabela,28-Oct-2024,UNDP,10297331/UNDP-SWZ-00109,Eswatini,17316.61
144097,Negociación UNDP-ARG-00398,ALONSO SANTIAGO JAVIER,28-Oct-2024,UNDP,10301736/UNDP-ARG-00398,Argentina,4916.28
144098,Adjudicación del proceso PCI-045-2024,Vania Gonzalez Melendez,28-Oct-2024,UNDP,"10301964/UNDP-MEX-00356,1",Mexico,2572.02
148632,UNDP-ECU-00457,Global Factor Sustainability Mexico S de RL de CV,28-Oct-2024,UNDP,"10295428/UNDP-ECU-00457,2",Ecuador,119693.00
144074,CONSULTANT FOR POPs AND UPOPs WASTE INVENTORY & INFRASTRUCTURE ASSESSMENT,Ellen Mavis Matsenjwa,25-Oct-2024,UNDP,10298167/UNDP-SWZ-00113,Eswatini,39477.75
144415,Evaluation of the UNESCO's International Convention against Doping in Sport,Aleph Strategies,24-Oct-2024,UNESCO,RFP/ IOS/ EVS/ ATD / 2024,France,69562.00
145997,Research study on the contribution of volunteering in human mobility contexts,Mickaela Churchill,24-Oct-2024,UNV,52001124/UNV-00307,Germany,11400.00
148631,UNDP-ECU-00481,Soluciones Económicas y Analíticas SECYA S.A.,24-Oct-2024,UNDP,"10292945/UNDP-ECU-00481,1",Ecuador,103879.50
144058,Negociación UNDP-ARG-00402,Iván Momeño,23-Oct-2024,UNDP,10299285/UNDP-ARG-00402,Argentina,1744.37
144031,IC.2024-10-18,PHAN NGUYEN BAO LAM,22-Oct-2024,UNDP,10297936/UNDP-VNM-00997,Viet Nam,14997.45
144035,Negociación UNDP-ARG-00401,AGUILAR MARIA,22-Oct-2024,UNDP,10299269/UNDP-ARG-00401,Argentina,4104.40
143993,Trainer and Mentor for UNDP-Programme- Data Expansion for Human Security programme- Isnad,Ahmad Abdelkarim Mubark Alshugran,20-Oct-2024,UNDP,10290137,Jordan,10000.00
143981,"International Junior Consultant to support UNDP Viet Nam in UN human rights mechanisms, rule of law, and inclusive governance",Marina Carvalho Marcelli Ruzzi,18-Oct-2024,UNDP,10292469,Viet Nam,57060.00
143995,Service related to the implementation of demonstration projects on energy management system (EnMS) and Energy System Optimization (ESO) in 7 Industrial Enterprises in Southern and Central areas of Vietnam,Trung Tam Ung Dung Tien Bo Khoa Hoc Va Cong Nghe,18-Oct-2024,UNIDO,3000133871,Viet Nam,36519.82
148306,"International Junior Consultant to support UNDP Viet Nam in UN human rights mechanisms, rule of law, and inclusive governance",Marina Carvalho Marcelli Ruzzi,18-Oct-2024,UNDP,10292469/UNDP-VNM-00819,Viet Nam,57060.00
143936,LBN-CO- IC-141-24,AETHER LIMITED,17-Oct-2024,UNDP,10291773/UNDP-LBN-00658,Lebanon,11200.00
143941,IC 442 National consultant to develop the business model for forecasting and early warning system in Prespa,Vladimir Cvetinovski,17-Oct-2024,UNDP,10296428/UNDP-MKD-00442,North Macedonia,4277.31
143942,IC 443 National consultant for the upgrade of the existing forecasting and early warning system in Prespa,Oliver Iliev,17-Oct-2024,UNDP,10296223/UNDP-MKD-00443,North Macedonia,7485.30
143890,Ecotourism Consultant -SoER,MUHAMMED TAHER ZOHDI ASFOUR,16-Oct-2024,UNDP,10294051/UNDP-JOR-00370,Jordan,13135.59
143896,Consultancy for Baseline Assessment of Country Office Gender Mainstreaming,Sanele Phiwayinkhosi Sibiya,16-Oct-2024,UNDP,10288314/UNDP-SWZ-00104-2,Eswatini,5160.84
144076,Provision of Advisory Services for the IFRS Financial Report,EY SPA,14-Oct-2024,IFAD,IFAD/2024/011/RFP,Italy,121145.37
143792,511_Electronic application in humanitarian demining certification sphere,"Computer Information Technologies, LLC",11-Oct-2024,UNDP,10282531/UNDP-UKR-00880,Ukraine,93140.03
143800,Construction of 3 Modular Centres,"ARTMETALL UKRAINE"" LLC",11-Oct-2024,UNDP,10287213/UNDP-UKR-00673,Ukraine,576406.55
143766,Support to develop the First Biennial Transparency Report of Sri Lanka for  the UNFCCC (BTR1).,NATIONAL CLEANER PRODUCTION CENTRE,10-Oct-2024,UNDP,10289604/UNDP-LKA-00363,Sri Lanka,149009.88
146147,RFP for Strengthening the Response Capacity to Country Information Needs,Asylum Research Centre (ARC),10-Oct-2024,UNHCR,UNHCR RFP: 29,Multiple destinations,
146264,SERVICIO DE RESUMEN DE PRENSA (CLIPPING),LITORALPRESS MEDIA DE INFORMACIÓN S.A.Conecta Research SA,10-Oct-2024,UNICEF,RFPS CLE 09-2024,Chile,
146476,competency Curriculum Development,team International engineering & management consultants,10-Oct-2024,UNESCO,IRQ/RFP/24/18,Iraq,262345.00
143764,Provision of the Service to Design and Implement a Learning Experience in  Colombia,ONG CORPORACIÓN PROCASUR,09-Oct-2024,IFAD,IFAD/2024/014/RFP,Colombia,134970.00
143731,RESUSCITATING THE UN MOZAMBIQUE MULTI-PARTNER TRUST FUND,Regev Ben Jacob,08-Oct-2024,UNDP,10289129,Mozambique,55194.00
144093,Support to the Group on Earth Observations for the Delivery of Media Engagement Activities & Op-ed Workshop,Project Syndicate LLC,08-Oct-2024,WMO,2425-24,Italy,35315.00
145996,Provision of services on UNV Cost recovery policy review,Ernst & Young Ltd,08-Oct-2024,UNV,52001038/UNV-00272,Germany,364172.00
143702,RFP/03/24/ ESP-OPT Request for Proposals to Assist the ILO in Enhancing Market Access for Agricultural Cooperatives in the West Bank through Marketing Development,Solutions for Development Compnay,07-Oct-2024,ILO,rfx_675_ROAS,"Palestine, State of",
143708,Induction of Graduates Under The Eswatini Youth Empowerment Programme,CATALYZE SWAZILAND,07-Oct-2024,UNDP,10289653/UNDP-SWZ-00105,Eswatini,103502.82
143714,Termin al Evaluation Terms of Reference Greening RFM Hospital Project,KOTA LYNN SAMKELISIWE,07-Oct-2024,UNDP,10276918/UNDP-SWZ-00099,Eswatini,6691.95
147408,Al Mohana Lease Agreement in Deir Al Balah- UNDSS Guest House,Wesam Mohana Abdul Mohsen Mohana,07-Oct-2024,UNDP,10276260,"Palestine, State of",210000.00
143699,National Consultant to Conduct a Gender Analysis on women’s fintech inclusion,Mai Odeh Shehadeh Eleimat,06-Oct-2024,UNDP,10288501,Jordan,18008.47
143690,UNDP-SLV-00328 ENCUESTA CIERRE RURAL ADELANTE,EUROLATINA PARA LATINOAMERICA Y EL CARIBE S.A. DE C.V.,04-Oct-2024,UNDP,10278461,El Salvador,109546.00
143692,CI pour élaboration d'un guide de mise en place du TPIp au niveau communautaire,THIERRY DAMIEN ADAMO OUEDRAOGO,04-Oct-2024,UNDP,10281908/UNDP-TCD-00283-2,Chad,28490.00
143693,Negociación UNDP-ARG-00374,LAURA LUCIA BELFER,04-Oct-2024,UNDP,10289028/UNDP-ARG-00374,Argentina,4546.08
143661,International Consultant as a Participatory Research Expert-10287940- PRC0086975,Guy Lamb,03-Oct-2024,UNDP,10287940,Papua New Guinea,83859.00
143671,LBN-CO-IC-24-145,helena rizk,03-Oct-2024,UNDP,10284473/UNDP-LBN-00660,Lebanon,6560.00
143680,Adjudicación del proceso PCI-044-2024,PAMELA GONZALEZ MONTES,03-Oct-2024,UNDP,10287832/UNDP-MEX-00355,Mexico,10229.01
144950,Contract,Semiotics Consultants (Pvt.) Limited,03-Oct-2024,UNIDO,7000007079,Pakistan,64770.00
148304,International Consultant as a Participatory Research Expert-10287940- PRC0086975,Guy Lamb,03-Oct-2024,UNDP,10287940/UNDP-PNG-00109,Papua New Guinea,83859.00
143648,IC.2024-10-01,NGUYEN THI KIM CUC[[ID 034183027418]],02-Oct-2024,UNDP,10287343/UNDP-VNM-00943,Viet Nam,3600.00
143652,Adjudicación Negociación UNDP-ARG-00382,Maria Paula Lopardo,02-Oct-2024,UNDP,10286888/UNDP-ARG-00382,Argentina,5217.85
143656,LBN-CO-IC-142-24,SAID GHAZI SOUKI,02-Oct-2024,UNDP,10283705/UNDP-LBN-00653,Lebanon,10350.00
143616,Negociación UNDP-ARG-00368,Maria Emilia Mamberti,01-Oct-2024,UNDP,"10285913/UNDP-ARG-00368,1",Argentina,4000.00
144925,Mid-term Evaluation of the UN Ocean Decade,INOMER,01-Oct-2024,UNESCO,RFP / IOS / EVS / IOC / 2024,France,111839.21
158058,Long Term Agreement (LTA) for Professional Face-To-Face (F2f) Fundrasing Services,DialogueDirect Malaysia Sdn. Bhd.,01-Oct-2024,UNICEF,LRPS-2024-9188582,Malaysia,34000.00
143581,Award of contract,Lambdaconsult Co. Ltd.,30-Sep-2024,UNDP,10286504/UNDP-SDN-00206,Sudan,42178.50
143592,Negociación UNDP-ARG-00366,Noelia Gutierrez,30-Sep-2024,UNDP,"10285219/UNDP-ARG-00366,1",Argentina,4382.99
143595,Implementación de una evaluación formativa de la Estrategia territorial de prevención y reducción de la desnutrición crónica infantil de UNICEF en Imbabura y Chimborazo entre 2015 y 2024,videnza consultores,30-Sep-2024,UNICEF,LRPS 2024 - 9191429,Ecuador,
143556,Provide technical expertise to enhance circular agriculture in Viet Nam,TT THONG TIN PT NNGHIEP NONG THON[[TRUNG TAM THONG TIN PHAT TRIEN NONG NGHIEP NONG THON]],27-Sep-2024,UNDP,10285613/UNDP-VNM-00941,Viet Nam,16210.82
143634,Measuring Child Poverty in Malaysia,DM Analytics Sdn Bhd,27-Sep-2024,UNICEF,LRPS-2024-9191521,Malaysia,34000.00
143545,RPA ref. 24/214 Fostering Economic Growth and Diversification in the Coastal and Northern Matn Cluster of Municipalities,Fair Trade Lebanon,26-Sep-2024,UNDP,10277966/UNDP-LBN-00578,Lebanon,1176000.00
143498,UNDP-RFP-2024-188,Hashoo Foundation,25-Sep-2024,UNDP,"10271986/UNDP-PAK-00803,2",Pakistan,168129.77
143478,IC.2024-09-11 PO 10282953,DINH LAM GIANG,24-Sep-2024,UNDP,10282953/UNDP-VNM-00911,Viet Nam,5722.04
143484,NATIONAL INDIVIDUAL CONSULTANT FOR TERMINAL EVALUATION FOR THE STRENGTHENING EAR,THEMBENI BUSISIWE DLAMINI,24-Sep-2024,UNDP,10279845/UNDP-SWZ-00098,Eswatini,13941.56
143448,LBN/CO/IC/144/24,Lara Macaron,20-Sep-2024,UNDP,"10280005/UNDP-LBN-00654,1",Lebanon,10250.00
143398,Events management,Cheil World WIde Inc.,19-Sep-2024,UNDP,UNDP-JOR-10056,Jordan,
143404,IC 426 REGIONAL DRILL COORDINATOR,Zoran Dorevski,19-Sep-2024,UNDP,"10281451/UNDP-MKD-00426,1",North Macedonia,5129.26
143705,WTO Fish Fund Mel framework,DGDA Switzerland SARL,19-Sep-2024,WTO,RFP-2024-222-WTO MEL FRAMEWORK,Switzerland,179000.00
143369,Lease agreement,ZAN GROUP HOTELS LLC,17-Sep-2024,UNDP,10280044/UNDP-GEO-00193,Georgia,20800.00
143373,Adjudicación PCI-036-2024,GUILLERMO JULIO ROMAN MOGUEL,17-Sep-2024,UNDP,10280387/UNDP-MEX-00330,Mexico,8568.55
143350,IC Drill Evaluator in the Polog region,NIKOLAJ RENDEVSKI,16-Sep-2024,UNDP,"10279382/UNDP-MKD-00427,1",North Macedonia,2874.54
143353,"Review, Redesign of the Eswatini National youth Council Website",Kunal Taank,16-Sep-2024,UNDP,10276909/UNDP-SWZ-00096,Eswatini,14925.44
143355,Fintech Expert to conduct an SDG Digital Finance Ecosystem Assessment,TALHA LEGHARI,16-Sep-2024,UNDP,10279433/UNDP-JOR-00361,Jordan,56590.00
143332,Adjudicación del proceso SDP-019-2024,MIRANDA MPR SA DE CV,13-Sep-2024,UNDP,10279056/UNDP-MEX-00340,Mexico,5674.24
143308,Conduct Impact Evaluation of the Tulong Panghanapbuhay sa Ating Disadvantaged Workers (TUPAD) Program,DE LA SALLE UNIVERSITY INCORPORATED,12-Sep-2024,UNDP,10277946,Philippines,115035.39
143314,JRP coordination consultant,Majed Abdealnaser Khilaif Alrawahneh,12-Sep-2024,UNDP,10278152/UNDP-JOR-00373,Jordan,7203.39
143315,JORISS System Configuration Specialist,Amal Mohammad Hafez Abu shehab,12-Sep-2024,UNDP,10278175/UNDP-JOR-00374,Jordan,8474.58
143347,Managed Cloud Services,SoftwareONE AG,12-Sep-2024,WIPO,AFMS_ICTD/2022/921 LTA,Switzerland,
146960,"Réalisation d’une série de sessions de formation à titre de formations complémentaires pour le renforcement des capacités des techniciens en informatiques et des documentalistes de 06 pays (Bénin, Djibouti, Guinée, Madagascar, Togo et République Congo",QUALISYS Consulting,12-Sep-2024,UNESCO,N/A,Multiple destinations,109841.30
143289,IC.2024-08-06,NGUYEN HOANG TIEP[[001084020186]],11-Sep-2024,UNDP,10260051/UNDP-VNM-00838,Viet Nam,23742.00
143300,Adjudicación del proceso PCI-039-2024,EVA MERCEDES ANDUAGA RENDON,11-Sep-2024,UNDP,"10277175/UNDP-MEX-00336,1",Mexico,14886.20
146259,Estudio para el ajuste y profundización del Modelo de Fiscalización con enfoque en derechos de la Superintendencia de Educación.,Cliodinamica Ltda,11-Sep-2024,UNICEF,RFPS CLE 53-2024,Chile,
143225,IT Resources Augmentation Services,EXPERIS AGRandstad Digital Switzerland AGWesthouse Schweiz AG,10-Sep-2024,WIPO,AFMS_ICTD_ITD/2022/931/RFP,Switzerland,
143198,IC.2024-08-07,Do Xuan Lan,09-Sep-2024,UNDP,10260497/UNDP-VNM-00798,Viet Nam,7914.00
149537,Servicio de producción para los eventos “Lanzamiento de Estudio: Caracterización de migrantes con vocación de permanencia en Costa Rica” y “Foro: Integración de migrantes en Costa Rica: Retos y enfoqu,NOVUM COMUNICACIONES S.A,06-Sep-2024,IOM,SDC.2024.1322,Costa Rica,10380.00
143174,"RFP/19/2024/GNC - Integrated Labour Market, Enterprise, Cooperative, and financial services assessment in Dabat, Ethiopia",BAN-Development Research Center for Excellence,05-Sep-2024,ILO,rfx_430_ROAF,Ethiopia,
143176,Individual Consultant-Chief Editor to support the development of the Jordan State of Environment Report--,BASSAM OSSAMA CHAFEIK HAYEK,05-Sep-2024,UNDP,10274616,Jordan,24000.00
143177,IC Capacity Building of farmers in Prespa region on organic agriculture,Goran Kolev,05-Sep-2024,UNDP,10273351/UNDP-MKD-00404,North Macedonia,21371.39
143180,Adjudicación del proceso SDP-018-2024,CAMBIOTEC AC,05-Sep-2024,UNDP,10274544/UNDP-MEX-00339,Mexico,9864.12
143155,Conduct Impact Evaluation of the Training for Work Scholarship Program of the Technical Education and Skills Development Authority,CRSM CONSULTING PVT LTD,04-Sep-2024,UNDP,10272102,Philippines,107242.69
143156,IC Capacity Building on Soil Management,Dushko Mukaetov,04-Sep-2024,UNDP,10270661/UNDP-MKD-00399,North Macedonia,18807.66
143158,RFP/26/2024/GNC Consultancy Services on developing East African Regional Competency standard in Domestic work,Cadena international development projects,04-Sep-2024,ILO,rfx_451_ROAF,Multiple destinations,
143144,Adjudicación del proceso PCI-037-2024,GERARDO JOSE SANCHIS MUÑOZ,03-Sep-2024,UNDP,10273088/UNDP-MEX-00331,Mexico,11899.00
143146,Adjudicación del proceso SDP-017-2024,IMPORTARE SOFTWARE SA DE CV,03-Sep-2024,UNDP,"10273112/UNDP-MEX-00332,1",Mexico,12559.88
146260,Fortalecimiento de instrumentos y herramientas que orientan la participación de los Consejos Locales de Educación Pública y su efectividad en la gestión educativa a nivel local,Estudios y Consultorias Focus Limitada,03-Sep-2024,UNICEF,RFPS CLE 56-2024,Chile,
143074,Public Engagements under the Ministry of Tinkhundla Administration and Development,BONGIWE MANDY FORTUNATE ZWANE MASEKO,02-Sep-2024,UNDP,10265401/UNDP-SWZ-00091,Eswatini,7465.56
143081,RFP 13-2024 - Trabajo de campo en el marco del Estudio KIDS ONLINE Argentina AREA: EDUCACIÓN Internal Number: 9191154,Voices Research and Consultancy,02-Sep-2024,UNICEF,9191154,Argentina,42850.00
143209,RFP 2024 005 9188604 Establishment of LTAs for Developing Short Films for UNICEF India,Dull Boy Jack ProductionsFour ClownsGR8DESIGNSJDOT FILMS (OPC) PRIVATE LIMITEDMagic Spangle Studios Private Limitedno logoRed Stone FilmsStudio Vitamin DThe VisualHouseVivify Animation Design StudioWANDERERS MEDIA WORKS PVT. LTD.,01-Sep-2024,UNICEF,RFP 2024 005 9188604,India,
143056,IC Capacity Building on Integrated Production,Marjan Kiprijanovski,30-Aug-2024,UNDP,10270662/UNDP-MKD-00402,North Macedonia,21868.35
143064,IC fo Capacity Building in irrigation of farmers in Prespa region,Vjekoslav Tanaskovikj,30-Aug-2024,UNDP,10269408/UNDP-MKD-00401,North Macedonia,18452.80
143040,IC for Capacity Building on Crop Diversification,Marjan Kiprijanovski,29-Aug-2024,UNDP,10269418/UNDP-MKD-00403,North Macedonia,21868.35
143049,IC.2024-08-24,Le Doan Khanh,29-Aug-2024,UNDP,10270560/UNDP-VNM-00910,Viet Nam,9252.86
143043,UNDP-LBY-00228,GAUSS INTERNATIONAL CONSULTING S L,29-Aug-2024,UNDP,10268281,Libya,145800.00
143013,IC.2024-08-22 - PO 10270034,HA MINH TUAN [[ID 006081002570]],28-Aug-2024,UNDP,10270034/UNDP-VNM-00878-2,Viet Nam,11513.34
143023,International Consultancy on: GCF NAP Readiness Capacity Proposal Design for Mozambique,Tigran Sukiasyan Yuri PE,28-Aug-2024,UNDP,10270638/UNDP-MOZ-00365,Mozambique,18972.31
143001,IC.2024-08-19,Nguyen Van Doan[[ID 034060002090]],27-Aug-2024,UNDP,10267622/UNDP-VNM-00857,Viet Nam,4806.97
143012,Adjudicación ADI-014-2024,LORENA CABRERA MONTIEL,27-Aug-2024,UNDP,10269770/UNDP-MEX-00329,Mexico,7860.07
142963,IC.2024-08-18,Vu Thanh Liem,26-Aug-2024,UNDP,10267620/UNDP-VNM-00856,Viet Nam,6965.00
142972,IC.2024-08-20,Nguyen Thi Hoang Nhi,26-Aug-2024,UNDP,10267629/UNDP-VNM-00906,Viet Nam,6672.07
142987,Chief Technical Advisor for Prespa,Gene Bundovski,26-Aug-2024,UNDP,UNDP-MKD-10142,North Macedonia,
145576,"Strategic Planning, Content and Training Facilitation",C & E Advisory Services Limited,26-Aug-2024,UNICEF,UNICEF-RFPS-PFP-2024-503680,Multiple destinations,
142944,Adjudicación ADI-016-2024,RAMON JOSE BARRERA MORALES,24-Aug-2024,UNDP,10267784/UNDP-MEX-00335,Mexico,1500.00
142945,Specialist to develop GEF PPG project under the Global Biodiversity Framework Fund,Francis Caleb Hurst((Francis Caleb Hurst Lda)),24-Aug-2024,UNDP,10267440,Jordan,40000.00
142939,National expert on regional water and energy resources management,Gaforzoda Bakhrom Abdulafiz,23-Aug-2024,UNDP,10267959/UNDP-TJK-00337,Tajikistan,9900.00
142942,"LOT #1 – 189,000.00 MDL LOT #3 – 342,300.00 MDL",(R) C I C B SRL,23-Aug-2024,UNDP,10268139/UNDP-MDA-00475,"Moldova, Republic of",29359.95
142943,"LOT #2 – 405,100.00 MDL",(R) C&I SRL,23-Aug-2024,UNDP,10268138/UNDP-MDA-00475,"Moldova, Republic of",23171.08
142908,Consultant for National Accounts Rebasing,Jan Redeby,22-Aug-2024,UNDP,10264944/UNDP-SWZ-00101,Eswatini,23750.00
142935,Adjudicación del proceso PCI-032-2024,ALFONSO JOSE EDUARDO BERMEJO VILLA,22-Aug-2024,UNDP,10266501/UNDP-MEX-00317,Mexico,13970.00
143046,"Etude sur les connaissances, attitudes et pratiques en matière de santé et hygiène menstruelle dans le milieu scolaire en Tunisie",IQVIA Technology Tunisia,22-Aug-2024,UNICEF,LRPS-24-9188919,Tunisia,175000.00
147505,Provision of event venue and meals for HLAB 2.0 CRA Even in New York in October 2024,"CONVENE - ETC VENUES NYC, LLC",22-Aug-2024,UNU,UNU-CPR/HLAB 2.0/NYC Event /October 2024,United States of America,23543.03
147158,"External Evaluation of the UNESCO projects “Support for Ukraine in Culture and Education Through UNESCO"" and “Support for Ukrainian Refugees Through Media”",PPMI GROUP UAB,21-Aug-2024,UNESCO,RFP-UA-24-5,Ukraine,
142826,UNDP-VNM-00887,Trung tam Ho tro Thanh nien Khoi nghiep,20-Aug-2024,UNDP,10266003/UNDP-VNM-00887,Viet Nam,35414.29
142846,International Consultant to provide Research Support to UNDP in the areas of youth empowerment and just energy transition,Giulia Di Donato,20-Aug-2024,UNDP,10266615/UNDP-VNM-00899,Viet Nam,34950.00
142802,Individual Consultant for the Development of Disaster Risk Financing Strategy for Jordan,Kamal Ahmed Gulzar,18-Aug-2024,UNDP,10262860,Jordan,16874.00
142790,Adjudicación del Proceso PCI-031-2024,Dora Daniela Dorantes Salgado,17-Aug-2024,UNDP,10263907/UNDP-MEX-00315,Mexico,27840.00
142783,Recrutement d'un cabinet pour élaborer un plan stratégique de transformation économique  de la RDC,Tony Blair Institute For Global Change,16-Aug-2024,UNDP,10247810,"Congo, The Democratic Republic of the",95000.00
142785,Development and Operationalization of Eswatini's National Development Plan (NDP) M&E Framework,CRAIG CORDELL NAUMANN,16-Aug-2024,UNDP,10258921/UNDP-SWZ-00088,Eswatini,29550.00
142789,UNDP-ECU-00438,ALPASACHA CIA LTDA,16-Aug-2024,UNDP,"10265144/UNDP-ECU-00438,1",Ecuador,135872.50
148281,Recrutement d'un cabinet pour élaborer un plan stratégique de transformation économique  de la RDC,Tony Blair Institute For Global Change,16-Aug-2024,UNDP,10247810/UNDP-COD-00312,"Congo, The Democratic Republic of the",95000.00
142757,Adjudicación del proceso SDC-005-2024,YOLANDA FAUSTINA PEREZ HERNANDEZ,15-Aug-2024,UNDP,10263896/UNDP-MEX-00307,Mexico,21786.49
142773,Adjudicación del Proceso PCI-035-2024,Víctor Aramburu Cano,15-Aug-2024,UNDP,10264481/UNDP-MEX-00322,Mexico,9759.10
142777,Chief Editor to support the development of the Jordan State of Environment Report,Ibrahim Abdel Gelil Abdalla,15-Aug-2024,UNDP,10263493/UNDP-JOR-00352,Jordan,23073.45
142742,PROVISION OF SERVICES RELATED TO THE DEVELOPMENT AND IMPLEMENTATION OF AWARENESS AND COMMUNICATION PLAN FOR THE UNIDO PARTNERSHIP FOR NET ZERO INDUSTRY PROGRAMME,Small World Stories Pty Ltd,14-Aug-2024,UNIDO,3000131470,Multiple destinations,
142752,Eswatini Youth Empowerment Programme Web Portal Management Consultant,MHLONGO MUZI,14-Aug-2024,UNDP,10262568/UNDP-SWZ-00102,Eswatini,4839.50
142755,Adjudicación del proceso PCI-033-2024,ISAAC MEDINA MARTINEZ,14-Aug-2024,UNDP,10264515/UNDP-MEX-00320,Mexico,25866.67
143150,REQUEST FOR QUOTATION (RFQ) Nº: UNFPA/BKK/RFQ/24/003 - ‘The provision of Strategic communication support to address Gender-Based Violence in Asia Pacific’,Rewire Design S.L.,14-Aug-2024,UNFPA,RFQ Nº: UNFPA/BKK/RFQ/24/003 -,Multiple destinations,
143636,YELL Conservocation Service Provider,Ratio Cause Sdn Bhd,14-Aug-2024,UNICEF,43412310,Malaysia,111000.00
142734,IC.2024-08-03,TRAN THI THU HA[[ID 036182004226]],13-Aug-2024,UNDP,10261674/UNDP-VNM-00808,Viet Nam,5986.92
142735,IC.2024-08-05,Jill Hodge,13-Aug-2024,UNDP,10261694/UNDP-VNM-00809,Viet Nam,23285.00
142683,CREDIT / FINANCING FACILITATION EXPERT,FADI FARID HABIB KHOURY,12-Aug-2024,UNDP,10258404/UNDP-JOR-00341,Jordan,51000.00
142686,Provision to recruit a local company/ academic institution/team to assist in conducting a Research Symposium on Child Protection as per the attached TOR.,University of Kelaniya,12-Aug-2024,UNICEF,LRPS-2024-9189899,Sri Lanka,33073.00
142687,RFP #UNDP-HQ-00802-2_Business Partner for PFSP,CREATELLA IMPACT INC,12-Aug-2024,UNDP,10261759/UNDP-HQ-00802-2,United States of America,172900.00
142689,IC.2024-08-08,TRAN THI MINH LUONG,12-Aug-2024,UNDP,10259945/UNDP-VNM-00881,Viet Nam,15285.38
142692,Adjudicación del proceso PCI-034-2024,SANTIAGO MUNEVAR SALAZAR,12-Aug-2024,UNDP,10260316/UNDP-MEX-00323,Mexico,13033.71
142629,Adjudicación del proceso SDP-009-2024,Koalsulting,08-Aug-2024,UNDP,10261045/UNDP-MEX-00284,Mexico,8213.86
142634,RLA.2024-08-02,Cong ty TNHH Y thuc Khi Hau,08-Aug-2024,UNDP,10259987,Viet Nam,90001.17
142635,DEVELOPMENT OF SOP FOR POLICY TRACKING AND DIGITAL POLICY TRACKER,ORGXPERT (PROPRIETARY) LIMITED,08-Aug-2024,UNDP,10258920/UNDP-SWZ-00093,Eswatini,84336.63
142637,Implementation of Capacity Building Programme for the private sector involved in producing solid biofuels through non-cash support mechanism,(R) AXA MANAGEMENT CONSULTING SRL,08-Aug-2024,UNDP,"10249228/UNDP-MDA-00434,1","Moldova, Republic of",549485.00
148289,RLA.2024-08-02,CONG TY TNHH Y THUC KHI HAU,08-Aug-2024,UNDP,10259987/UNDP-VNM-00783,Viet Nam,97851.28
142573,Provision to recruit a national institutional consultancy to harmonize data collection templates to generate standard justice for children indicators as per the attached TOR.,Institute for Participatory Interaction in Development (IPID),07-Aug-2024,UNICEF,LRPS-2024-9190141,Multiple destinations,14390.00
142528,IC.2024-08-01 PO 10258912,Pham Nguyen Khanh Thuong,06-Aug-2024,UNDP,10258912/UNDP-VNM-00860,Viet Nam,10051.77
152193,Office Space Rental for Direccion Nacional de Aeronautica Civil (DINAC) Paraguay,NA,06-Aug-2024,ICAO,ICAO/00278,Paraguay,
142463,"RFP/69/2023/JUG Provision of IT business and technical consultants to support, develop and implement enterprise solutions, custom-built applications and IT infrastructure",Zensar Technologies (UK) Limitede-Zest Solutions GmbHTech Mahindra Limited,01-Aug-2024,ILO,RFP/69/2023/JUG,Switzerland,
142506,Consultancy to develop a comprehensive Preliminary dan Data Landscape Study to participate in International Network of Sustainable Tourism Observatory,Uni-Technologies Sdn Bhd,01-Aug-2024,UNDP,"10236429/UNDP-MYS-00115,2",Malaysia,102179.92
143635,Building Awareness on Child Rights Deprivation Contributing to Child labour for Children in and around Oil Palm Plantations in Sabah,Onyx Charity Association,01-Aug-2024,UNICEF,9190494,Malaysia,93000.00
142441,RPF/68/2023/GNC - Consultancy Services (Firm) for Supervision of Infrastructure Measures Somalia-Baidoa,Asal Builders Limited,31-Jul-2024,ILO,rfx_323,Somalia,
142499,Contract 24/154 KPMG De-risking Renewable Energy Investment in Lebanon_Study 2024,KPMG PCC,31-Jul-2024,UNDP,10256274,Lebanon,173300.00
142495,"Consultancy Services for the Preparation of a Digital Health Architecture with related blueprints, roadmaps, and guidance",Lattice Innovations Private Limited,30-Jul-2024,UNDP,10257544,Mauritius,161100.00
146262,"Servicio de análisis, propuesta, logística y realización de carrera familiar con circuitos de 10KM y 2KM",GYT BUSINESS GROUP SPA,30-Jul-2024,UNICEF,RFPS CLE 01-2024,Chile,
151554,Tourism Destination Investment and Management,Semiotics Consultants Pvt Limited,30-Jul-2024,UNIDO,7000007079,Pakistan,75360.00
142490,Human Rights Advocacy Consultant,SHABANGU THEMBINKOSI SAKHILE,29-Jul-2024,UNDP,10255554/UNDP-SWZ-00092,Eswatini,5567.93
142492,UNDP-GEF Midterm Review Terms of Reference – National Consultant (IC),NADER FARES EL HAJJ SHEHADEH,29-Jul-2024,UNDP,10252708/UNDP-LBN-00589,Lebanon,9000.00
142488,Ganador del proceso PCI-023-2024,DANIEL TAPIA QUINTANA,26-Jul-2024,UNDP,"10246738/UNDP-MEX-00289,1",Mexico,11372.55
142370,Monitoring and Evaluation Expert,WESAM BASSAM ELIAS ALBAWALSAH,25-Jul-2024,UNDP,10255474/UNDP-JOR-00347,Jordan,14689.27
142733,AB TESTING and PERSONALIZATION TOOL & SERVICES,Optimizely AB,24-Jul-2024,UNICEF,RFPS-PFP-2023-503625,Multiple destinations,
142337,IC.2024-07-36,Pham Thu Hien[[ID 036165045740]],23-Jul-2024,UNDP,"10254370/UNDP-VNM-00846,1",Viet Nam,4015.29
142302,IC.2024-07-34 PO 10253812,NGUYEN THI HA,22-Jul-2024,UNDP,10253812/UNDP-VNM-00853,Viet Nam,3303.72
142308,LBN-CO- IC-113-24,Stern Mwakalimi Kita,22-Jul-2024,UNDP,10251431,Lebanon,46500.00
142314,UNDP-BRA-00429,WayCarbon Soluções Ambientais e Projetos de Carbono,22-Jul-2024,UNDP,10251621/UNDP-BRA-00429,Brazil,66691.37
148283,LBN-CO- IC-113-24,Stern Mwakalimi Kita,22-Jul-2024,UNDP,10251431/UNDP-LBN-00571,Lebanon,46500.00
142298,Contract No. 10252667,VOLUNTAS ADVISORY,21-Jul-2024,UNDP,10252667,Sudan,110325.00
146964,"Establishment of the Recovery Support Unit to provide technical expertise and assistance to the Ministry, national and decentralised administrations and civil society",NON GOVERNMENTAL UNION FOUNDATION FOR SUPPORT OF REFORMS IN UKRAINE,19-Jul-2024,UNESCO,RFP-UA-24-2,Ukraine,217640.00
142242,IC.2024-07-31,Pham Van Hieu[[ID 022085004275]],18-Jul-2024,UNDP,10252985/UNDP-VNM-00831,Viet Nam,6006.87
142248,Request for Proposal: UNDP-GNB-00123,UNIVERSITY NETWORK FOR INTERNATIONAL TRAINING AND ENGAGEMENT FOR HUMAN RIGHTS,18-Jul-2024,UNDP,10248241/UNDP-GNB-00123,Guinea-Bissau,72650.00
142249,National Consultant 'Gender Specialist',Munyamaliza Edouard,18-Jul-2024,UNDP,10248284,Rwanda,9238.56
142198,Design and Web Development - Relaunch of the digital educational game Målkompassen,Lightweb AB,16-Jul-2024,UNDP,10251314/UNDP-H28-00028,Denmark,47842.31
142199,UNDP-LBN-00556,Elie El Khoury,16-Jul-2024,UNDP,10251920/UNDP-LBN-00556,Lebanon,13500.00
142209,Archiving Services of Palestinian Family and Regular Courts’ Documents,ALPHA INTERNATIONAL FOR RESEARCH POLLING,16-Jul-2024,UNDP,10250645,"Palestine, State of",121905.00
142185,IC.2024-06-20,Hoang Anh Thi,15-Jul-2024,UNDP,10244429/UNDP-VNM-00773,Viet Nam,9509.67
142165,Ganador del proceso PCI-027-2024,GERMAIN ACO HUERTA,12-Jul-2024,UNDP,10249809/UNDP-MEX-00311,Mexico,13103.81
142306,Provision of Expert Advisory Services for the review of IFAD’s Reassignment exercise,GPC Global People Culture Consulting GmbH,12-Jul-2024,IFAD,IFAD/2024/OPV/002/RFP,Italy,125000.00
142163,Ganador del Proceso PCI-026-2024,ISAAC MEDINA MARTINEZ,11-Jul-2024,UNDP,UNDP-MEX-10040,Mexico,
142111,IC.2024-07-06 PO10245709,Tran Quynh Anh,10-Jul-2024,UNDP,10245709/UNDP-VNM-00802,Viet Nam,7072.20
142088,PCI-022-2024,TALIA CRUZ CASTANEDA,09-Jul-2024,UNDP,10247963/UNDP-MEX-00294,Mexico,8638.34
142093,Consultants for localisation of UNODC university modules,Armindo Armando Nhanombe,09-Jul-2024,UNDP,10248791,Mozambique,3000.00
142056,IC.2024-07-05 PO10246195,Do Phuong Hien,08-Jul-2024,UNDP,10246195/UNDP-VNM-00804,Viet Nam,7072.20
142057,Ganador del proceso SDP-011-2024,GRECIA ANGELICA CETINA PALOMO,08-Jul-2024,UNDP,10239866,Mexico,17981.46
143966,"Contratação para desenvolver plano de divulgação do novo modelo de atuação do 1MiO e criar instrumentos de reconhecimento, certificação e mensuração do impacto da inclusão produtiva jovem nas empresas",CASA CAUSE AGENCIA DE INFORMAÇÃO LTDA,08-Jul-2024,UNICEF,LRPS-2024-9189777,Brazil,
148275,Ganador del proceso SDP-011-2024,GRECIA ANGELICA CETINA PALOMO,08-Jul-2024,UNDP,"10239866/UNDP-MEX-00286,3",Mexico,17981.46
143965,Acordo de Longo Prazo (LTA) para contratação dos serviços de empresa/instituição especializada no desenvolvimento de jornada formativa em Diversidade e Inclusão Produtiva Jovem para Profissionais de Organizações Públicas e Privadas,SRN plataformas,07-Jul-2024,UNICEF,LRPS-2024-9189577,Brazil,
142037,IC.2024-06-11,Pham Anh Huyen,05-Jul-2024,UNDP,10247018/UNDP-VNM-00775,Viet Nam,9626.05
142047,Elaboración de la “guía sobre modalidades alternativas de cuidado para NNAs privados del medio familiar o en riesgo de estarlo”,Danielle Childrens Fund Ecuador,05-Jul-2024,UNICEF,LRPS-2023-9186461,Ecuador,
142049,Ganador del proceso SDP-012-2024,Koalsulting,05-Jul-2024,UNDP,10247380/UNDP-MEX-00295,Mexico,8530.77
142051,Ganador del proceso PCI-023-2024,KARLA JOANA LÓPEZ NAVA,05-Jul-2024,UNDP,"10246769/UNDP-MEX-00296,1",Mexico,11776.46
142017,IC.2024-06-12,Do Thi Viet Huong,04-Jul-2024,UNDP,10246361/UNDP-VNM-00787,Viet Nam,10820.47
142022,IC.2024-07-04 PO10246196,Tran Xuan Hoai,04-Jul-2024,UNDP,10246196/UNDP-VNM-00799,Viet Nam,4809.10
142024,PCI-015-2024 Experto/a en género,Diana Lahoz Gomez,04-Jul-2024,UNDP,10247355/UNDP-MEX-00278,Mexico,13204.79
141981,RECRUTEMENT D’UNE STRUCTURE LOCALE CHARGEE D’OPERATIONNALISER DES TOILETTES ECO,ESEDD SUBVENTION PNUD,02-Jul-2024,UNDP,10244913,Chad,102794.15
148280,RECRUTEMENT D’UNE STRUCTURE LOCALE CHARGEE D’OPERATIONNALISER DES TOILETTES ECO,ESEDD SUBVENTION PNUD,02-Jul-2024,UNDP,10244913/UNDP-TCD-00252-2,Chad,102794.15
141962,IC.2024-06-14,HA THI VAN KHANH,01-Jul-2024,UNDP,10240839/UNDP-VNM-00763,Viet Nam,6724.01
141963,IC.2024-06-15 PO10245045,Le Thi Huong,01-Jul-2024,UNDP,10245045/UNDP-VNM-00762,Viet Nam,5059.74
141959,IC.2024-06-16 PO 10240840,Truong Ba Kien,30-Jun-2024,UNDP,10240840/UNDP-VNM-00761,Viet Nam,8844.75
141929,C.2024-06-07,TAUW BV,27-Jun-2024,UNDP,10242368/UNDP-VNM-00788,Viet Nam,26337.50
141931,Individual Consultant: ICESCR Reporting consultant,Ahsan Nawaz,27-Jun-2024,UNDP,10242307/UNDP-PAK-00752,Pakistan,8268.16
141934,Recruitment of National Consultant,Berilia Julia Lubrino Cossa,27-Jun-2024,UNDP,10241982/UNDP-MOZ-00400,Mozambique,2200.00
141936,Consultants for localisation of UNODC university modules,Rogers Justo Mateus Hansine,27-Jun-2024,UNDP,10244011,Mozambique,4000.00
143666,Deadline Extension - Request for Proposal for the provision of Enhancement and further development of the Yemen Education Management Information System (EMIS).,Lhassa Consulting FZE,27-Jun-2024,UNESCO,BEI/RFP/24/01,Yemen,50062.50
141916,UNDP-IC-2024-153; Individual Consultant: Sindh Business & Human Rights Consultant,Rida Tahir,26-Jun-2024,UNDP,10240295/UNDP-PAK-00748,Pakistan,3019.67
141924,SDP-013-2024 Consultoría para la ampliación de la Plataforma de Aprendizaje Anticorrupción,ALICIA HERNANDEZ ALFARO,26-Jun-2024,UNDP,10242847/UNDP-MEX-00297,Mexico,26112.67
141925,"UNDP-BRA-00403,2 -  Consultoria para a adequação do MDIC à LGPD",MODULO SECURITY SOLUTIONS EM RECUPERACAO JUDICIAL,26-Jun-2024,UNDP,"10240647/UNDP-BRA-00403,2",Brazil,36325.46
141939,Provision of External Legal Services for IFAD and Staff Members,EXP Legal,26-Jun-2024,IFAD,IFAD/2024/006/RFP,Italy,24752.00
141889,"Improved Climate Change Mitigation, Adaptation, and Biodiversity Conservation",Bjay-Kumul Development Services,25-Jun-2024,UNDP,10239947,Papua New Guinea,72322.13
148276,"Improved Climate Change Mitigation, Adaptation, and Biodiversity Conservation",Bjay-Kumul Development Services,25-Jun-2024,UNDP,"10239947/UNDP-PNG-00091,1",Papua New Guinea,72322.13
141865,r Provision of Labour Assessment and Management Procedures to support the design  of a new IFAD project,CERFODES UGANDA LIMITED,24-Jun-2024,IFAD,IFAD/2024/005/RFP,Eritrea,99350.00
143970,"Contratação de serviço para desenvolvimento de materiais e aplicação de formação de profissionais para aprimoramento da qualidade de serviços de pré-natal, parto e puerpério",Rede pela Humanização do Parto e Nascimento,24-Jun-2024,UNICEF,LRPS-2024-9190542,Brazil,
141831,IC.2024-06-10 - PO 10240808,NGUYEN VU LINH,21-Jun-2024,UNDP,10240808,Viet Nam,4911.45
141832,Consultant for localisation of UNODC university modules,Liria Quelidio Langa,21-Jun-2024,UNDP,10240963,Mozambique,4000.00
141833,Consultant for localisation of UNODC university modules,Rogers Justo Mateus Hansine,21-Jun-2024,UNDP,10240443,Mozambique,4000.00
141858,Ganador del proceso PCI-016-2024,JESUS ANTONIO ALARCON CISNEROS,21-Jun-2024,UNDP,10239256/UNDP-MEX-00279,Mexico,20391.95
141968,Engaging Agency for process evaluation of UNICEF's technical support to government for strengthening interventions for prevention and management of growth faltering in children under five in 6 states,Athena Infonomics India Pvt.  Ltd.,21-Jun-2024,UNICEF,RFP-2024-009-9188885,India,86264.00
148277,IC.2024-06-10 - PO 10240808,NGUYEN VU LINH,21-Jun-2024,UNDP,10240808/UNDP-VNM-00650,Viet Nam,4911.45
148274,IC.2024-06-03,NGO THI QUYNH ANH,20-Jun-2024,UNDP,10238138/UNDP-VNM-00736,Viet Nam,14741.25
141812,IC.2024-06-03,NGO THI QUYNH ANH,20-Jun-2024,UNDP,10238138,Viet Nam,9827.50
141766,IC.2024-06-05,LE THI PHUONG MAI[[ID 001171018737]],18-Jun-2024,UNDP,10238104/UNDP-VNM-00765,Viet Nam,11321.28
149914,"Provision to contract a local research company/team for Capacity building of policymakers to improve national and subnational data collection, planning and budgeting processes from a child-rights per",Verité Research (Pvt) LtdVerité Research (Pvt) Ltd,16-Jun-2024,UNICEF,LRPS-2025-9197509,Sri Lanka,32259.00
142347,SERVICIOS DE HEADHUNTING PARA LA PROVISIÓN DE LISTAS DE CANDIDATURAS PREEVALUADAS,Talent Partners SpA,15-Jun-2024,UNICEF,RFPS CLE 03-2024,Chile,
141742,UNDP-IC-2024-182; National IC Lead Advisor for NGP,HASAAN KHAWAR,13-Jun-2024,UNDP,"10236468/UNDP-PAK-00796,1",Pakistan,98809.51
141752,UNDP-IC-2024-181; National IC Senior Strategic Advisor for NGP,Ali Raza Bhutta,13-Jun-2024,UNDP,"10235344/UNDP-PAK-00795,1",Pakistan,94505.32
141736,UNDP-IC-2024-152; Individual Consultant: Policy Consultant - National Action Plan,MAIMANA KHATTAK,12-Jun-2024,UNDP,10235328/UNDP-PAK-00749,Pakistan,12580.82
141739,UNDP-IC-2024-145; Trainer - Corporate Responsibility to Respect Human Rights,Sheikh Hammad Amjad,12-Jun-2024,UNDP,10235710/UNDP-PAK-00729,Pakistan,10280.33
141741,018-2024-RFP-Consultancy,VOLUNTAS ADVISORY,12-Jun-2024,UNDP,10234966,Sudan,168950.00
144931,Implementing Partner Agreement,National Rural Support Programme,12-Jun-2024,UNIDO,7000006593,Pakistan,496201.59
144933,Implementing Partner Agreement,Pakistan Microfinance Network,12-Jun-2024,UNIDO,7000006593,Pakistan,411141.20
141734,IC.2024-06-02: National Consultant on “Unlocking Digital Transformation for Inclusive and Sustainable Development of Viet Nam” ULO: 31-3100044607-001,TRAN LUONG THANH,10-Jun-2024,UNDP,10233620,Viet Nam,4977.26
143637,"Commemoration of MCO@70 and 70 Years of Progress for Children (Reception, Video Package and Other Activations)",RED COMMUNICATIONS SDN BHD,10-Jun-2024,UNICEF,43408028,Malaysia,82000.00
148270,IC.2024-06-02: National Consultant on “Unlocking Digital Transformation for Inclusive and Sustainable Development of Viet Nam” ULO: 31-3100044607-001,TRAN LUONG THANH,10-Jun-2024,UNDP,10233620/UNDP-VNM-00705,Viet Nam,4977.26
147502,Provision of conference support services,TRIUMPH INC.,08-Jun-2024,UNU,RFQ006/2024-UNU-Centre-Tokyo,Japan,115506.79
141699,Consultoria para fornecer subsídios à estruturação do Programa Selo Verde BR,Sextante Ltda,05-Jun-2024,UNDP,"UNDP-BRA-00402,2",Brazil,64722.00
144929,"External evaluation of the programme Gender at the Centre Initiative – 2020-2023, Phase 1",Icon Institute GmbH & Co KG Consulting,03-Jun-2024,UNESCO,RFP IIEP Dakar - 2024 External Strategic Evaluation of Phase 1 of the Gender at the Centre Initiative (GCI),Multiple destinations,250000.00
141988,"Office optimisation of the OPCW Headquarters, The Hague",No Supplier - RFI,02-Jun-2024,OPCW,RFI-GSS-2024-002,Multiple destinations,
146903,Provision of facilitation services,The Together Apart Pty Ltd,02-Jun-2024,UNU,RFQ005/2024-UNU-Centre-Tokyo,"Macao, Special Administrative Region of China",15000.00
141815,RFP 2024 001 9187820 - LTA for Marketing Communication THIS BID IS FOR AGENCIES THAT HAVE PRESENCE IN INDIA.,Cheil India Private LimitedHINDUSTAN THOMPSON ADVERTISING LIMITEDTLG India Private Limited,01-Jun-2024,UNICEF,RFP 2024 001 9187820,India,
142180,IT support at the WHO office at the United Nations in New York,DAG Tech,01-Jun-2024,WHO,IT/WUN/2022,United States of America,
142348,AGENCIAS DE MARKETING PARA SERVICIOS DE MYSTERY SHOPPER,Bare International,01-Jun-2024,UNICEF,CLE 78/2023,Chile,
141640,End-of-Project Evaluation of a European Union-Funded Project,Voluntas Advisory ApS,30-May-2024,UNESCO,JOR/RFP/23/04,Jordan,54450.00
141534,Evaluation of the project “Social Media 4 Peace”,Humanitarian Impact Institute Limited,28-May-2024,UNESCO,RFP/CI/FEJ/2024/28,Multiple destinations,47100.00
143975,Contratação de empresa para produção de estudo sobre habilidades e inclusão socioprodutiva de jovens na transformação ecológica (green skills e green jobs),Plan Consultoria e Pesquisa em Cienciais Sociais Ltda EPP,27-May-2024,UNICEF,RFPS-2024-9189411,Brazil,
146550,Provision of expert advisory services for the Roadmap to Implementation of the enhancement of IFAD’s Procurement and Financial Management functions,KPMG Advisory S.p.A.,27-May-2024,IFAD,IFAD/FCD/2024/001,Italy,92600.00
141540,Exhibit Booth Construction and Exhibitor Booth Services,GES Canada Limited,24-May-2024,ICAO,ICAO/00245,Canada,
142367,Recruitment of a communication agency/organization/group of consultants to develop a communications strategy.,TOKAY,24-May-2024,IOM,HT10-AMI-2024-003,Haiti,123371.00
147501,Employee engagement surveys,Agenda Consulting Limited,23-May-2024,UNU,LTA N. 1505 IFAD,Japan,28257.00
142787,Exhibit Booth Construction and Exhibitor Booth Services,GES Canada Limited,22-May-2024,ICAO,ICAO/00245,Canada,
158057,To Provide Quality Assurance And Training For The Design Of The Sabah Child Wellbeing Index,Social Policy Research Institute (SPRI),16-May-2024,UNICEF,LRPS-2024-9188496,Malaysia,21000.00
146901,Online and hybrid logistic support for PDT and SDG-UP conference management,Prime International Ltd.,15-May-2024,UNU,IAS-RFQ001/2024,Japan,17065.00
141351,Consultoria PJ TR Justiça Restaurativa,CATALISE,14-May-2024,UNDP,"UNDP-BRA-00331,1",Brazil,114123.00
146953,Procurement of information technology services to the Ministry of Education and Science of Ukraine for expansion of e-governance in education,Better Regulation Delivery Office,14-May-2024,UNESCO,CM-ED-PLS-EDP-2023-007883,Ukraine,835080.00
142350,COTIZACIÓN DE ARTICULOS INSTITUCIONALES (MERCHANDISING),SERVICIOS DE PUBLICIDAD Y MARKETING CUBIX LIMITADAComercial Partner SPA,13-May-2024,UNICEF,RFQ CLE 28-2024,Chile,
141186,"Consultoría para le elaboración del ""Estudio para la caracterización y aproximación sobre niñez y adolescencia vinculada y en riesgo de reclutamiento, uso y utilización en Ecuador""",MAGENTA FZE,09-May-2024,UNICEF,LRPS 2023 - 9186927,Ecuador,
147966,ITB for architectural survey via laser scanner of one to three ICTP campus buildings,Gaia Group Srl,08-May-2024,ICTP,24/09/ITB/ARCH_SURV,Italy,
158056,"Design the Sabah Child Wellbeing Index, collect data and analyse findings",PEMANDU Associates Sdn. Bhd.,06-May-2024,UNICEF,LRPS-2024-9188252,Malaysia,212500.00
145077,External Evaluation of a UNESCO Programme in Syria,Management and Development Associates SARL,26-Apr-2024,UNESCO,BEI/RFP/24/02,Syrian Arab Republic,15760.00
140884,"Global Media Monitoring, Social Listening & Analysis",UNICEPTA UK,25-Apr-2024,UNICEF,RFPS-PFP-2023-503658,Multiple destinations,
140869,Estratégia para diagnóstico e prevenção à Tortura em ambiente prisional,ASSOCIACAO UNIAO DE JOVENS VICENTE PINZON,24-Apr-2024,UNDP,UNDP-BRA-00317,Brazil,150268.00
141112,Event and coordination management services for UNCTAD's 60th Anniversary,C:LYNK Creative Network sàrl,23-Apr-2024,UN Secretariat,UNOGPO- 2200278598,Switzerland,
140885,Estratégia para inclusão laboral/produtiva de egressos do sistema prisional,JS/BRASIL CONSULTORIA LTDA EPP,22-Apr-2024,UNDP,UNDP-BRA-00319,Brazil,100372.00
140781,Provision of consultancy services for  Feasibility Study and Design of DaIMA  Component 3 (“Access Green Dairy  Financing Facility”),Social Finance Limited,19-Apr-2024,IFAD,IFAD/2024/002/RFP,Multiple destinations,
142820,Awards & Recognition,Rembrandt Awards Manufacturing Ltd,17-Apr-2024,ICAO,ICAO/00218,Canada,15179.00
140758,Consultoría para la Implementación de la estrategia de la iniciativa educativa Edupasión,1791306066001,16-Apr-2024,UNICEF,LRPS 2024-9188273,Ecuador,
146263,REALIZACIÓN DE UN ESTUDIO PARA EL FORTALECIMIENTO DE CAPACIDADES DE GENERACIÓN ESTADÍSTICA EN LA MEDICIÓN DE INDICADORES DE OBJETIVOS DE DESARROLLO SOSTENIBLE CON FOCO EN NIÑEZ Y ADOLESCENCIA EN CHILE,MIDE UC-PONTIFICIA UNIVERSIDAD CATÓLICA DE CHILE,16-Apr-2024,UNICEF,RFPS CLE 07-2024,Chile,
140737,"RFP/036/2023/ALG - Digital Internship Programme for Refugees and Host Communities in Greater Cairo, Alexandria, Damietta, EGYPT",iCareer,15-Apr-2024,ILO,rfx_229,Egypt,
140769,TCPC - Provision of a new Programme Management and Reporting Solution and related services (PCMF+) to the IAEA (5 years),Capture Consulting und IT Services GmbH,11-Apr-2024,IAEA,627813,Austria,
140908,Mid-term Evaluation of the UNFPA Supplies Partnership (2021 – 2030),Euro Health Group,10-Apr-2024,UNFPA,RFP UNFPA/USA/RFP/24/003,Multiple destinations,
141155,"Provision of technical assistance to small and medium enterprises applying for grants under the PAIDAR Programme in Sindh, Pakistan",ECI Private limited,09-Apr-2024,UNIDO,7000006675,Pakistan,72023.81
141156,"Provision of technical assistance to small and medium enterprises applying for grants under the PAIDAR Programme in Sindh, Pakistan",INTERNATIONAL CONSULTING ASSOCIATES PRIVATE LIMITED,09-Apr-2024,UNIDO,7000006675,Pakistan,78869.05
141157,"Provision of technical assistance to small and medium enterprises applying for grants under the PAIDAR Programme in Sindh, Pakistan",SINDH ENTERPRISE DEVELOPMENT FUND (SEDF),09-Apr-2024,UNIDO,7000006675,Pakistan,116341.99
140907,PROVISION OF FORMATIVE EVALUATION OF UNFPA SUPPORT TO THE INTEGRATION OF THE PRINCIPLES OF ‘LEAVE NO ONE BEHIND’ AND ‘REACHING THE FURTHEST BEHIND’ to HQ,Euro Health Group,08-Apr-2024,UNFPA,RFP UNFPA/USA/RFP/23/023,Multiple destinations,
144901,External Evaluation of the EU-funded project “Support to Afghan Media Resilience to Foster Peace and Security”,Aleph Strategies,08-Apr-2024,UNESCO,RFP/CI/FEJ/2024/3,Afghanistan,24108.00
145867,Developing in-house consulting capacity for EU Member States,KATHOLIEKE UNIVERSITEIT TE LEUVEN,04-Apr-2024,UNESCO,N/A,Belgium,217451.30
140606,LOCAL DE EVENTOS Y ALOJAMIENTO PARA RETIRO DE OFICINA,Hotel Santa Cruz Plaza S.A,02-Apr-2024,UNICEF,RFPS CLE 21-2024,Chile,
144902,Evaluation of “the International Centre for Documentary Heritage as a Category 2 Centre under the auspices of UNESCO”,Aleph Strategies,01-Apr-2024,UNESCO,RFP/CI/DPT/DHE/2024/03,Multiple destinations,19285.00
140620,EXTENDED - Evaluation of the Abdus Salaam International Centre for Theoretical Physics (ICTP),Economistas de la Cooperación SL,27-Mar-2024,UNESCO,RFP / IOS / EVS / ICTP / 2024,Multiple destinations,55010.95
141393,Provision of social media listening service,Shiota Health  Communications Inc,26-Mar-2024,WHO,LTA-WPRO-SUP-2024-004,Philippines,
141394,Provision of social media listening services,Research for Purpose,26-Mar-2024,WHO,LTA-WPRO-SUP-2024-005,Philippines,
141664,Provision of IT & Non-IT Staff Augmentation & Consultancy Services,"EUROPEAN DYNAMICS LUXEMBOURG SAe-Zest Digital Solutions Private LimitedB-NET KGJade Global, IncNTT DATA SPAIN, S.L., MADRID, SUCCURSALE DE GENÈVETech Mahindra LimitedZensar Technologies (UK) Limited",26-Mar-2024,IAEA,625574-MA,Austria,
140476,Estudio de caracterización de socios y donantes.,Proceso Desierto,22-Mar-2024,UNICEF,CLE 144-2023,Chile,
140512,Provision of Production of the Rural Sector Performance  Assessment (RSPA) for IFAD13,The Economist Group Limited (United Kingdom),22-Mar-2024,IFAD,IFAD/2024/001/RFP,Italy,
140472,Estimación del presupuesto para garantizar un piso de protección social para la niñez,Pontificia Universidad Católica de Chile,21-Mar-2024,UNICEF,CLE 210/ 2023,Chile,
140542,Request for Financial Management Services,"MUNDISERVICOS – COMPANHIA PORTUGUESA DE SERVICOS E GESTAO, LDA.",21-Mar-2024,UNIDO,7000006701,Guinea-Bissau,30043.76
140666,"Provision of Public Relations (PR) services for the UNU AI Conference on April 24th and  25th, 2024 in Macau",DOC DMC Company Limited,15-Mar-2024,UNU,UNU Macau-RFQ/001/2024,"Macao, Special Administrative Region of China",146339.84
146265,Acuerdo a Largo Plazo para Servicios con agencias externas de Face to Face para la captación de nuevos socios/as.,INNOVACION SOCIAL Y FUNDRAISING SPAACTIVA MARKETING SPADew Gestión de recursos SpaProa Chile Spa,14-Mar-2024,UNICEF,CLE 187/ 2023,Chile,
140515,EXTENDED Better Education Systems for Afghanistan's Future (BESAF) programme final evaluation,Arfada Danismanlik Hizmetleri ve ekonomic limited Sirketi,04-Mar-2024,UNESCO,KAB/ED/RFP/503AFG1003/09/11/2023,Afghanistan,70600.00
143863,Support to the Group on Earth Observations for organizational evolution activities for the post-2025 strategy implementation.,SRI Executive Search,04-Mar-2024,WMO,RFQ 2403-24,Switzerland,52429.38
140229,Consultancy to Conduct Implementation Research on Growth Monitoring and Promotion Programme among Children Under 5 in Malaysia,Universiti Malaya,01-Mar-2024,UNICEF,LRPS-2023-9186635,Malaysia,50000.00
140313,Institutional contract to develop costed plans for the realization of safely managed sanitation in Pacific Island Countries.,No Supplier; Solicitation cancelled.,01-Mar-2024,UNICEF,LRPS-2023-9187120,Multiple destinations,
140667,Event Productions Services,Talents Mocambique,24-Feb-2024,UNU,UNU-WIDER-RFQ-2023-11,Mozambique,89996.00
140054,Psychometric Assessments,Insights L&D,22-Feb-2024,UNFPA,UNFPA/USA/RFQ/23/072,Multiple destinations,
141485,Análisis de información sobre violencia en contra de NNAs y la construcción de una propuesta de estrategia nacional para la prevención de esta en Ecuador,Pontificia Universidad Católica del Ecuador,22-Feb-2024,UNICEF,LRPS-2023-9184206,Ecuador,
140655,"Our Rights, Our Lives, Our Future (O3) Malawi Final Evaluation",Swiss Tropical Public Health Insititute (Swiss TPH),19-Feb-2024,UNESCO,HAR/EHW/O3 Malawi Final Evaluation,Malawi,90366.20
152192,RENTAL OF OFFICE SPACE FOR DIRECCION NACIONAL DE AERONAUTICA CIVIL (DINAC) - PAR08801,NA,16-Feb-2024,ICAO,ICAO/00231,Paraguay,
146577,"Amendment I.Deadline Extension_Request for Proposal for the provision of conducting the Final Evaluation of the Project “Reviving the Spirit of Mosul by rebuilding its Historic Landmarks""in Mosul,Iraq",Voluntas Advisory,10-Feb-2024,UNESCO,IRQ/RFP/23/131,Iraq,109822.50
145814,Data analysis for the 2025 UNESCO Global Report on Cultural Policies,Burns Owens Partnership Ltd,08-Feb-2024,UNESCO,CLT/CCE/23/1,France,175000.00
140230,Event Management for an Advocacy Workshop dedicated to UNICEF Potential CSO Implementing Partners,MEP Meeting & Exhibition Planners Sdn Bhd,05-Feb-2024,UNICEF,LRQS-2023-9187757,Malaysia,36000.00
139878,Audit of Cloud Management Services,KPMG Advisory S.p.A.,02-Feb-2024,UNESCO,2023 - Audit of Cloud Management Services,France,59535.00
139855,"Request for Expressions of Interest for Service Providers for the management of the Community Driven Development Fund in frames of the Rural Resilience Project in Northern Mozambique (Moznorte), finan",Fundaçao Aga Khan Moçambique,01-Feb-2024,UNOPS,MOZ/MOZNORTE/CDDF//23606-001/2023,Mozambique,
139856,"Request for Expressions of Interest for Service Providers for the management of the Community Driven Development Fund in frames of the Rural Resilience Project in Northern Mozambique (Moznorte), finan",Centro de Aprendizagem e Capacitação da Sociedade Civil - CESC,01-Feb-2024,UNOPS,MOZ/MOZNORTE/CDDF//23606-001/2023,Mozambique,4942700.00
139857,"Request for Expressions of Interest for Service Providers for the management of the Community Driven Development Fund in frames of the Rural Resilience Project in Northern Mozambique (Moznorte), finan",JSI Research & Training Institute,01-Feb-2024,UNOPS,MOZ/MOZNORTE/CDDF//23606-001/2023,Mozambique,13000000.00
139858,"Request for Expressions of Interest for Service Providers for the management of the Community Driven Development Fund in frames of the Rural Resilience Project in Northern Mozambique (Moznorte), finan",Ajuda de Desenvolvimento de Povo para Povo,01-Feb-2024,UNOPS,MOZ/MOZNORTE/CDDF//23606-001/2023,Mozambique,9585951.00
139959,Temp Staff for Conference services at UNU Centre Tokyo,Manpower,01-Feb-2024,UNU,RFQ001/2024-UNU-Centre-Tokyo,Japan,135041.45
139768,RFP - Evaluation of We Decide Programme,MDF Training en Consultancy B.V.,30-Jan-2024,UNFPA,UNFPA/USA/RFP/23/020,Multiple destinations,
139868,Engagement of Software support agency for RCH 2.0 (Reproductive and Child Health) stack development & support,LTIMindtree Limited,30-Jan-2024,UNICEF,RFP/2023/006/9180740,India,9156327.00
145617,RFP 22-2024 - Evaluación de Municipio Unido por la Niñez y la Adolescencia,ZIGLA SRL,29-Jan-2024,UNICEF,22-2024,Multiple destinations,43276.00
139742,Contratação de serviço para desenvolvimento de metodologia e condução de facilitação de atividades,Matres Socioambiental,23-Jan-2024,UNICEF,LRQS-2024-9187920,Brazil,
139700,"Provision of Function Room and Accommodation in Tagaytay, Philippines on January 25-27, 2024","Fora Services, Inc",23-Jan-2024,UNOPS,RFQ Ref No: PHL_2024_029,Philippines,6258.00
139860,Campaña de recaudación de donaciones únicas a través de plataformas para la venta de Seguros Obligatorios De Accidentes Personales (SOAP),Proceso desierto,23-Jan-2024,UNICEF,RFPS CLE 02-2024,Chile,
139893,Long Term Arrangements for Services (LTAS) for Media Buying,Terra Firma Associates SPRLMindshare Media UK Ltd,22-Jan-2024,UNICEF,RFPS-PFP-2023-503615,Multiple destinations,
140882,Provision of access to and use of a UNICEF customized digital research platform,Analytics Simplified Pty Ltd,22-Jan-2024,UNICEF,UNICEF-RFPS-PFP-2023-503606,Multiple destinations,
140883,Provision of access to and use of a UNICEF customized digital research platform,Analytics Simplified Pty Ltd,22-Jan-2024,UNICEF,UNICEF-RFPS-PFP-2023-503606,Multiple destinations,
139676,RFP 12/2023 EVAL LTAs.,"Economistas de la cooperación S.L.MDF Training & Consultancy B.V.Ernst & Young AGIncludovate Pty LtdAAN AssociatesEconometria S.APPMI Group, UABPlan Eval SRLSREO Consulting IncCynosure Consultants (Private) LimitedPowers and Associates (Aust.) Pty LtdSistemas Familia y Sociedad LtedGDSI LimitedParticip GmbHCALIBRATE Solutions Inc.DevTrio Consultants Pvt. Ltd.Red2Red Consultores S.L.THE KONTERRA GROUP, LLCArtival Research & Evaluation",19-Jan-2024,ILO,rfx_192,Switzerland,
139873,Advisory services for technical development of Virtual Museum platform,DDB,19-Jan-2024,UNESCO,N/A,France,149999.00
139874,"Our Rights, Our Lives, Our Future (O3) Zambia Final Evaluation",Swiss Tropical and Public health institute,19-Jan-2024,UNESCO,HAR/EHW/O3 Zambia Final Evaluation,Zambia,97194.00
139675,The Implementation And Certification Of Haccp System In Four Fishery Processing Enterprises In Cambodia,CONTROL UNION (CAMBODIA) CO. LTD.,18-Jan-2024,UNIDO,7000006582,Cambodia,42300.50
139790,The Implementation And Certification Of Haccp System In Four Fishery Processing Enterprises In Cambodia,Control Union (Cambodia) Co. Ltd.,18-Jan-2024,UNIDO,7000006582,Cambodia,42300.50
139737,Actuarial Services,Ernst & Young Advisory,12-Jan-2024,WTO,RFP-2023-214-WTO-ActuarialServices,Switzerland,160000.00
139726,"DISEÑO, IMPLEMENTACIÓN DE PROYECTO PILOTO ESCALABLE PARA EL FORTALECIMIENTO DE COMUNIDADES EDUCATIVAS DE EDUCACIÓN PARVULARIA EMPLAZADAS EN CONTEXTOS DE VIOLENCIA COMUNITARIA",Pontificia Universidad Católica de Chile,10-Jan-2024,UNICEF,CLE 172/2023,Chile,
139724,"Identificación de acciones e implementación de un proceso de trabajo con comunidades mapuche y no mapuche para la protección de los derechos de niños, niñas y adolescentes en la Región La Araucanía",UNIVERSIDAD DE LA FRONTERA,07-Jan-2024,UNICEF,CLE 111/2023,Chile,
140408,Translation of ICAT guides on Article 6 and Agriculture into Russian and design and execution of an outreach campaign to increase the accessibility of the guides in Central Asia,CAREC,04-Jan-2024,UNOPS,CFP-11875-2023-08,Multiple destinations,
139725,Agencia creativa para fidelización de donantes,JELLY COMUNICACIONES SPANoise MediaLatte Latam SRL,28-Dec-2023,UNICEF,CLE 57/2023,Chile,
139589,Provision of Security and Guard Protective Force Services at the IAEA Environmental Laboratories located in Monaco,Boss Securite Privee SAM,20-Dec-2023,IAEA,625310,Monaco,
139727,Evaluación de medio término de la implementación y los resultados de la primera Estrategia Nacional de Educación Pública 2020-2028,Pontificia Universidad Católica de Chile,18-Dec-2023,UNICEF,CLE 195/ 2023,Chile,
139728,Realización de un Estudio de Análisis Longitudinal en base a la Encuesta Longitudinal de Primera Infancia (ELPI),Pontificia Universidad Católica de Chile,18-Dec-2023,UNICEF,CLE 221/ 2023,Chile,
139159,Realización de un estudio para el fortalecimiento de capacidades de generación estadística en la medición de indicadores de Objetivos de Desarrollo Sostenible con foco en niñez y adolescencia en Chile,Proceso desierto,14-Dec-2023,UNICEF,CLE 224/ 2023,Chile,
139683,Long-Term Arrangements (LTA) for Engineering Services in 14 Pacific Island Countries,BOLMAR BUILDING & PLUMBING SERVICESErasito Consultants Pte LimitedChand Engineering Consultants PTE LTD,14-Dec-2023,UNICEF,LRPS-2023-9182413,Multiple destinations,
139155,Provision of temporary conference structure for the IFAD  Governing Council,Merlo S p A,13-Dec-2023,IFAD,IFAD/2023/025/RFP,Italy,496062.56
139406,"Appel d’offres (ITB) pour travaux de réalisation de trois (03) forages d’urgence à Ambararata dans le district de Manja, Madagascar.",BushProof Sàrl,13-Dec-2023,UNOPS,ITB/2023/MDG/002,Madagascar,195096.52
139408,"Appel d’offres (ITB) pour pour le nivellement d’urgence de la piste reliant Manja à Vondrove dans le cadre du programme AD2M dans le district de Manja région Menabe, Madagascar.",basile,13-Dec-2023,UNOPS,ITB/2023/MDG/003,Madagascar,204970.99
139723,Proceso de recolección de información primaria - secundaria y elaboración de reporte de Need Assessment.,Fundacion Servicio Jesuita a Migrantes,12-Dec-2023,UNICEF,CLE 207/2023,Chile,
139065,RFP/44/2023/JUG (Retender) Awareness Campaign and Public Outreach on the Rights to Social Security among workers in the private sector in Iraq,Lapis Ltd,11-Dec-2023,ILO,rfx_226,Iraq,
139191,UNDP-PAN-00197 - CONSULTORIA TALLERES DE FORMACION,Juan Francisco Ramos Aguilar,11-Dec-2023,UNDP,UNDP-PAN-00197,Multiple destinations,27000.00
139031,"Desarrollo de materiales interactivos de apoyo a la salud mental adolescente, especialmente para quienes enfrentan situaciones de emergencia y desastres naturales",Ventura Servicios y Innovacion SPA,07-Dec-2023,UNICEF,CLE 211/ 2023,Chile,
138978,RFP/051/2023/SEV - Value Chain Analysis for the Engineering Products and Services Sector in Jordan,Evolve Management Consulting,06-Dec-2023,ILO,rfx_265,Jordan,
139143,Institutional contract for the evaluation of the UNICEF Pacific Child Protection Programme,PS Services,04-Dec-2023,UNICEF,LRPS-2023-9185984,Fiji,98600.00
138931,"Provision of Data Collection and  Evaluation of Results from Agricultural  Value Chains Support Project in the  Southwest, Hauts-Bassins, Cascades and  Boucle du Mouhoun Regions and the  Gender Transformative Mechanism in  Burkina Faso",CIRFOSS Consulting,03-Dec-2023,IFAD,IFAD/2023/014/RFP,Burkina Faso,
138673,"Final External Project Evaluation of Reviving Mosul & Basra Old Cities projects (phases I &II), in Iraq.",ARFADA YENİ TİCARİ EKONOMİK SOSYAL DANIŞMANLIK HİZMETLERİ LİMİTED ŞİRKETİ,29-Nov-2023,UNESCO,IRQ/RFP/23/80,Iraq,36250.00
138976,An Assessment and Mapping of the Financial Sector In Somalia,RISKBRIDGE CONSULTING FIRM,25-Nov-2023,UNIDO,7000006435,Somalia,19700.00
138654,Provision of ICT Cyber Security Operations Centre (SOC),"S2 GRUPO SOLUCIONES DE SEGURIDAD, S.L.",24-Nov-2023,IFAD,IFAD/2023/019/RFP,Italy,
146267,Diseño y costeo de un modelo de inclusión para la educación parvularia en Chile,Centro de Estudios de la Primera Infancia - CEPI,23-Nov-2023,UNICEF,CLE 183/2023,Chile,
145625,"Long-Term Agreement for Receptionist services – UNICEF Pacific MCO - Suva, Fiji",Professional Maids & Cleaning Services pte Limited,20-Nov-2023,UNICEF,42420005,Fiji,
150944,Communications Support #Together4Transparency for the Initiative for Climate Action Transparency (ICAT),Blossom Srl,17-Nov-2023,UNOPS,RFQ/2023/49048,Multiple destinations,
146266,Hospedaje y comidas del 1 al 5 de noviembre 2023,Hotelera Holanda Ltda,16-Nov-2023,UNICEF,CLE 214/2023,Chile,
139918,EVALUATION D’IMPACT DU PAQUET MULTISECTORIEL DE DEVELOPPEMENT DE LA PETITE ENFANCE MIS EN ŒUVRE DANS LES COMMUNES DE CONVERGENCE DE L’UNICEF BURUNDI - EXTENSION DELAI DE SOUMISSION,Mannheimer Zentrum für Evaluation und Entwicklungsforschung gemeinnützige GmbH,13-Nov-2023,UNICEF,9183567,Burundi,179274.00
138597,Evaluation of UNESCO’s World Water Assessment Programme,TECHNOPOLIS FRANCE,11-Nov-2023,UNESCO,RFP / IOS / EVS / WWAP/ 2023,France,64660.65
139030,Apoyo técnico para el análisis y elaboración de propuesta respecto de equipos profesionales asociados a las temáticas de salud mental y el bienestar socioemocional de estudiantes en Chile.,Pontificia Universidad Católica de Valparaíso,08-Nov-2023,UNICEF,CLE 108/2023,Chile,
139832,Provision of an Internal Talent Marketplace (Internal Mobility Platform) for WIPO and related Implementation and Support Services (SDG_HRMD/2023/1023/RFP),Phenom People Netherlands B.V.,31-Oct-2023,WIPO,rfx_319,Switzerland,
138299,"Comprehensive Service Provider (henceforth “Offeror”) for the organization of the 10th GEF Biennial International Waters Conference (IWC10) in Punta del Este, Uruguay",Baluma SA,30-Oct-2023,UNESCO,IOC/MPR/23.055/JB/CS,Uruguay,161216.00
139026,LTA for Strategic Innovation Advisory Serivces,Beyond Group SALBoard of Innovation BVContextF B.V.endeva UGEuskampus Fundazioa Agirre Lehendakaria CenterIntegrity Globalinternational organisation development IOD ParcReinstitute INCReos PartnersThinkPlace Global Development Pty LtdZutari Africa LimitedDemos Helsinki oyBrink Innovation Ltd,30-Oct-2023,UNDP,GP601139,Multiple destinations,
138096,Establish a Long-Term Arrangement (LTA) for hiring of agencies to provide CRM Dialer Services to UNICEF,SYNTOPIA PRIVATE LIMITED,25-Oct-2023,UNICEF,RFP-2023-013- 9182573,India,
139055,Support for Delivering Technical Communications Strategies on Sexual and Reproductive Health,"Mozaic Consulting, IncM&C Saatchi World Services LLPMolloy Consultants, LLC",25-Oct-2023,UNFPA,UNFPA/USA/RFQ/23/025,Multiple destinations,
138145,Implementación de curso de formación de formadores sobre Interés Superior del Niño para el Poder Judicial,Universidad Diego Portales,23-Oct-2023,UNICEF,CLE 105/2023,Chile,
138144,Cotización Servicio de Envíos (Courier) para Calendario a Donantes 2024,Atacama Traders Ltda,19-Oct-2023,UNICEF,CLE 137/2023,Chile,
139956,"Conference Services for UNU-WIDER Development Conference, Maputo Mozambique 14-16 May 2024",Radisson Blu Hotel and Residence,19-Oct-2023,UNU,"Conference Services for UNU-WIDER Development Conference, Maputo Mozambique 14-16 May 2024",Mozambique,161000.00
139640,"Supply of a technical solution (ideally deployed as Software-as-a-Service (SaaS)), data migration and the operation and maintenance of this solution for a 3-year period.",NTT DATA SPAIN SL,18-Oct-2023,UNESCO,RFP/BFM/USLS/2022/01,France,1027630.18
142239,Long-Term Agreement (LTA) for Media Services with Radio and Television networks in Solomon Islands,Solomon Islands broadcasting Corporation,18-Oct-2023,UNICEF,LRQS-2023-9185747,Solomon Islands,
139984,Call for expressions of interest for the establishment of a community resource center in the North Lebanon,RMF-Rene’ Moawad Foundation,17-Oct-2023,IOM,EOI-2023-0001_Protection,Lebanon,218275.00
137864,RFP 034 2023 9184249 Long Term Arrangement for Digital Media Services for Yuwaah team,Avian Media,16-Oct-2023,UNICEF,RFP 034 2023 9184249,India,
137902,Request for Proposal : Technical Support to the National Child Policy costed Action Plan,UKM Pakarunding Sdn Bhd (UKMPSB),16-Oct-2023,UNICEF,LRPS-2023-9184308,Malaysia,89764.33
137595,Provision of LTAs for Graphic Design Services,Green Ink Publishing Services Ltd,03-Oct-2023,IFAD,IFAD/2023/009/RFP,Italy,
137940,External mid-term evaluation of UNESCO Jordan’s “System Strengthening Partnership Programme with Jordan’s Ministry of Education”,TECHNOPOLIS FRANCE,03-Oct-2023,UNESCO,JOR/RFP/23/01,Jordan,56425.00
137580,RFP 2023 026 9183160 LTA for Digital Media Services,Chaos Design Pvt LtdDelve Partners LLC.Oplifi Digital Private Limited,01-Oct-2023,UNICEF,RFP 2023 026 9183160,India,
138930,Consultancy for the preparation of a qualitative Behavioral Drivers Model study for the identification of factors associated with vector-borne diseases,PLANO CDE ELOHIM CONSULTORIA E PESQUISA LTDA,01-Oct-2023,UNICEF,LRPS-2023-9184301,Brazil,
137594,Provision of LTAs for Graphic Design Services,ULTRAVIRGO CREATIVE LLC,28-Sep-2023,IFAD,IFAD/2023/009/RFP,Italy,
139761,"Long Term Arrangement for Services (LTAS) For the provision of   Global Public Relations Services including Brand, Communication, Crisis   Management, Digital Services at a Global Level","Allison & Partners LLCCitizen Relations IncHavas PR North America, Inc., d/b/a Red Havas",27-Sep-2023,UNICEF,RFPS-PFP-2023-503523,Multiple destinations,
137540,"Identificación de estrategias, prácticas y/o actividades efectivas en la prevención de fallecimientos por violencia, para la protección efectiva de adolescentes en conflicto con la ley penal",Pontificia Universidad Católica de Chile,26-Sep-2023,UNICEF,CLE 96/2023,Chile,
137502,rfx_342_IIES_IPID/2023/1053/RFP - Provision of a WIPO technology trends report on the future of transportation.,EconSight GmbH,22-Sep-2023,WIPO,IIES_IPID/2023/1053/CO,Switzerland,84470.00
137417,RFP/47/2022/JUG - (Retender) Institutional Assessment of the Capacity to Implement the draft Social Security Laws for Workers in the Private Sector in Iraq,AARC Ltd,20-Sep-2023,ILO,rfx_80,Iraq,
137425,"Lote 3: RFP/12/2022/ANG / Región de Nariño (municipios de Pasto, Ipiales y Tumaco)",Instituto Gran Colombiano Jose Mutis,20-Sep-2023,ILO,rfx_37,Colombia,
137426,Lot 1 (RFP/17/2022/JUG) Conceptual Design for Strategic Publications,Blossom SrlFuture by Design d.o.o. Novi Sad,20-Sep-2023,ILO,rfx_20,Switzerland,
137427,Lot 3 (RFP/17/2022/JUG) Graphic Design for Other Publications,"Blossom Srle-mage di Maurizio CostanzaMissing Element, spol. s r.o.By Facility S.LThe Visual Agency srl",20-Sep-2023,ILO,rfx_25,Switzerland,
137428,Lot 4 (RFP/17/2022/JUG) Digital Design and Development,Nuvole Web SrlInteractive ThingsBy Facility S.L,20-Sep-2023,ILO,rfx_26,Switzerland,
137429,Lot 5 (RFP/17/2022/JUG) Branding and Campaigns,"Blossom SrlULTRAVIRGO CREATIVE LLCPomilio Blumm SrlMissing Element, spol. s r.o.Elkanodata S.L",20-Sep-2023,ILO,rfx_27,Switzerland,
137430,Lot 6 (RFP/17/2022/JUG) Visual Storytelling,Blossom SrlPomilio Blumm SrlElkanodata S.LSandbox - La Boite a Films Inc.Cartoonbase Sàrl,20-Sep-2023,ILO,rfx_28,Switzerland,
137431,Lot 7 (RFP/17/2022/JUG) Data Visualization,Elkanodata S.LInteractive Thingsinfogr8By Facility S.L,20-Sep-2023,ILO,rfx_29,Switzerland,
137432,Lot 2 (RFP/17/2022/JUG) Layout and Typesetting for Strategic Publications,"Blossom SrlMissing Element, spol. s r.o.By Facility S.L",20-Sep-2023,ILO,rfx_24,Switzerland,
137433,ITB 5/2023 Microsoft Premier Contract Replacement (Support Services),"Bechtle Suisse SA, Succursale de Suisse Romande à Lancy",20-Sep-2023,ILO,rfx_177,Switzerland,
137548,Contratação de serviço de acompanhamento técnico na facilitação de processos e implementação transformativa da #AgendaCidadeUNICEF Brasil,Reos Partners Brasil,20-Sep-2023,UNICEF,LRQS-2023-9185164,Brazil,
137406,RFP/10/2023/GNC Service provider to Upgrade the National Employment Authority Integrated Management System - Kenya,SMART PEOPLE AFRICA LTD,19-Sep-2023,ILO,rfx_187,Kenya,
137537,"Contrato institucional para serviços especializados de organização, planejamento, promoção e execução de eventos para a realização do Seminário Nacional da UAPI",Gauche Promoções e Eventos Ltda,18-Sep-2023,UNICEF,LRQS-2023-9184871,Brazil,
137538,"Capacitación en intervención con enfoque intercultural para equipos de intervención directa de SENAME, Organismos Colaboradores y actores clave del intersector.",Pontificia Universidad Católica de Chile,15-Sep-2023,UNICEF,CLE 92/2023,Chile,
137592,Provision of LTAs for Graphic Design Services,The Distillery London,14-Sep-2023,IFAD,IFAD/2023/009/RFP,Italy,
137590,Provision of LTAs for Graphic Design Services,Sixeleven s.r.l.,13-Sep-2023,IFAD,IFAD/2023/009/RFP,Italy,
137598,Provision of LTAs for Graphic Design Services,ROOFTOP VIDEO PRODUCTIONS CC,13-Sep-2023,IFAD,IFAD/2023/009/RFP,Italy,
137585,Provision of LTAs for Graphic Design Services,Elkanodata S.L,12-Sep-2023,IFAD,IFAD/2023/009/RFP,Italy,
137593,Provision of LTAs for Graphic Design Services,The Visual Agency srl,12-Sep-2023,IFAD,IFAD/2023/009/RFP,Italy,
137586,Provision of LTAs for Graphic Design Services,Rec Design Ltda - ME,11-Sep-2023,IFAD,IFAD/2023/009/RFP,Italy,
137597,Provision of LTAs for Graphic Design Services,Andrea Wöhr,11-Sep-2023,IFAD,IFAD/2023/009/RFP,Italy,
137599,Provision of LTAs for Graphic Design Services,Phoenix Design Aid A/S,11-Sep-2023,IFAD,IFAD/2023/009/RFP,Italy,
137589,Provision of LTAs for Graphic Design Services,Lorella Candido,10-Sep-2023,IFAD,IFAD/2023/009/RFP,Italy,
137584,Provision of LTAs for Graphic Design Services,DESIGN PLUS Ltd.,08-Sep-2023,IFAD,IFAD/2023/009/RFP,Italy,
137587,Provision of LTAs for Graphic Design Services,e-mage di Maurizio Costanza,08-Sep-2023,IFAD,IFAD/2023/009/RFP,Italy,
137588,Provision of LTAs for Graphic Design Services,Four Hundred Communications Limited,08-Sep-2023,IFAD,IFAD/2023/009/RFP,Italy,
138128,IAEA Department of Safeguards Information Technology Review,NTT DATA SPAIN SLKPMG Advisory GmbH,08-Sep-2023,IAEA,RFP 625567-AR,Austria,
137330,"RFP/2023/025/9183033 To understand parents’ lived experience and perceptions of children with disabilities in Uttar Pradesh, Bihar, Gujarat, and West Bengal",Young Lives Private Limited,06-Sep-2023,UNICEF,RFP/2023/025/9183033,India,106198.00
137903,"Request for Proposal for Design the Sarawak Child Wellbeing Index, Collect Data and Analyze Findings",Swinburne Innovation Malaysia Sdn. Bhd.,01-Sep-2023,UNICEF,LRPS-2023-9183017,Malaysia,56555.02
137207,"RFP/53/2022/GNC Service Contractor (for companies only) to ‘Mobile’ize Agricultural Extension Services via Interactive Voice Response technology (IVR) to improve farmers productivity and food security, Sudan.",Digital Plus technology Co. Ltd.,31-Aug-2023,ILO,rfx_118,Sudan,
137208,RFP/55/2022/GNC PROSPECTS Sudan Endline and Research Partnership 2022-23,Consilient Limited Company,31-Aug-2023,ILO,rfx_117,Sudan,
137209,RFP/73/2022/GNC Capacity Development for the Commission of Refugees in Sudan on Fundamentals of Decent Work,Annabella Skof,31-Aug-2023,ILO,rfx_150,Sudan,
137041,"Labour Market Skill Survey in Mosul, Iraq.",Optimum Analysis LLC,24-Aug-2023,UNESCO,IRQ/RFP/23/56,Iraq,26630.00
138317,EXTENDED - Conduct a thorough TVET EMIS functional and capacity assessment,Beyond Solutions (Pvt.) Ltd,23-Aug-2023,UNESCO,KAB/ED/RFP/467GLO1016/06/2023/01,Afghanistan,55533.00
138270,"Servicios de gestión de viajes, renta de vehículos, reservación de hoteles y eventos por un período de (2+1).",Flight Centre Travel Group Mexico S.A. de C.V.,22-Aug-2023,UNHCR,RFP/ACNUR/MEX/2023/079,Mexico,
138125,Purchase of Office Furniture's For UNICEF Solomon Islands,Qtek Distributors,18-Aug-2023,UNICEF,LRFQ-2023-9182898,Solomon Islands,19120.00
137009,Mission d’assistance technique ARCHIBUS,AREMIS Suisse SA,15-Aug-2023,UN Secretariat,UNOG2023-4700026254,Switzerland,
137059,Physical Verification Management Services,HENRI HARSCH HH SA,10-Aug-2023,UN Secretariat,UNOG2023-4700026371,Switzerland,
136843,Lot 1 (RFP/17/2022/JUG) Conceptual Design for Strategic Publications,Blossom SrlFuture by Design d.o.o. Novi Sad,09-Aug-2023,ILO,rfx_20,Switzerland,
136844,Lot 2 (RFP/17/2022/JUG) Layout and Typesetting for Strategic Publications,"Blossom SrlMissing Element, spol. s r.o.By Facility S.L",09-Aug-2023,ILO,rfx_24,Switzerland,
136845,Lot 3 (RFP/17/2022/JUG) Graphic Design for Other Publications,"Blossom Srle-mage di Maurizio CostanzaMissing Element, spol. s r.o.By Facility S.LThe Visual Agency srl",09-Aug-2023,ILO,rfx_25,Switzerland,
136846,Lot 6 (RFP/17/2022/JUG) Visual Storytelling,Blossom SrlPomilio Blumm SrlElkanodata S.LSandbox - La Boite a Films Inc.Cartoonbase Sàrl,09-Aug-2023,ILO,rfx_28,Switzerland,
136847,Lot 7 (RFP/17/2022/JUG) Data Visualization,Elkanodata S.LInteractive Thingsinfogr8By Facility S.L,09-Aug-2023,ILO,rfx_29,Switzerland,
136849,"Lote 1: RFP/12/2022/ANG / Región de Boyacá (municipios de Tunja, Chiquinquirá, Sogamoso y Duitama)",Capacitación Integral en Sistemas Técnicos LTDA CISTEC LTDA,09-Aug-2023,ILO,rfx_33,Colombia,
136850,"Lote 2: RFP/12/2022/ANG / Región de Cundinamarca (municipios de Bogotá, Fusagasugá, Granada y Zipaquirá)",ACADEMIA NACIONAL DE APRENDIZAJE SANDOVAL Y GARCIA,09-Aug-2023,ILO,rfx_36,Colombia,
136953,"For the provision of Logistics Services for Participation of Cambodia Delegates in World Seafood Congress and Business Matching in Peniche, Portugal (September 22-29, 2023), Paris, France (September 29 – October 4, 2023)",TRAINING AND TECHNOLOGY TRANSFER (TTT LTD.),07-Aug-2023,UNIDO,RFO,Cambodia,102266.00
136755,"DISEÑO, IMPLEMENTACIÓN DE PROYECTO PILOTO ESCALABLE PARA EL FORTALECIMIENTO DE COMUNIDADES EDUCATIVAS DE EDUCACIÓN PARVULARIA EMPLAZADAS EN CONTEXTOS DE VIOLENCIA COMUNITARIA",Proceso desierto,01-Aug-2023,UNICEF,CLE 94/2023,Chile,
136756,"DISEÑO, IMPLEMENTACIÓN DE PROYECTO PILOTO ESCALABLE PARA EL FORTALECIMIENTO DE COMUNIDADES EDUCATIVAS DE EDUCACIÓN PARVULARIA EMPLAZADAS EN CONTEXTOS DE VIOLENCIA COMUNITARIA",Proceso Desierto,01-Aug-2023,UNICEF,CLE 94/2023,Chile,
137312,"Servicio de análisis, propuesta, logística y realización de campaña masiva de recaudación de fondos cash (donaciones únicas)",GYT BUSINESS GROUP SPA,31-Jul-2023,UNICEF,CLE 08/2023,Chile,
139946,design content and social media strategies for the Gender and Health Hub,Little Biggest Design company,31-Jul-2023,UNU,RFQ 001_2023_UNU-IIGH,Malaysia,49700.00
136892,Request for Proposal for Technical Support to Six Local Councils in Sarawak to Develop a Situation Analysis of Children’s Wellbeing and Costed Action Plan for the Child-Friendly Cities Initiative,Swinburne Sarawak Sdn. Bhd.,27-Jul-2023,UNICEF,LRPS-2023-9182516,Malaysia,99000.00
137311,"Producción de spot de televisión, digital y radio para DRTV",Comercial Josefina Limitada,27-Jul-2023,UNICEF,CLE 158/2022,Chile,
137309,Cotización Artículos Institucionales (Merchandasing),Servicios de Publicidad y Marketing (CUBIX),26-Jul-2023,UNICEF,CLE 80/2023,Chile,
137500,Consultancy for execution of Digital marketing campaigns in 2023 for UNICEF Viet Nam,DENTSU VIETNAM LTD,26-Jul-2023,UNICEF,LRPS-2023-9182906,Viet Nam,89349.00
136705,LTA for donor journey implementation Agency,"Xi'an Jumeng Technologies Development Ltd.Weidian (Beijing) Bussiness Consulting Co., Ltd.",25-Jul-2023,UNICEF,LRPS-2023-9181830,China,
136746,Acordo de Longo Prazo (LTA) para prestação de serviços de mão de obra terceirizada para limpeza/conservação e recepção para o escritório do UNICEF em Recife.,Inove Terceirização de Serviços,24-Jul-2023,UNICEF,LRQS-2023-9183663,Brazil,
139944,Hybrid Conference Services for UNU-WIDER,Story Catchers,13-Jul-2023,UNU,UNU-WIDER-RFQ-2023-02,Norway,98000.00
136522,Capacity building of CP and medical forensic officers working with justice agencies,Institute for Child Witness Research and Training,11-Jul-2023,UNICEF,LRPS-2023-9182170,Viet Nam,69276.00
136532,"Re-Adverstise-Contrato Institucional para contratar uma empresa para coletar dados quantitativos e qualitativos com diretores, professores, Dirigentes Municipais de Educação, Associação dos pais e alunos de escolas com desvio positivo no Estado do Maranhão",Oportunidades Estudos Sociais Espírito Santo Ltda. -ME,10-Jul-2023,UNICEF,LRPS-2023-9181599,Brazil,
138301,Solicitud de propuesta para la celebración de Contrato Marco(s) para la provisión de Servicios de comunicación 1:1 con donantes y donantes potenciales para las campañas de recaudación de fondos.,Data Voice,07-Jul-2023,UNHCR,RFP/ACNUR/MEX/2023/078,Mexico,
136404,Apoyo Técnico para el levantamiento de experiencias internacionales en políticas de salud mental y bienestar socioemocional evaluados e implementados en comunidades educativas,Pontificia Universidad Católica de Chile,04-Jul-2023,UNICEF,CLE 72/2023,Chile,
138250,Design Services for the Virtual Museum of Stolen Cultural Onjects,Kéré Architecutre Gmbh,01-Jul-2023,UNESCO,N/A,France,350000.00
136357,RFP/026/2022/ALG - Services for the economic modelling of employment and environmental effects and impacts,"Cambridge Econometrics LtdMcKinsey & Company, Inc., Switzerland Wilmington, succursale de Genève",30-Jun-2023,ILO,rfx_61,Switzerland,
136359,Évaluation de l’Assistance Technique de l’UNFPA au projet SWEDD,Initiatives Conseil International - Santé,27-Jun-2023,UNFPA,UNFPA/WCARO/RFQ/22/003,Multiple destinations,68502.02
136318,Acordo de Longo Prazo (LTA) para contratação de pessoa jurídica para apoiar as ações de acompanhamento da agenda legislativa do Congresso Nacional e monitoramento das principais atividades de ministérios selecionados do Executivo Federal,PULSO PÚBLICO Assessoria e Consultoria LTDA,26-Jun-2023,UNICEF,LRPS-2023-9182236,Brazil,
136343,Provision of temporary staffing services,"ManpowerGroup Co., Ltd.",24-Jun-2023,UNU,RFQ006-2023-UNU-Centre-Tokyo,Japan,43221.61
136262,Provision of Environmental Consequence Assessment Software for China (CPR9055),PDC-ARGOS ApS,15-Jun-2023,IAEA,593609,Austria,
136282,Contratação de serviço de consultoria estratégica para engajamento do setor privado na iniciativa Um Milhão de Oportunidades (1MiO),CASA CAUSE AGENCIA DE INFORMAÇÃO LTDA,14-Jun-2023,UNICEF,LRPS-2023-9181542,Brazil,
136159,Disposal by SALE of various unserviceable IT Equipment and Office Furniture and Fixture,JCSZ Trading,13-Jun-2023,IOM,MAC - 2023 – 0003,Philippines,17858.30
136233,Provision of Oracle Peoplesoft Consultancy Services,Version 1 Solutions Ltd,08-Jun-2023,IFAD,IFAD/2022/022/RFP,Italy,1142500.00
136277,Study on Children in Street Situations (CISS) in five cities of India (RFP-2023-015-9181707),KPMG Assurance and Consulting Services LLP.,05-Jun-2023,UNICEF,RFP-2023-015-9181707,India,28677.06
137315,Estudio sobre la evolución de la Convivencia Escolar en Chile desde la entrada en vigor de la Política Nacional de Convivencia de 2002 a la fecha.,Pontificia Universidad Católica de Chile,01-Jun-2023,UNICEF,CLE 43/2023,Chile,
137316,Estrategia de movilización de fondos del canal filantropía.,Sociedad inversiones Quitral,24-May-2023,UNICEF,CLE 02/2023,Chile,
135859,Provision of Executive Search & Assessment Services  and Background Screening Services,Russell Reynolds Associates Limited,23-May-2023,IFAD,IFAD/2022/010/RFP,Italy,375000.00
135710,RFP/7/2023/JUG Awareness Campaign and Public Outreach on the Rights to Social Security among workers in the private sector in Iraq,UNSUCCESSFUL,17-May-2023,ILO,rfx_198,Iraq,
137047,Establish a Long-Term Arrangement (LTA) for Empanelment of Vendors Implementation agencies to support Roll out of Passport to Earning (P2E) initiative by YuWaah (Generation Unlimited-UNICEF) in India,Leap Skills Academy Pvt LtdQuess Corp LimitedDigital Empowerment FoundationSumangal FoundationB-ABLE FoundationSkills Root Edu Tech Consulting India Pvt LtdCSC AcademySambhav FoundationLaqsh Job Skills Academy Pvt.Ltd.Sterlite EdIndia FoundationFunfirst Global Skillers Pvt LtdCentum Foundation,16-May-2023,UNICEF,RFP-2022-039-9176774,India,
136203,Procurement of Oracle Peoplesoft Consultancy Services,AMARIS,05-May-2023,IFAD,IFAD/2022/022/RFP,Italy,1142500.00
138419,Strengthening Teacher Education Programmes in Cambodia (STEPCam) Final Evaluation,"PPMI Group, UAB",05-May-2023,UNESCO,"RFP/CAM/Final evaluation of STEP Cam project/2023, Re-bid",Cambodia,64050.00
136015,Request for Proposals for the establishment of Long Term Arrangement (LTA) for Fiduciary Agent of the Education Services Joint Fund (ESJF),DT Global Inc.,04-May-2023,UNICEF,LRFP 9179883,Malawi,
136151,PROVISION OF EVENT MANAGEMENT SERVICES FOR WACOMP THE GAMBIA PROJECT,OPS Solution,03-May-2023,UNIDO,7000006062,Gambia,118033.00
135698,RFP 2022 066 9180447 Public Relation Services for International Media Engagement,Gutenberg Communications Pvt. Ltd,01-May-2023,UNICEF,RFP 2022 066 9180447,India,
135502,ITB 5/2023 Microsoft Premier Contract Replacement (Support Services),"Bechtle Suisse SA, Succursale de Suisse Romande à Lancy",25-Apr-2023,ILO,rfx_177,Switzerland,
136222,Provision of Oracle Peoplesoft Consultancy Services,Gideon Taylor,17-Apr-2023,IFAD,IFAD/2022/022/RFP,Italy,1142500.00
135405,Provision of External Mid-term Evaluation PARM Horizon  2,Altamont Group FZE,14-Apr-2023,IFAD,IFAD/2023/001/RFP,Italy,95520.00
136275,"Sustainable Solutions to address water, waste management by enhancing access to piped water supply, improved waste management leading to reduction in carbon emission in 6 model GPs in 3 dist. of Maharashtra towards Clean , Green & Water Efficient village",PriMove Infrastructure Development Consultants Pvt. Ltd.,10-Apr-2023,UNICEF,RFP-2023-004-9180705,India,247069.11
135463,"EXTENDED - Global study on the economic, fiscal and social cost of out-of-school children and young people’s disengagement from education",BRUNELLO Giorgio,07-Apr-2023,UNESCO,RFP/ED/E30/IGE/10/2022,Multiple destinations,32103.11
135917,Acordo de Longo Prazo (LTA - Long Term Agreement) para serviço de tecnologia e comunicação para realizar monitoramento do ambiente digital (social listening),FILIPE M.C.B.G. PASCOA TREINAMENTO E CONSULTORIA,06-Apr-2023,UNICEF,LRPS-2022-9176466,Brazil,
135509,WMO - Network Infrastructure Update-Revised,Sunrise UPC GmbH,31-Mar-2023,WMO,RFP 2019-21,Switzerland,1471471.43
136326,Services for Specialist in universal design and accessibility in buildings,Direct Access Consultancy Limited,31-Mar-2023,IOM,GVA2022/BLD02,Switzerland,101584.00
136230,Provision of Oracle Peoplesoft Consultancy Services,Square One Resources Limited,29-Mar-2023,IFAD,IFAD/2022/022/RFP,Italy,1142500.00
136207,Procurement of Oracle Peoplesoft Consultancy Services,BUSINESS NETWORK BUILDERS SRL,28-Mar-2023,IFAD,IFAD/2022/022/RFP,Italy,1142500.00
135144,RFP/65/2022/GEK - Design and Impact Evaluation of Alternative Models for the Extension of Social Security to Syrian Refugees in Jordan,Development Pathways Ltd,24-Mar-2023,ILO,rfx_155,Jordan,
135145,RFP/69/2022/GEK - Development and implementation of capacity support package for 25 Enterprises in Pakistan,Kaizen Institute Consulting Group AFAE Limited,24-Mar-2023,ILO,rfx_158,Pakistan,
135312,Hiring of a Public Relations (PR) company for the UN World Data Forum Satellite Event (a conference) UNU Macau,"Prime Marketing & Promotion Service Co., Ltd.",23-Mar-2023,UNU,UNU Macau-RFQ/001/2023,"Macao, Special Administrative Region of China",37561.90
136225,Provision of Oracle Peoplesoft Consultancy Services,"NTT DATA SPAIN, S.L., MADRID, SUCCURSALE DE GENÈVE",23-Mar-2023,IFAD,IFAD/2022/022/RFP,Italy,1142500.00
135124,TCAP Gender Consultant,Lauren Elizabeth Clark,20-Mar-2023,UNDP,FJI-0000199001,Tuvalu,20000.00
136205,Procurement of Oracle Peoplesoft Consultancy Services,Business At Work,17-Mar-2023,IFAD,IFAD/2022/022/RFP,Italy,1142500.00
135537,Establishment of Long Term Agreement (LTAs) for managing Social Mobilisation Network (SMNet) for UNICEF Uttar Pradesh and Bihar field offices,IPE Global Limited,15-Mar-2023,UNICEF,RFP-2022-042-9176998,India,
135009,Provision of Impact Assessment Services,EDI Global (UK) Limited,14-Mar-2023,IFAD,IFAD/2022/021/RFP,Italy,900000.00
136221,Provision of Oracle Peoplesoft Consultancy Services,DropaCode srls,14-Mar-2023,IFAD,IFAD/2022/022/RFP,Italy,1142500.00
136229,Provision of Oracle Peoplesoft Consultancy Services,"SpearMC Consulting, Inc.",14-Mar-2023,IFAD,IFAD/2022/022/RFP,Italy,1142500.00
135040,Lot 3 (RFP/17/2022/JUG) Graphic Design for Other Publications,"Blossom SrlBy Facility S.Le-mage di Maurizio CostanzaMissing Element, spol. s r.o.The Visual Agency srl",13-Mar-2023,ILO,rfx_25,Multiple destinations,
135041,Lot 2 (RFP/17/2022/JUG) Layout and Typesetting for Strategic Publications,"Blossom SrlBy Facility S.LMissing Element, spol. s r.o.",13-Mar-2023,ILO,rfx_24,Multiple destinations,
135042,Lot 1 (RFP/17/2022/JUG) Conceptual Design for Strategic Publications,Blossom SrlFuture by Design d.o.o. Novi Sad,13-Mar-2023,ILO,rfx_20,Multiple destinations,
135004,Provision of Impact Assessment Services,Tahlil va Mashvarat LLC,13-Mar-2023,IFAD,IFAD/2022/021/RFP,Italy,600000.00
135003,Provision of Impact Assessment Services,Sistemas Integrales Consulting Limitada,07-Mar-2023,IFAD,IFAD/2022/021/RFP,Italy,2700000.00
135186,Consultancy for the development of the 2023 IOS synthetic review of UNESCO evaluations,Buddhi Consultancy Limited,07-Mar-2023,UNESCO,RFP / IOS / EVS / SYNTHETIC REVIEW / 2023,France,25450.00
135002,Provision of Impact Assessment Services,"Innovations for Poverty Action, A Nonprofit Corporation",06-Mar-2023,IFAD,IFAD/2022/021/RFP,Italy,2700000.00
134998,Provision of Impact Assessment Services,RowSquared S.L.,03-Mar-2023,IFAD,IFAD/2022/021/RFP,Italy,2700000.00
134999,Provision of Impact Assessment Services,Mannheimer Zentrum für Evaluation und Entwicklungsforschung,03-Mar-2023,IFAD,IFAD/2022/021/RFP,Italy,2700000.00
134996,Establishing LTAs with Telemarketing Fundraising Services Agencies to assist UNICEF India to acquire donors through Cold Calling FOR INDIAN BIDDERS ONLY,Jayshree Business Communication Hub Pvt LtdSs TechnologiesSS-EnterprisesPrachands CollectionsGrowth AlleysKANIKA MATHUR,01-Mar-2023,UNICEF,RFP 2022 050 9178930,India,
136329,Provision of Communication Services,KCIC Consulting Limited,27-Feb-2023,IOM,RFQ-RO22-663 -4200378875,Kenya,25000.00
136227,Provision of Oracle Peoplesoft Consultancy Services,OCNR (EMEA) Ltd,24-Feb-2023,IFAD,IFAD/2022/022/RFP,Italy,1142500.00
136232,Provision of Oracle Peoplesoft Consultancy Services,"Trigyn Technologies, Inc.",24-Feb-2023,IFAD,IFAD/2022/022/RFP,Italy,1142500.00
134801,Provision of Data Collection Services for Baseline Study of JP RWEEE in Nepal,New ERA,23-Feb-2023,IFAD,IFAD/2022/026/RFP,Nepal,39454.41
136202,Procurement of Oracle Peoplesoft Consultancy Services,Absis Consulting S.A.,22-Feb-2023,IFAD,IFAD/2022/022/RFP,Italy,1142500.00
136223,Provision of Oracle Peoplesoft Consultancy Services,IdealStaffs Consulting,22-Feb-2023,IFAD,IFAD/2022/022/RFP,Italy,1142500.00
136224,Provision of Oracle Peoplesoft Consultancy Services,infom consulting GmbH,22-Feb-2023,IFAD,IFAD/2022/022/RFP,Italy,1142500.00
134798,Lot 5 (RFP/17/2022/JUG) Branding and Campaigns,"Blossom SrlElkanodata S.LMissing Element, spol. s r.o.Pomilio Blumm SrlULTRAVIRGO CREATIVE LLC",16-Feb-2023,ILO,rfx_27,Switzerland,
134821,WMO ELECTRONIC LIBRARY,i2s,14-Feb-2023,WMO,RFP 2222-22,Switzerland,74683.54
134647,RFP/69/2022/GEK - Development and implementation of capacity support package for 25 Enterprises in Pakistan,Kaizen Institute Consulting Group AFAE Limited,07-Feb-2023,ILO,rfx_158,Pakistan,
134624,Procurement of Data Collection Services for Baseline Study of JP RWEEE in Tunisia,BJKA Consulting,02-Feb-2023,IFAD,IFAD/2022/025/RFP,Tunisia,59750.00
134640,Evaluation des projets : Projet de Renforcement de l’Éducation et de l’Alphabétisation au Tchad (PREAT) et Projet d’Urgence de Renforcement de L’Éducation et de L’Alphabétisation au Tchad (PUREAT),KPMG Advisory,31-Jan-2023,UNESCO,RFP / IOS / EVS /PREAT – PUREAT/2022,France,101334.77
134595,Product Innovation and Solution Development around Fundraising,"Hellon limitedWhatAVenture GmbHByld Startups, S.L.Sopra Steria ASWunderman JWT PortugalIpsos UK LtdBlue State Digital, Inc.TheVentury GmbhMAIZE S.R.L.capgemini consultingZühlke Engineering (Austria) GmbHAccenture AGDeloitte Consulting AG",16-Jan-2023,UNICEF,UNICEF-PFP-RFPS-503491,Multiple destinations,
136209,"Acordo de Longo Prazo (LTA) - Serviços de telemarketing ativo e receptivo, via troca de mensagens e processamento de dados para cobrança das doações.",Sercom Servicos Digitais LtdaESTILO TELEMARKETING E CONSULTORIA LTDA,10-Jan-2023,UNICEF,LRPS 2022 9178737,Brazil,
134115,Seeking technical support for Development of a Computative Interactive Testing Platform for STEM Literacy Assessments,"Beijing Zhihuirongsheng Technology Co., Ltd",28-Dec-2022,UNICEF,LRPS-2022-9179708,China,72000.00
133994,"GCPS_GCD/2022/914/RFQ “Matchmaking Consultant” - WIPO GREEN LAC Acceleration Project Phase 3, 2022-23 Brazil",Agrosuisse Serviços Técnicos e Agropecuários Ltda.,21-Dec-2022,WIPO,rfx_209,Switzerland,
134447,Services CDA Training Course_PAIDAR,NED University of Engineering and Technology,19-Dec-2022,UNIDO,7000005951,Pakistan,45111.94
134013,Lot 6 (RFP/17/2022/JUG) Visual Storytelling,Blossom SrlCartoonbase SàrlElkanodata S.LPomilio Blumm SrlSandbox - La Boite a Films Inc.,15-Dec-2022,ILO,rfx_28,Switzerland,
134614,LTA for Use of Unmanned Aerial Systems (UAS) for Disaster Preparedness and Disaster Response in Malawi,GLOBHESwoop Aero Pty LtdRSS-Hydro,15-Dec-2022,UNICEF,9165345,Multiple destinations,
133928,"International consultancy to examine short-term and intermediate learning, health and social outcomes of CSE","The Torchlight Collective, LLC",14-Dec-2022,UNESCO,RFP/ED/HAE/21/007,Multiple destinations,306320.01
133815,"GCPS_GCD/2022/911/RFQ WIPO GREEN LAC Acceleration Project Phase 3, 2022-23 in Perú",BIOACTIVA SAC,13-Dec-2022,WIPO,rfx_208,Switzerland,
133854,Customisation and Consultancy Services for Editor Fonto XML,EBCONT proConsult GmbH,12-Dec-2022,IAEA,RFQ-561564-JMM,Austria,
133655,Provision of Media Monitoring Services for ICAO Headquarters,AKIO,10-Dec-2022,ICAO,12501153,Canada,140570.53
134002,Long Term Agreement (LTA) for Digital Media Marketing Services,Creme Digital Sdn Bhd,09-Dec-2022,UNICEF,LRPS-2022-9176022,Malaysia,259740.00
134003,Long Term Agreement (LTA) for Digital Media Marketing Services,PHAR Partnerships (Malaysia) SDN BHD.,09-Dec-2022,UNICEF,LRPS-2022-9176022,Malaysia,234199.00
134004,Long Term Agreement (LTA) for Digital Media Marketing Services,Loki Digital Sdn Bhd,09-Dec-2022,UNICEF,LRPS-2022-9176022,Malaysia,232940.00
134005,Long Term Agreement (LTA) for Digital Media Marketing Services,Socio Intelligence Sdn Bhd,09-Dec-2022,UNICEF,LRPS-2022-9176022,Malaysia,40476.00
134006,Long Term Agreement (LTA) for Digital Media Marketing Services,LIGHT UP 7 SDN. BHD.,09-Dec-2022,UNICEF,LRPS-2022-9176022,Malaysia,17316.00
134010,Lot 7 (RFP/17/2022/JUG) Data Visualization,By Facility S.LElkanodata S.Linfogr8Interactive Things,09-Dec-2022,ILO,rfx_29,Switzerland,
134473,"Evaluation Services for the Diversity, Equity, and Inclusion (DEI) Project of the IPCC Gender Action Team",International Organisation Development Ltd,09-Dec-2022,WMO,WMO RFP 2215-22,Switzerland,30402.94
133983,Provision of audio-visual conference equipment for main meeting rooms in IFAD HQs,EDISCO S.R.L.,05-Dec-2022,IFAD,IFAD/2022/016/ITB,Italy,212905.90
134784,Long Term Arrangement for provision of Flexible Qualitative Research,InSites NVQuantum Consumer Solutions Pte LtdSpace Doctors ltd,03-Dec-2022,UNICEF,RFPS-PFP-2022- 503470,Switzerland,
133475,RFP/47/2022/JUG - (Retender) Institutional Assessment of the Capacity to Implement the draft Social Security Laws for Workers in the Private Sector in Iraq,AARC Ltd,23-Nov-2022,ILO,RFP/47/2022/JUG,Iraq,
133120,"GCPS_GCD/2022/910/RFQ   WIPO GREEN LAC Acceleration Project Phase 3, 2022-23 in Chile",IALE TECNOLOGÍA CHILE SpA,15-Nov-2022,WIPO,rfx_206,Switzerland,
132936,Event Organizer for Dissemination workshop and exhibition of GOLD-ISMIA Project Results and lessons-learned,PT MULTI DAYA INTI,09-Nov-2022,UNDP,RFQ/UNDP/ISMIA/195774/032/2022,Indonesia,40196.00
132714,Establishing Long Term Arrangements (LTAs) for Content Production Services for a duration of 24+12 months.,Avian MediaCarrot CommunicationsFountainhead Solutions Pvt. Ltd.GR8DESIGNSno logoSTORYTELLERSStudio Vitamin DUncommonsense Films Private LimitedVivify Animation Design StudioYaarlog Entertainment Media Ltd,27-Oct-2022,UNICEF,RFP 2022 026 9175540,India,
132834,Contrato institucional para conduzir uma pesquisa remota e presencial (quanti/quali) com adolescentes e jovens vivendo com HIV ou com outras infecções sexualmente transmissíveis,Oportunidades Estudos Sociais Espírito Santo Ltda. -ME,27-Oct-2022,UNICEF,LRPS-2022-9177460,Brazil,
136280,Evaluation of Career Guidance Portal for Students in India,Athena Infonomics India Pvt. Ltd.,26-Oct-2022,UNICEF,RFP-2022-037-9176716,India,47028.00
132680,Contrato institucional para conduzir pesquisa domiciliar via telefone sobre os impactos primários e secundários da COVID-19 na saúde de famílias e crianças brasileiras,INTELIGENCIA EM PESQUISA E CONSULTORIA LTDA,24-Oct-2022,UNICEF,LRPS-2022-9177579,Brazil,
132683,Provision of Business Development Services Management,FRIENDS ’  CONSULT   LIMITED,24-Oct-2022,IFAD,IFAD/2022/019/RFP,Uganda,
132586,Provision of Forgerock access management technical support,SmartWave SA,17-Oct-2022,WIPO,rfx_235,Switzerland,
132762,Provision of Forgerock access management technical support,SmartWave SA,17-Oct-2022,WIPO,rfx_235,Switzerland,
134358,Fulfillment y mensajería de materiales de cultivación PSP,Mega Direct S.A. de C.V.,12-Oct-2022,UNHCR,ITB 2022/ACNUR/MEX/129,Mexico,
133641,Community Engagement and Awerness Campaign,Aspire For Training,10-Oct-2022,UNFPA,UNFPA/EGY/22/021,Egypt,340000.00
132463,Assessment and Creation of an Advocacy Strategy on Child Deconfinement and MHPSS During the COVID-19 Pandemic,De La Salle University -Social Development Research Center,05-Oct-2022,UNICEF,LRPS-2022- 9176897,Philippines,
133442,LTA on communications services,Futura 2/2 DOOEL Skopje,05-Oct-2022,UNFPA,UNFPA/MKD/RFP/22/001,North Macedonia,
133443,Establishment of a long term agreement. Communications services.,Futura 2/2 DOOEL SkopjeMMS Komunikacii Makedonija d.o.o. SkopjeDIVISION DOOEL SkopjeART SOLOMON SS DOOEL360 StepeniDaan ProductionIMIKAIDEA Plus 360° CommunicationsRepresent Communications Skopje,05-Oct-2022,UNFPA,UNFPA/MKD/RFP/22/001,North Macedonia,
132441,Lot 4 (RFP/17/2022/JUG) - Digital Design and Development,By Facility S.LInteractive ThingsNuvole Web Srl,03-Oct-2022,ILO,rfx_26,Switzerland,
136391,Management of contractual and monitoring procedures/plan for the Jordanian and Syrian workers involved in the cultural heritage related Employment Intensive activities at the heritage sites of Pella (Tabaqat Fahl) and Beit Eidis in Irbid Governorate,AGENCY FOR TECHNICAL COOPERATION AND DEVELOPMENT ACTED,02-Oct-2022,UNESCO,RFP/JOR/22/04,Jordan,466906.41
132377,LBN-CO-RFP-124-22Impact Analysis of media componen,Triangle Consulting SAL,27-Sep-2022,UNDP,LBN-CO-RFP-124-22,Lebanon,52740.00
133372,117523 - PROYECTO PILOTO SILVICULTURA PREVENTIVA EN BOSQUES NATIVOS DE LA REGIÓN DEL MAULE,BOSQUE SUSTENTABLE SERVICIOS Y PRODUCCIÓN SpA.,22-Sep-2022,FAO,2022/FLCHI/FLCHI/117523,Chile,188830.00
134362,Solicitud de propuesta para la celebración de Contrato Marco(s) PARA SERVICIOS DE ADQUISICIÓN DE DONANTES FACE TO FACE PARA EL ÁREA DE “ALIANZAS CON EL SECTOR PRIVADO (PSP)” DE ACNUR MÉXICO,1Voice Latinoamerica S de RL de CV,21-Sep-2022,UNHCR,RFP/ACNUR/MEX/2022/073,Mexico,
132237,AFMS_ICTD/2021/735/RFP - Mise à jour des systèmes audio-visuels de conférence,Projection Nouvelle Sàrl,19-Sep-2022,WIPO,rfx_62,Switzerland,
132249,"Contratação de serviço para elaboração de estudo CAP (conhecimentos, atitudes e práticas) sobre xenofobia e discriminação contra refugiados e migrantes da Venezuela em Boa Vista, Pacaraima e Manaus",Plan Consultoria e Pesquisa em Cienciais Sociais Ltda EPP,19-Sep-2022,UNICEF,LRPS-2022-9174337,Brazil,
132501,ISO 55000 Gap Analysis of the SG Asset Management System,Asset Management Consulting Ltd,15-Sep-2022,IAEA,RFP 587737-OP,Austria,
133997,INVITATION TO BID FOR SERVICES - Development of Creative Materials to promote Healthy Eating among Children and Adolescents,NutritionWorks,15-Sep-2022,UNICEF,LIBS-2022-9172097,Malaysia,45100.00
134356,CONVOCATORIA: N.º RFP/2022/ACNUR/MEX/102 Solicitud de Propuesta para la celebración de contrato marco(s) para la provisión de: Servicios de Sistema de marcación ACD VOI IP (saldo incluido),"IPCC TECHNOLOGY, SA DE CV  / Conexión y Enlace de Comunicación Profesional SA de CV",14-Sep-2022,UNHCR,RFP/2022/ACNUR/MEX/102,Mexico,
132233,"Evaluation of the UNESCO/Swedish International Development Agency Project, ‘Strengthening Science Technology and Innovation Systems for Sustainable Development in Africa’, 2020-2022.",INOMER,13-Sep-2022,UNESCO,SC/PCB/STIP/07/2022,France,68839.68
132251,"Contratação de empresa/instituição para realizar um diagnóstico rápido sobre a garantia de direitos de crianças e adolescentes nos municípios de Belém/PA, São Luís/MA e Manaus/AM, no âmbito do programa Agenda Cidade UNICEF.",Tewá 225 Projetos ME,13-Sep-2022,UNICEF,LRPS-2022-9176265,Brazil,
132129,Definición de modelos para el trabajo con adolescentes bajo protección del Estado en cuidado alternativo residencial/RFA y con atención en justicia juvenil y situaciones de conflicto con la ley.,Pontificia Universidad Católica de Chile,12-Sep-2022,UNICEF,CLE 110/2022,Chile,
132130,Levantamiento de nudos críticos y descripción de funciones de la Oficina Local de la Niñez respecto de la gestión especializada de casos de niños/as y adolescentes.,Centro de Estudios Primera Infancia (CEPI),12-Sep-2022,UNICEF,CLE 115/2022,Chile,
134293,Assessment of Media Development in Cambodia using UNESCO’s Media Development Indicators (MDIs),ASIA Centre CO LTD,05-Sep-2022,UNESCO,RFP/Phnom Penh/02-22,Cambodia,71940.00
136279,Formative assessment of a UNICEF-supported phone call-based parenting (Dulaar) Programme in Uttar Pradesh and Jharkhand,Centre for Media Studies (CMS),05-Sep-2022,UNICEF,RFP-2022-028-9176071,India,48543.26
132110,Contratação de serviços especializados para execução de obra para construção de banheiro público em regime de empreitada global.,L Ferreira Lopes Eireli Me,31-Aug-2022,UNICEF,LRPS-2022-9175367,Brazil,
133974,RFP 14-2022: Evaluation of ‘Puentes Digitales para la equidad educativa’,Plan Eval SRL,30-Aug-2022,UNICEF,RFP 14-2022,Uruguay,
131804,LOT 6 – Recruitment and Executive Search services for Communication and media type positions,CTG Global Managed Services DMCC,24-Aug-2022,WIPO,rfx_141,Switzerland,
131805,LOT 3 – Recruitment and Executive Search services for Information Technology type positions including data analytics,CTG Global Managed Services DMCCSIXTEENFIFTY LIMITED,24-Aug-2022,WIPO,rfx_138,Switzerland,
131806,LOT 4 - Recruitment and executive search services for Senior Leadership and management positions,CTG Global Managed Services DMCCMercuri Urval KMR ABTom Vacher LLCSIXTEENFIFTY LIMITED,24-Aug-2022,WIPO,rfx_139,Switzerland,
131807,"LOT 5 - Recruitment and Executive Search services for Translators (languages include:  English, French, Spanish, Russian, Chinese, Arabic, German, Japanese, Korean, Portuguese)",CTG Global Managed Services DMCC,24-Aug-2022,WIPO,rfx_140,Switzerland,
131808,LOT 1 - Recruitment and executive search services for Administration type positions,CTG Global Managed Services DMCC,24-Aug-2022,WIPO,rfx_128,Switzerland,
131809,CCIS_CMD/2021/776/RFP - Lot 1 - Program Management Team,Manyone DK 1 ApS,24-Aug-2022,WIPO,rfx_110,Switzerland,
131778,"Acordo de Longo Prazo (LTA) para a criação e produção de peças e campanhas de marketing, captação de recursos e prospecção de legados",Greenhouse - (Bodytype Criação Ltda)Reputale Comunicação LtdaMáquina Do Bem,23-Aug-2022,UNICEF,LRPS-2022-9175666,Brazil,
131780,Acordo de Longo Prazo (LTA) para serviço de Assessoria de Imprensa.,Reputale Comunicação Ltda,23-Aug-2022,UNICEF,LRPS-2022-9176236,Brazil,
131828,"Supply, installation and maintenance of IT Asset Management solution",ALTAJDEED FOR DESIGNING&DEVELOPING SITE LTD,23-Aug-2022,UNRWA,RFP/UNRWA/CSSD/KS/013/2022,Multiple destinations,446685.00
131742,Serviços de planejamento e compra de espaço de mídia para campanha de arrecadação de recursos por DRTV.,OMZ Ideias em Comunicação LtdaR. Comunicação e Marketing Ltda,17-Aug-2022,UNICEF,LRPS-2022-9174505,Brazil,
131847,Coordination Services related to a Series of Virtual Workshops,Adria Congrex srl,11-Aug-2022,WMO,RFP 2209-22,Switzerland,
131852,Coordination Services related to a Series of Virtual Workshops,KOGA S.A.,11-Aug-2022,WMO,RFP 2209-22,Switzerland,
133434,Audit of UNESCO Cybersecurity,S2 Grupo de innovacion en procesos organizativos S.L.U.,11-Aug-2022,UNESCO,RFP/2022 - Audit of UNESCO Cybersecurity,France,49906.16
132194,Develop final evaluation of Horizontes Program - Rural secondary education,Macroconsult SA,05-Aug-2022,UNESCO,RFP N° 053-2022-LIM/ Final evaluation of Horizontes Program,Peru,129952.88
131510,RFP/041/2022/ALG - Gender-responsive diagnostics report on informal economy and social protection schemes for informal workers (Kyrgyzstan and Uzbekistan),Development Pathways Ltd,28-Jul-2022,ILO,rfx_91,Multiple destinations,
134001,"A Study on Youths Not in Employment, Education or Training (NEET) and Their Pathways to Employability in Malaysia",Love Frankie Ltd,25-Jul-2022,UNICEF,LIBS-2022-9173003,Malaysia,149983.00
134332,Solicitud de Propuesta para la celebración de contrato marco(s) para la provisión de: Servicios especializados en servicios digitales de generación de leads,"Primary - Tidok Media SA de CV, Back up -  MKTDOSO Mexico SA de CV",25-Jul-2022,UNHCR,RFP/2022/ACNUR/MEX/068,Mexico,
135858,Provision of  Executive Search & Assessment Services and Background Screening  Services,SRI Executive Search,21-Jul-2022,IFAD,IFAD/2022/010/RFP,Italy,375000.00
131450,IPS_CES/2022/904/RFQ - Email Marketing templates design,Uplers Solutions Private Limited,21-Jul-2022,WIPO,rfx_214,Switzerland,
132278,"Establishing Long Term Arrangements (LTAs) for the provision of Communication Strategy and Content development, Rural Activation and Community outreach",Contact BaseGROUP M MEDIA INDIA PRIVATE LIMITEDMcCann Erickson India Pvt.LtdSTORYTELLERSPopulation FirstRouge Communications PrivateLimited,19-Jul-2022,UNICEF,RFP 008 9173322,India,
135856,Provision of Executive Search & Assessment Services and Background Screening  Services,DevelopmentEx.com Inc. d/b/a Devex,19-Jul-2022,IFAD,IFAD/2022/010/RFP,Italy,750000.00
135151,"Management of contractual and monitoring procedures/plan for the Jordanian and Syrian workers involved in the cultural heritage related Employment Intensive activities at the heritage sites of Umm as-Surab, Rihab and Al-Fudayn, in the Mafraq Governorate",ASSOCIATION OF VOLUNTEERS FOR INTERNATIONAL SERVICE (AVSI),18-Jul-2022,UNESCO,RFP/JOR/22/02,Jordan,601050.54
131470,External Evaluation of the project: Better Education for Africa’s Rise (BEAR II),Ockham IPS,05-Jul-2022,UNESCO,RFP/ED/PLS/YLS/22/09,Multiple destinations,52750.00
133998,"Invitation to Bid for Services - Long Term Agreement (LTA) for Lettershop, Bulk Mailing and PO Box Services (FOR MALAYSIAN REGISTERED COMPANY ONLY)",Berjaya Registration Services Sdn Bhd,01-Jul-2022,UNICEF,LIBS-2022-9172626,Malaysia,445461.00
133999,"Invitation to Bid for Services - Long Term Agreement (LTA) for Lettershop, Bulk Mailing and PO Box Services (FOR MALAYSIAN REGISTERED COMPANY ONLY)",CFM Toppan Forms (M) Sdn Bhd,01-Jul-2022,UNICEF,LIBS-2022-9172626,Malaysia,445461.00
131106,RFP/026/2022/ALG - Services for the economic modelling of employment and environmental effects and impacts,"Cambridge Econometrics LtdMcKinsey & Company, Inc., Switzerland Wilmington, succursale de Genève",30-Jun-2022,ILO,rfx_61,Switzerland,
132830,"Provision of communication, advocacy and knowledge management support for UNDRR",Strategic Agenda UK LTD,29-Jun-2022,UN Secretariat,UNOG2022-4700023449,United Kingdom,2233396.12
132800,"Provision of communication, advocacy and knowledge management support for UNDRR",Eyetalk Communications Sàrl,28-Jun-2022,UN Secretariat,UNOG2022-4700023448,Switzerland,2373701.31
132829,"Provision of communication, advocacy and knowledge management support for UNDRR",The Humanitarian Cooperative Ltd,27-Jun-2022,UN Secretariat,UNOG2022-4700023460,United Kingdom,2017853.35
132802,"Provision of communication, advocacy and knowledge management support for UNDRR",Zinc Network Ltd.,26-Jun-2022,UN Secretariat,UNOG2022-4700023461,United Kingdom,1568615.06
130851,Provision of Strategic Planning and Management Consulting Support Services,"McKinsey & Company, Inc., Switzerland Wilmington, succursale de Genève",10-Jun-2022,ITU,RFP-S-SPM-2021-020,Switzerland,
130842,Provision for Cost Benefit Analysis Medicare and ICAO Group MBP,Mercer Marsh benefits Canada Inc,08-Jun-2022,ICAO,ICAO/00012,Canada,59700.00
130845,Provision of Socio-economic study services at Marka camp,Dajani Consulting,07-Jun-2022,UNRWA,ITB-UNRWA-CSSD-AK-054-2021,Jordan,186935.03
130815,Recrutement Agence événementielle pour l’organisation de l’Atelier « Les Rencontres Africaines pour les Ressources Educatives » du 14 au 16 Juin à Dakar,NOLA LTD,07-Jun-2022,UNESCO,ITB- 2021- UNESDAK - PRE-005,Senegal,58224.00
136278,Connecting the unconnected - Study on approaches to connect every school and learner with internet in 6 states of India,Deloitte Touche Tohmatsu India LLP.,06-Jun-2022,UNICEF,RFP-2022-011-9173524,India,90512.75
134292,Assessment of media-related legislation and capacity building on Freedom of Expression,CENTRE FOR LAW AND DEMOCRACY LTD,01-Jun-2022,UNESCO,RFP/Phnom Penh/01-22,Cambodia,83190.00
131617,Support of critical functions (O&M) as to enable flawless functioning of new portal and publishing of FMR reports,EPAM Systems France,27-May-2022,UNESCO,N/A,France,150000.00
130627,"RFP/13/2022/ANG (COL/22/04/COL) : Apoyar el desarrollo de los procesos de formación en competencias laborales de la industria 4.0 y tradicional en la ciudad de Medellín, Colombia","FUNDACIÓN EDUCATIVA ESCALA FUNDAESCALA,",24-May-2022,ILO,rfx_39,Colombia,
130638,Assessment of Existing Business Incubators in Somalia,Horn Africa Consultants Firm,24-May-2022,UNIDO,7000005480,Somalia,34529.00
130661,Institutional Assessment of the Capacity to Implement the draft Social Security Laws for Workers in the Private Sector in Iraq,UNSUCCESSFUL,24-May-2022,ILO,RFP/9/2022/JUG,Iraq,
134366,FOR THE PROVISION OF FACE-TO-FACE DONOR ACQUISTION SERVICES FOR UNCHR PRIVATE SECTOR PARTNERSHIPS MEXICO,DIALOGO DIRECTO LATINOAMERICA S.A. de C.V /  MARKETING AND FUNDRAISING SERVICES S.A. DE C.V,23-May-2022,UNHCR,RFP/2021/UNHCR/MEX/245,Mexico,
130634,Evaluation de la mise en oeuvre physique et financière du projet Biosphère et Patrimoines du lac Tchad (BIOPALT),TECHNOPOLIS FRANCE,20-May-2022,UNESCO,BIOPALT/AUDIT/1,Multiple destinations,55350.00
130423,RFQ/30/2022/MOA -  Enterprise Records Management (ERMS) Scoping and Costing.,RIMTECH Inc.,09-May-2022,ILO,rfx_43,Switzerland,
134328,"RFP/ACNUR/MEX/2022/038 Solicitud de propuesta para la celebración de Contrato Marco(s) de Servicios outbound de telemarketing para campañas de conversión de recaudación de fondos, México.",Data Voice Call Center S.A de C.V.,06-May-2022,UNHCR,RFP/ACNUR/MEX/2022/038,Mexico,
130680,Provision of an online Greenhouse Gas (GHG) calculation tool in compliance with the GHG Protocol,Impacti LLC,02-May-2022,UNFPA,UNFPA/USA/RFQ/22/001,Multiple destinations,
134000,Development of digital campaign to promote public acceptance and adoption of new norms while living with Covid-19 in Malaysia,LIGHT UP 7 SDN. BHD.,27-Apr-2022,UNICEF,LIBS-2022-9173203,Malaysia,40100.00
133972,RFP 10-2022 “Acuerdo a Largo Plazo para contratación de servicios de agencia de medios para el área de Recaudación de Fondos de UNICEF Uruguay”,Wavemaker (RENIER SA),22-Apr-2022,UNICEF,RFP 10-2022,Uruguay,
130536,"REQUEST FOR QUOTATION (RFQ) Nº UNFPA/BKK/RFQ/21/007 - Provision of Services for UNFPA, APRO Learning Initiative “Building Back Better”",Fitch Consulting LLC,14-Apr-2022,UNFPA,RFQ Nº UNFPA/BKK/RFQ/21/007,Thailand,70200.00
130151,CCIS_CLD/2022/864/RFQ - Preparation of an overview for the information session on the impact of the Covid-19 pandemic on the copyright ecosystem (SCCR/42),Panteia BV,06-Apr-2022,WIPO,rfx_177,Switzerland,
130292,Training Program of “Multiannual Inclusive Education Program: +DIVERSITY” in Perú”,Universidad Antonio Ruiz de Montoya,04-Apr-2022,UNESCO,RFP N° 002-2022-LIM,Peru,315140.38
133973,RFP 06-2022 - “Acuerdo a Largo Plazo para la producción integral del programa de televisión ‘Juntos por los Niños’ y los ‘Especiales’ de UNICEF Uruguay”,Pablo Ruben Arriola González,25-Mar-2022,UNICEF,RFP 06-2022,Uruguay,
130856,PROVISION OF A STAFF WORKING CONDITIONS IMPLEMENTATION PLAN FOR ITU,"Skidmore, Owings & Merrill (Europe) LLP",24-Mar-2022,ITU,RFP-S-FMBPD-2021-045,Switzerland,729000.00
130105,Provision of consultation services to UNRWA Evaluation Division,International Organisation Development Ltd,16-Mar-2022,UNRWA,RFP-UNRWA-CSSD-DM/001-2022,Jordan,152109.20
129931,Logistics and Event Management to UNFPA Egypt Country Office,Paradigma LTDMeraya EventsEgyptian Broadcast Systems LLC.Content Khana,09-Mar-2022,UNFPA,UNFPA/EGY/RFP/21/011,Egypt,
132112,"Final Evaluation of the Advanced Regional Training Programme in Education for Sustainable Development (ESD) for ECCE, Primary and TVET Teacher Educators in Southern Africa - ‘Sustainability Starts wit",Acmeret Solutions,08-Mar-2022,UNESCO,HAR/DIR/2021/L01439,South Africa,56080.00
130032,Development of Online Platform for World Press Freedom Day Global Conference 2022,Miltton Events OÜ,07-Mar-2022,UNESCO,RFP/CI/FEJ/2021/124,France,58570.00
129885,Evaluation of the UNRWA Emergency Appeals for the Occupied Palestinian Territories and Syria Regional Crisis 2016 – 2021,International Organisation Development Ltd,01-Mar-2022,UNRWA,RFPUNRWA- CSSD-DM-053-2021,Multiple destinations,215468.00
129643,Evaluation of UNESCO’s work on Teacher development,Ockham IPS,03-Feb-2022,UNESCO,RFP/IOS/EVS/TEACHER/2021,France,68925.00
129608,Evaluation Consultancy Services to Conduct the Independent Evaluation of the ILO's Evaluation Function for the Period 2017-2021,InternationalOrganisationDevelopment Ltd,02-Feb-2022,ILO,RFP 41/2021,Switzerland,
130421,L' Acheminement des envois diplomatiques de  valises spéciales,Jetivia S.A.,02-Feb-2022,UN Secretariat,UNOG2022-4700022442,Switzerland,804233.54
129567,Business Consulting and Advisory Services,"PwC Strategy& (Germany) GmbHDeloitte Consulting B.V.Aspiro, a.s.",28-Jan-2022,UNFCCC,ITB 2021-001,Germany,
129558,Provision of IT Staff Augmentation and Consultancy Services,e-Zest Solutions Ltd.Zensar Technologies (UK) LimitedNCIM Groep,13-Jan-2022,OPCW,RFP No. ISB-210068,Netherlands,
129182,Actuarial Services for the Valuation of ITU’s After-Service Health Insurance (ASHI) and Separation Benefit,Aon Schweiz AG,11-Jan-2022,ITU,RFP-S-HRMD-2021-043,Switzerland,69018.00
129154,LBN-CO-RFQ-259-21Municipal Empowerment and Resilience,spicetech,05-Jan-2022,UNDP,LBN-CO-RFQ-259-21,Lebanon,11800.00
129163,LBN-CO-RFP-211-21Assess of Socio-Economic Tripol,Beyond Group SAL Offshore,05-Jan-2022,UNDP,LBN-CO-RFP-211-21,Lebanon,46370.00
129572,"Review of Finance Regulatory  Framework, Policies and Instructions",Samman & Co.,05-Jan-2022,UNRWA,RFP/UNRWA/CSSD/DM/047/2021,Jordan,217000.00
129130,External Evaluation of the project #CoronavirusFacts: Addressing the Disinfodemic on Covid-19 in conflict-prone environments,FOKABS Inc,03-Jan-2022,UNESCO,RFP/CI/FEJ/2021/131,Multiple destinations,54650.00
134566,Provision of an online Greenhouse Gas (GHG) calculation tool in compliance with the GHG Protocol,Impacti LLC,02-Jan-2022,UNFPA,UNFPA/USA/RFQ/22/001,Multiple destinations,
131480,Provision of language training services for IFAD staff and non-staff (Component A),Learnlight Spain S.L.,01-Jan-2022,IFAD,IFAD/2021/006/RFP,Italy,
129391,Engaging a National NGO for implementation of activities in Public High Schools within the “Violence Free Schools Initiative” LBN-CO-CFP-205-21,Clown Me In,30-Dec-2021,UNDP,LBN-CO-CFP-205-21,Lebanon,240000.00
129021,API Lifecycle and Management Review,Digital Partners SA,23-Dec-2021,WIPO,rfx_148,Switzerland,
129189,Provision of an Individual Treasury Investment Management System Consultant Services,QUANTEAM,17-Dec-2021,IFAD,IFAD/2021/023/RFP,Italy,
131263,Provision of IT Staff Augmentation and Consultancy Services,NCIM Groep,17-Dec-2021,OPCW,Request for Proposal (RFP) No. ISB-210068,Netherlands,2548712.50
131266,Provision of IT Staff Augmentation and Consultancy Services,Zensar Technologies (UK) Limited,17-Dec-2021,OPCW,Request for Proposal (RFP) No. ISB-210068,Netherlands,2548712.50
131267,Provision of IT Staff Augmentation and Consultancy Services,e-Zest Digital Solutions Private Limited,17-Dec-2021,OPCW,Request for Proposal (RFP) No. ISB-210068,Netherlands,2548712.50
129586,"Acquisition of, and Annual Subscription for  Intelligent Business Process Management (IBPM) / Low Coding Platform (LCP) Platform",Zensar Technologies (UK) Limited,15-Dec-2021,UNRWA,UNRWA-2022-4321000086,Multiple destinations,387464.00
128890,Baseline Survey to Evaluate the Status of Child Labour in Seasonal Agriculture in Turkey,R.M Team FZE,14-Dec-2021,ILO,RFP 67/2021,Türkiye,
128883,"Develop UNFPA’s humanitarian leadership training program, and deliver training workshops, both through online and in-person formats.",Deakin University-Centre for Humanitarian Leadership,10-Dec-2021,UNFPA,RFQ Nº UNFPA/USA/RFQ/21/092,Multiple destinations,
129575,RFQ Nº UNFPA/BKK/RFQ/21/004 for the ‘Provision of Service for Big Data Study for Harmful Practices in Asia’,Quilt.AI Pte Ltd.,09-Dec-2021,UNFPA,RFQ Nº UNFPA/BKK/RFQ/21/004,Thailand,69000.00
128796,Provision of Project Manager Consultancy,SISTEMA 32 SRL,03-Dec-2021,IFAD,IFAD/2021/029/RFP,Italy,
128859,Artificial Intelligence Capacity Building Report and Digital Transformation Competency Framework,Open Knowledge Foundation,03-Dec-2021,UNESCO,CI/DIT/21/65,France,83142.27
134368,Para la celebración de contrato marco(s) para la provisión de servicios de: Estaciones de trabajo todo incluido para equipo de telemarketing en México.,CISE OPERADORA DE COMERCIO INTERNACIONAL S.A. DE C.V.,02-Dec-2021,UNHCR,RFP/2021/ACNUR/MEX/160,Mexico,
129300,Provision of Actuarial Services,Aon Consulting Inc.,23-Nov-2021,IFAD,CPT/2021/003/RFP,Italy,
129350,Advisory engagement on data governance at UNESCO,KPMG Advisory S.p.A.,23-Nov-2021,UNESCO,Data Governance RFP/IOS/AUD/02/2021,France,36500.00
127183,Producing recommendation and analysis on procurement and supply chain to reduce environmental impact,CENTER FOR HUMANITARIAN LOGISTICS AND REGIONAL DEVELOPMENT (CHORD),18-Nov-2021,UNFPA,RFQ Nº UNFPA/HO/RFQ/21/17,Switzerland,59500.00
128504,Virtual Event Management & Coordination of the 2021 Policy Dialogue Forum (PDF) for the International Task Force on Teachers for Education 2030,Social27 Inc.,09-Nov-2021,UNESCO,RFP/ED/PLS/TED/21/34,Multiple destinations,106650.00
128505,Virtual Event Management & Coordination of the 2021 Policy Dialogue Forum (PDF) for the International Task Force on Teachers for Education 2030,Social27 Inc.,09-Nov-2021,UNESCO,RFP/ED/PLS/TED/21/34,Multiple destinations,106650.00
128473,Producing recommendation and analysis on procurement and supply chain to reduce environmental impact,CENTER FOR HUMANITARIAN LOGISTICS AND REGIONAL DEVELOPMENT (CHORD),29-Oct-2021,UNFPA,RFQ Nº UNFPA/HO/RFQ/21/17,Switzerland,59500.00
127108,IIES_IPID/2021/736/RFQ - Provision of a patent search and analysis report on technologies related to hydrogen fuel cells,EconSight GmbH,25-Oct-2021,WIPO,rfx_66,Switzerland,
129351,"Live and hybrid event production for the UN Ocean Decade Kickoff Conference for the Western Pacific and its Adjacent Areas, 25-26 November 2021","Pico (Thailand) Public Co., Ltd",20-Oct-2021,UNESCO,RFP-IOC-WESTPAC-2021-0801,Thailand,44511.00
127045,Provision of Strategic Planning and Management Consulting Support Services,DGDA Switzerland SARL,18-Oct-2021,ITU,RFP-S-SPM-2021-020,Switzerland,162527.00
131275,Insurance Brokerage Services,The Underwriting Exchange (Ireland) Limited,15-Oct-2021,OPCW,210057,Ireland,153030.00
128886,Campagne de communication et Missions d’accompagnement des équipes de Communication,ROOFTOP VIDEO PRODUCTIONS CC,14-Oct-2021,UNESCO,UNESCO/DPI/RFP/03/2021,Multiple destinations,347200.00
127138,VISIBILITY AND RELATED MATERIALS,"RAGGIO COMUNICACION, S.L.",01-Oct-2021,UNESCO,HAV 2021-008,Cuba,24490.00
128903,Supporting the Implementation of a Campaign to Tackle the Worst Forms of Child Labour in Iraq,Bustan Association for Children & Adults Protection & Education & Awareness Of Mines & War Remnant Danger,13-Sep-2021,ILO,RFP 44/2021,Iraq,
129347,Advisory on the Organization Culture,Sri Executive Search,06-Sep-2021,UNESCO,Organization Culture RFP/IOS/AUD/01/2021,France,38350.00
128873,Online organization of the 2021 UNESCO International conference “The fight against the illicit trafficking of cultural property: for a strengthened global dialogue” (14 September 2021),Chab Events,30-Aug-2021,UNESCO,CLT/CEM/MHM/21/2,France,51115.45
131616,Deadline extended: Renewing UNESCO’s Transparency Portal and Reviewing and enhancing UNESCO’s Corporate Reporting and Business Intelligence/Data Analytics capabilities,EPAM Systems France,24-Aug-2021,UNESCO,RFP/DBS/UNESCORE/2021/001,France,1336525.00
125465,RFQ Nº UNFPA/BKK/RFQ/21/001 for ‘Provision of Closed Captioning Service’.,Access Innovation Media Pty Limited,19-Aug-2021,UNFPA,RFQ Nº UNFPA/BKK/RFQ/21/001,Thailand,29500.00
128670,Inclusive Green Financing Initiative (IGREENFIN) in the Green Great Wall (GGW) countries. Phase I” (IGREENFIN 2),finres,18-Aug-2021,IFAD,IFAD/2021/014/RFP,Italy,
129726,Provision of  IT Security Consultancy Services Under Long Term Agreement,"Verizon Italia SPAS2 Grupo de Innovación en Procesos Organizativos, S.L.World Informatix Inc.SYNACKTIVDeloitte Risk Advisory S.r.l.KPMG Advisory S.p.A.WESTPOLE BEPenetra Cyber Security B.V.NTT DATA SPAIN SLBusiness Integration Partners S.p.A.",10-Aug-2021,IFAD,CPT/2021/002/RFP,Italy,
129354,"DEADLINE EXTENDED - Review of the second cycle (2014-2020) of the “UNESCO/Emir Jaber al Ahmad al Jaber al Sabah Prize for Digital Empowerment of Persons with Disabilities""",INSPIRING VISION FOR CONSULTING,09-Aug-2021,UNESCO,RFQ/CI/UAI/01/2021,Multiple destinations,7980.00
124190,Flight hours of a gyrocopter for the release of sterile male tsetse flies in Senegal,Eric Bruno Aerodrome du Kalahari,06-Aug-2021,IAEA,509408,Austria,
122585,"Management of contractual & monitoring procedures/plan for the Jordanian & Syrian workers involved in the cultural heritage related employment Intensive activities at the heritage sites of Umm as-Surab, in Mafraq & Umm Qais & Tall Zira' in Irbid",BOTHORNA FOR TRAINING AND CAPACITY BUILDING,25-Jul-2021,UNESCO,JOR/RFP/21/02,Jordan,462444.07
125872,Provision of Services for an Analysis of Healthcare Waste Management in Lebanon and Priority Interventions - Event ID 0000008957,EARTH LINK AND ADVANCED RESOURCES DEVELOPMENT S.A.L ELARD,23-Jul-2021,UNDP,LBN/CO/RFP/88/21,Lebanon,128205.00
124253,Lease of Premises for the IAEA Department of Safeguards in Buenos Aires,Opyssa Sudamericana SA,19-Jul-2021,IAEA,503315-OP,Austria,
129346,Organization and production of a one-week multilingual online broadcasted training programme for radio professionals to reinforce capacities of local radio stations to produce professional content.,EDITIONS HF HAUT DE FORME,19-Jul-2021,UNESCO,RFP-CI-RemoteRadioWeek21,France,82517.40
129427,Google Analytics Supplier for High Volume Web Traffic [2021-014_DGO-DCO_WebTraffic],Trakken GmbH,15-Jul-2021,WHO,HQ/BOS/SUP/SHQ/P/0005347,Switzerland,
123876,"RFP for the provision of services for the development, organisation and management of an online course/training on Financing and Public Finance Management for SRHR to UNFPA APRO",Genesis Analytics Limited,15-Jul-2021,UNFPA,RFP No. UNFPA/BKK/RFP/21/001,Multiple destinations,124625.00
133798,Customer Satisfaction Survey,Canmark Technologies,15-Jul-2021,ICAO,12501132,Canada,40381.18
128669,Provision of Print and Online Advertising Broker Services for IFAD Vacancy Announcements and Recruitment Campaigns,Terra Firma Associates SPRL,12-Jul-2021,IFAD,IFAD/2021/013/RFP,Italy,
128994,Video editing and production for online training course on AI and the Rule of Law for Judicial Operators,Beyond Borders Media,09-Jul-2021,UNESCO,CI/DIT/21/44,Multiple destinations,69620.00
128996,Video editing and production for online training course on AI and the Rule of Law for Judicial Operators,Beyond Borders Media,09-Jul-2021,UNESCO,CI/DIT/21/44,Multiple destinations,69620.00
124199,Customer feedback measurement (Two lots),BERENT Deutchland GmbH,06-Jul-2021,WIPO,CD/2021/658/ITB,Switzerland,
122260,"Production of case studies on media reporting on migration in the 08 target countries of the project (Cameroon, Côte d'Ivoire, Ghana, Guinea-Conakry, Niger, Nigeria, Mali and Senegal)",RIDGEWAY INFORMATION,01-Jul-2021,UNESCO,CI-2021-RFP-014_RE-ADVERTISEMENT,Multiple destinations,134784.00
123889,"UNESCO/BEI/PRO/ITB/EDU/21/05 - “Rehabilitation works for two historical buildings at American University of Beirut (Fisk Hall & Ada Dodge Hall)""",LOT 1: ENGINEERING & BLDG. CO. (EBCOBITAR) & LOT2: ISOPACK SARL,29-Jun-2021,UNESCO,UNESCO/BEI/PRO/ITB/EDU/21/05,Lebanon,381631.82
129345,DEADLINE EXTENDED - Online training course on the role of access to information policies and practices,Centre for Law & Democracy,24-Jun-2021,UNESCO,RFP/CI/UAI/01/2021,Multiple destinations,33534.00
128869,Provision of Audio/Video Technical Support and   Maintenance,EDISCO S.R.L.,23-Jun-2021,IFAD,IFAD/2021/012/RFP,Italy,
123851,"CREATION OF AN AUDIOVISUAL CONCERT FOR THE 2021 CARIBBEAN FESTIVAL, TO BE HELD IN THE CITY OF SANTIAGO DE CUBA",Fondation Haiti Jazz,18-Jun-2021,UNESCO,HAV 2021-002,Cuba,111600.00
122111,Technical assistance to develop and promote the tourism industry in Benin,REFORMATICS (FZC),15-Jun-2021,UNWTO,RFP/TECO/2021-01,Benin,
122272,Provision of due diligence tools and/or services for the IAEA,Bisnode D&B Austria GmbH,10-Jun-2021,IAEA,RFP - Request for Proposal No 417324-RL,Multiple destinations,
122033,To conduct and report on the Labour Skills Assessments in selected economic sectors in Trinidad and Tobago.,The Centre for Employment Initiatives,09-Jun-2021,UNICEF,RFP/2021/04/BRIDGETOWN/ECA,Trinidad and Tobago,78820.00
123885,Provision of Consultancy Services to support the ICAO Information Security Office,Tech Mahindra Limited,04-Jun-2021,ICAO,12501068,Canada,2523397.00
128715,Provision of IFAD Internal Survey Services,Munslow Corporate Communications Pty Ltd.,27-May-2021,IFAD,IFAD/2020/028/RFP (LOT 1),Italy,
128717,Provision of IFAD Internal Survey Services,Munslow Corporate Communications Pty Ltd.Agenda Consulting Limited,27-May-2021,IFAD,IFAD/2020/028/RFP (LOT 2),Italy,
119393,"DEADLINE EXTENDED - International consultancy to compile, analyze, and synthezise statistical and qualitative data on the status of school health and nutrition worldwide",Imperial College of Science Technology and Medicine,26-May-2021,UNESCO,RFQ/ED/HAE/21/006,Multiple destinations,43196.00
125850,Provision of Services for The Development of Management Plans for Rangelands Outside Forests (Rmp) In The High Mountains of Akkar and Jbeil Districts - Event ID 0000008718,KARTERIS APOSTOLOS - KARTERIS MARINOS OE,19-May-2021,UNDP,LBN/CO/RFP/60/21,Lebanon,120940.00
119252,Development of a Policy Framework on Human Trafficking and Forced Labour in UN Supply Chains,Institut for Menneske Rettigheder,17-May-2021,ILO,RFP 1/2021,Switzerland,
119140,Independent External Evaluation of UNESCO’s Capacity Development for Education (CapED) Programme’s country-level interventions in Lao PDR and Madagascar.,LATTANZIO KIBS SPA,12-May-2021,UNESCO,RFP/ED/EO/SPM/02/2021,Multiple destinations,199700.00
119130,Conducting an assessment of the impact of COVID-19 pandemic on women and girls,Multi-Tech Solutions (Pvt) Ltd,11-May-2021,UNFPA,RFQ NºUNFPA/LKA/RFQ/21/01,Sri Lanka,70343.18
119376,RFP External Evaluation of the Norwegian Teacher Initiative “Strengthening Multi-Partner Cooperation to Support Teacher Policy and Improve Learning”,"PPMI Group, UAB",11-May-2021,UNESCO,RFP/ED/PLS/TED/21/05,France,38755.00
129399,"WHO Diversity, Equity and Inclusion (DEI) Initiative  (RFP-008-HQ/DGO/DGC/2021-DEI-01)","Bagby Davidson & Associates, LLC",11-May-2021,WHO,HQ/BOS/SUP/SHQ/P/0005294,Switzerland,
119394,DEADLINE EXTENDED - 3-D scanning and photographing for the Virtual Exhibition on Common Heritage along the Silk Roads,MPS Europa AG,03-May-2021,UNESCO,RFP/ATA/2021/01,Multiple destinations,96672.82
119395,"EXTENDED - All-inclusive communications service for the International Year of the Creative Economy for Sustainable Development from strategy, development, to implementation under supervision of UNESCO",Centro de Alianzas para el Desarrollo,28-Apr-2021,UNESCO,RFP/UNESCO/CLT/DCE/P/001,France,69960.00
119070,EXTENDED - Develop midterm evaluation of Horizontes Program - Rural secondary education in Peru,Red2Red Consultores S.L.,26-Apr-2021,UNESCO,RFP N° 024-2021-LIM - Develop midterm evaluation of Horizontes Program - Rural secondary education,Peru,52000.00
129191,Provision of Financial Disclosure Programmes Assistance Services for IFAD and WFP,Hudson Ethics 2 LLC,22-Apr-2021,IFAD,CTP/2021/001/RFP,Italy,
117901,Création d’une plateforme virtuelle pour un symposium régional sur la Santé et l’Hygiène Menstruelles,Overcome,13-Apr-2021,UNFPA,UNFPA/WCARO/RFQ/21/001,Senegal,29733.00
117548,Integrated Visibility and Vulnerability Management Solution,Verizon Nederland,31-Mar-2021,OPCW,OCS-P20-017,Netherlands,329937.19
117511,Development and Implementation of a Project Communication Strategy,iris iletişim çözümleri Tic. Ltd. Şti.,23-Mar-2021,ILO,RFP 56/2020,Türkiye,
117343,UNFPA/USA/RFQ/21/008 - Request for Regional Private Sector Market Assessment,Global CAD,16-Mar-2021,UNFPA,UNFPA/USA/RFQ/21/008,Multiple destinations,44400.00
117227,Staff Working Conditions,Drees & Sommer Schweiz AG,15-Mar-2021,ITU,RFP-S-HRMD-2020-066,Switzerland,
119405,"Deadline Extended - The construction of Girls' Educational Center (GEC) located inside the compound of the DepEd Regional Office 8 in Brgy. Candahug, Palo, Leyte/ Philippines",Vistagreen Builders Inc.,15-Mar-2021,UNESCO,JAK/ITB/20/ED/001,Philippines,1188000.00
117060,External Evaluation of the International Task Force on Teachers for Education 2030 for its 2018-2021 Strategic Plan,TECHNOPOLIS FRANCE,05-Mar-2021,UNESCO,RFP/ED/TTF/12/2020,Multiple destinations,49900.00
117954,LBN-CO-RFP-207-20Conduct Wages Monitoring Survey,Consultation and Research Institute (CRI),03-Mar-2021,UNDP,LBN-CO-RFP-207-20,Lebanon,34826.25
116998,LBN-CO-RFP-158-20Socio-Eco Assess Business Devel,BIAT Business Incubation Association in Tripoli,01-Mar-2021,UNDP,LBN-CO-RFP-158-20,Lebanon,114219.00
117010,Evaluation of UNESCO Education Sector’s work on Inclusion in Education.,Ockham IPS,01-Mar-2021,UNESCO,RFP/IOS/IE/12/2020,France,63800.00
119121,Deadline Extended - Develop scenarios and a roadmap proposal for a reformed and improved global education coordination mechanism,MDF Training and Consultancy B.V.,22-Feb-2021,UNESCO,RFP/ED/E30/SDG/20/12,France,67850.00
116841,Institutional or Corporate contractor to conduct a social norms survey on Violence Against Children in Trinidad and Tobago.,SACODA SERV LTD,11-Feb-2021,UNICEF,RFP/2021/01/BRIDGETWON/ECA,Trinidad and Tobago,49600.00
116781,Hosting and Application Maintenance Support for the WMO Community Platform and Content Management Systems,EVERIS SPAIN S.L.,05-Feb-2021,WMO,RFP 1921-20 (I),Switzerland,724699.00
116838,MTGS - Provision of pharmacy services - Contract 3+1+1,Urania-Apotheke Mag.pharm. Baurek OHG,04-Feb-2021,IAEA,422303,Austria,
125831,Provision of Services for a Leachate Management Assessment Study for Zahle’s Solid Waste Facility- Event ID: 0000007719,Libanconsult AGM,04-Feb-2021,UNDP,LBN/CO/RFP/160/20,Lebanon,353069.23
116682,Creative Communication Services,Blossom SrlFour Hundred Communications LimitedHost Creative Inc,18-Jan-2021,UNFCCC,RFP 2020-005,Germany,
116517,Media Monitoring Services,Brandwatch,13-Jan-2021,OPCW,MPB-P20-006,Netherlands,63380.00
116282,Construction of Irrigation Canal and Hill Lake Using Labour-Intensive Approach – Fneidik – Akkar – North Lebanon - Event ID 0000006229,Gitani Brothers SARL,04-Jan-2021,UNDP,LBN/CO/ITB/86/20,Lebanon,506020.47
116377,Procurement of an eSourcing Solution and related Implementation and Support Services,Fincons Group AGBravoSolution Spa,31-Dec-2020,WIPO,AMS_PTD/2020/454/RFP,Switzerland,
116041,e-Mail Marketing Platform,Upland Adestra,17-Dec-2020,ILO,RFP 051/2020,Switzerland,142059.20
119915,"SOLICITUD DE OFERTA PARA SUMINISTRO E INSTALACIÓN DE CAMARAS DE VIDEO VIGILANCIA, CONTROL DE ACCESO, ALARMA Y FUEGO EN LAS OFICINAS DEL ACNUR EN GUATEMALA","Seguridad 2614, S.A.",08-Dec-2020,UNHCR,RFP/GUA/2020/004,Guatemala,140573.00
115922,Provision of a skills gap and cultural analysis to ITU,"McKinsey & Company, Inc.",04-Dec-2020,ITU,RFP-S-HRMD-2020-049,Switzerland,
116174,LBN-CO-RFP-139-20Municipal Empowert-Resilience Project,Rene Moawad Foundation,01-Dec-2020,UNDP,LBN-CO-RFP-139-20,Lebanon,293782.00
116936,DEADLINE EXTENDED - Re-bid; Evaluation of the effects of IIEP’s research activities on the education sector in partner countries,TECHNOPOLIS FRANCE,23-Nov-2020,UNESCO,RD-EVAL2020,France,57700.00
117498,LTA Global Communications Services for UNFPA HQ,Daniel J Edelman Ltd,23-Nov-2020,UNFPA,UNFPA/USA/RFP/20/009,Multiple destinations,200000.00
115631,Provision of services to develop a socio-economic assessment for the high-country areas in the districts of Akkar and Jbeil -Event ID: 0000006606,Consultation and Research Institute CRI SARL,09-Nov-2020,UNDP,LBN/CO/RFP/108/20,Lebanon,64324.50
115632,Provision of consultancy services to conduct a landscape-scale survey of mountain lands and high-country areas in Akkar and Jbeil districts - Event ID: 0000006613,University of Balamand,09-Nov-2020,UNDP,LBN/CO/RFP/110/20,Lebanon,89924.00
115324,Development and Implementation of a Private Sector Engagement Strategy (PSES),Raks Thai Foundation,28-Oct-2020,IOM,IOMTH 2020-043,Multiple destinations,258000.00
115367,Provision of services for enhancing the reslience of SMEs for UNDRRR,Vivid Economics LTD,26-Oct-2020,UN Secretariat,UNOGPO-2020-2200175254,United Kingdom,149000.00
115591,RFP for professional services to implement activities on communication and strengthening supporting services for victims of gender-based violence under the Covid-19 emergency context,Center for Studies and Applied Sciences in Gender-Family-Women and Adolescent (CSAGA),21-Oct-2020,UNFPA,UNFPA/VNM/RFP/20/01,Viet Nam,184903.95
115165,Innovation and Entrepreneurship Program in Support of Lebanon’s Energy Transition - Event ID 0000005962,JV Tech Hub - LAU - Jackanova,15-Oct-2020,UNDP,LBN/CO/RFP/74/20,Lebanon,296000.00
115176,PROYECTO SIPAN - PLANES DE NEGOCIO EMPRENDIMIENTOS INICIATIVA SISTEMAS IMPORTANTES DEL PATRIMONIO AGRICOLA NACIONAL (SIPAN),Fundación Rondó para la Gestión Cultural,15-Oct-2020,FAO,2020/FLCHI/FLCHI/106671,Chile,167600.00
128720,Roster of service providers for the implementation of agricultural and climate risk insurance activities to support INSURED,"AgroInsurance International LLCBlue Marble Microinsurance, Inc.CelsiusPro AGCentro Internacional de Agricultura TropicalMicroInsurance Centre at MillimanPula Advisors GmbHRisk Shield Consultants LimitedVLAAMSE INSTELLING VOOR TECHNOLOGISCH ONDERZOEK (VITO) PLCWeather Risk Management Services Private LimitedWillis Limited",12-Oct-2020,IFAD,IFAD/2020/018/RFP (LOT 1),Italy,
128721,Roster of service providers for the implementation of agricultural and climate risk insurance activities to support INSURED,"AgroInsurance International LLCBlue Marble Microinsurance, Inc.Centro Internacional de Agricultura TropicalMicroInsurance Centre at MillimanPula Advisors GmbHRisk Shield Consultants LimitedWeather Risk Management Services Private Limited",12-Oct-2020,IFAD,IFAD/2020/018/RFP (LOT 2),Italy,
114988,For the establishment of LONG TERM AGREEMENT for PROVISION OF IMPACT MODELING SERVICES to UNFPA WEST AND CENTRAL AFRICA REGIONAL OFFICE,"Camber CollectiveAvenir Health, Inc.",08-Oct-2020,UNFPA,UNFPA/WCARO/RFP/20/002,Multiple destinations,
115338,Development of brand concept and launch of global communications campaign around “Generation Ocean” in support of the UN Decade of Ocean Science for Sustainable Development - Extension of closing date,Reelmedia Film Ltd,08-Oct-2020,UNESCO,RFP/IOC/MPR Generation Ocean Global Communications Campaign,France,29088.00
116157,"Recruitment of National Company to Carry Services of Collection, Transport and Disposal of Personal Protective Equipment (PPE) used to prevent the spread and proliferation of COVID 19 in Rwanda",COPED LTD,05-Oct-2020,UNDP,RFP/UNDP/RWA/2020/025,Rwanda,124621.00
116142,Ocean Energy Technical Pre-Fea,"Overseas Environmental Cooperation Center, Japan",30-Sep-2020,UNIDO,7000004355,Republic of Naoero,217800.00
128747,"Provision of Services for Due Diligence and Conflict Analysis Facility Deliverables in Yangon, Myanmar",COAR-GLOBAL,25-Sep-2020,UNOPS,MMOC/22020/LTA/2020-035,Myanmar,216366.64
115333,Provision of Management Consultancy Service,EVERIS SPAIN S.L.,24-Sep-2020,IFAD,IFAD/2020/005/RFP,Italy,13032000.00
115327,Provision of Management Consultancy Service,Avenir Analytics,16-Sep-2020,IFAD,IFAD/2020/005/RFP,Italy,19546800.00
114491,Construction of Irrigation Canal Networks Using Labour-Intensive Approach – Meryata – Zgharta – North Lebanon - Event ID 0000006218,ETS MOSTAPHA SALAHEDDINE ADADA,11-Sep-2020,UNDP,LBN/CO/ITB/84/20,Lebanon,523479.89
115392,Provision of Management Consultancy Service,Fitch Consulting LLC,10-Sep-2020,IFAD,IFAD/2020/005/RFP,Italy,8688000.00
114613,Evaluation of UNESCO’s Strategy on Action for Climate Change (2018-2021),TheUniversaliaManagementGroupLimited,07-Sep-2020,UNESCO,RFP / IOS / EVS / SACC / 2020,France,69990.00
114438,Development of Business Continuity Plan and Business Impact Analysis,4C Strategies,04-Sep-2020,OPCW,OCS-P20-012,Netherlands,83742.00
114551,For monitoring and evaluation of the technical solution for remote diagnosis of diabetic retinopathy in Senegal.,TLM360,02-Sep-2020,ITU,RFQ-S-BDT-2020-060,Senegal,40000.00
115310,Provision of Press Clipping Service for UNFPA,Meltwater Group,31-Aug-2020,UNFPA,UNFPA-USA-RFQ-20-050,Multiple destinations,49990.00
114342,"Data Capture, Validation and Digitization of the technical documentary records for the African Intellectual Property Organization OAPI",AGS CAMEROON,28-Aug-2020,WIPO,GINS_IPOBSD/2019/401/RFP,Cameroon,151982.00
114615,EXTENDED - Evaluation of UNESCO’s action to revitalize and promote indigenous languages within the framework of the International Year of Indigenous Languages 2019,MINORITY RIGHTS GROUP,24-Aug-2020,UNESCO,RFP / IOS / EVS / IND / 2020,France,72650.40
116158,"RE-ADVERTISEMENT - International Consulting Firm for Supporting the Government of Rwanda to enhance NDC implementation and monitoring through provision of ArcGIS Pro and ArcGIS online licenses, I",ESRI RWANDA LTD,24-Aug-2020,UNDP,RFP/UNDP/RWA/2020/024,Rwanda,110108.00
114672,Events Management for the ILO Doha Office,Attraction For Events,19-Aug-2020,ILO,RFP 17/2020,Qatar,
115414,Provision of Management Consultancy Service,"Ernst & Young, LLP",18-Aug-2020,IFAD,IFAD/2020/005/RFP,Italy,44524200.00
114548,"Services of planning, organizing, coordinating, carrying out (budgeting, and billing) and evaluating events - Re-bid",ABIC MARKETING CONSULTORIA PROMOCIONAL LTDAAGOGO MARKETING PROMOCIONAL LTDAGauche Promoções e Eventos LtdaJB PROPAGANDA E MARKETING EIRELIFULLBLESS EVENTOS EIRELIQueen Bee Turismo e Eventos Ltda,17-Aug-2020,UNESCO,Procurement JOF 1503/2019 (Secondary Number 0039/2019),Brazil,6500000.00
115329,Provision of Management Consultancy Services,CaC Management,14-Aug-2020,IFAD,IFAD/2020/005/RFP,Italy,13029316.00
114313,"Management of contractual and monitoring procedures/plan for the Jordanian and Syrian workers involved in cultural heritage related Cash for Work activities at the village of Rihab, Mafraq governorate",ASSOCIATION OF VOLUNTEERS FOR INTERNATIONAL SERVICE (AVSI),12-Aug-2020,UNESCO,JOR/RFP/19/15,Jordan,206110.13
115321,Provision of Management Consultancy Services,Alvarez and Marsal Financial Industry Advisory Services LLP,07-Aug-2020,IFAD,IFAD/2020/005/RFP,Italy,38010000.00
115332,Provision of Management Consultancy Service,EDUCON,07-Aug-2020,IFAD,IFAD/2020/005/RFP,Italy,3258000.00
114140,LBN-CO-RFP-63-20 Review of DGLAC,Democracy Reporting International gGmbh,03-Aug-2020,UNDP,LBN-CO-RFP-63-20,Lebanon,231590.00
114263,"Concurso de precios Nro. 26/2020 RFPS Proyecto ""Salud Mental en tiempos de Coronavirus"" Estudio sobre el efecto en la salud mental de niños, niñas, adolescentes y personas gestantes por COVID-19",Intercambios Asociación Civil,28-Jul-2020,UNICEF,26/2020,Argentina,
114441,"Construction of Irrigation Canals and Networks Using Labour-Intensive Approach – Khyem- in the Caza of Marjaayoun, Nabatiyeh - Event ID 0000005295",Societe Ghazzawi and Taleb,28-Jul-2020,UNDP,LBN/CO/ITB/12/20,Lebanon,665988.90
128660,Provision of Asset Allocation Study for After Service Medical Coverage Scheme Trust Fund Services (ASMCS),BLACKROCK INC,21-Jul-2020,IFAD,IFAD/2020/009/RFP,Italy,
114541,Campaign to raise awareness of the violence and harassment issue and increase ratifications of ILO Convention 190,Scholz & Friends Berlin GmbH,20-Jul-2020,ILO,RFP 09/2020,Switzerland,
114612,"EXTENDED - Creation of SAP documentation, daily monitoring of SAP servers",PASàPAS-KPF,20-Jul-2020,UNESCO,RFP/ KMI/2020/600/Documentation and monitoring SAP,France,147035.21
114154,RFQ Nº UNFPA/USA/RFQ/20/062 – Partner and media relations for UNFPA Supplies transition communications strategy,Mozaic Consulting,17-Jul-2020,UNFPA,UNFPA/USA/RFQ/20/062,Multiple destinations,48000.00
116159,International Consultancy Firm for Revising the Green Growth and Climate Resilience Strategy and Green Growth Costing Kigali Rwanda,PEGASYS LIMITED,10-Jul-2020,UNDP,RWA10- 000000 5846,Rwanda,167230.00
113793,"The creation of of eight (8) 5-minute animation videos,",Pura Vida TV SRL,09-Jul-2020,UN Secretariat,UNOGPO 2200167056,Argentina,44000.00
113794,The provision of third party monitoring sêrvices in Yemen,Prodigy Systems Sp.,08-Jul-2020,UN Secretariat,UNOG2020-4700019056,Yemen,913380.00
115319,THE PROVISION OF THIRD PARTIES MONITORING SERVICES IN YEMEN,Prodigy Systems Sp.,08-Jul-2020,UN Secretariat,UNOG2020-4700019056,Yemen,913380.00
115325,Provision of Management Consultancy Service,"Avasant, LLC",08-Jul-2020,IFAD,IFAD/2020/005/RFP,Italy,13029316.00
117346,"Assessment of the current status of the circular economy for developing a roadmap in Cuba, Dominican Republic, Ecuador, El Salvador and Paraguay",Servicios de Ingenieria Deuman Limitada,07-Jul-2020,UNIDO,7000003980,Multiple destinations,249452.00
113632,"Provision of Coaching Services to Executive Individual and Team Coaching for UNFPA Senior Leaders, Supervision and Education for Internal Team Coaches and Meeting Facilitation Services",ecoachpro B.V.The Forton Group LimitedSMARTER NOT HARDER sprlMannet SarlKITE Global,26-Jun-2020,UNFPA,UNFPA/USA/RFP/19/013,Multiple destinations,
113700,Specialised Legal Services,PUBLICURE Law Firm P/S,23-Jun-2020,UNFCCC,ITB UNFCCC 2020-008,Germany,
113566,Construction of Irrigation Canals and Networks Using Labour-Intensive Approach – Zahlé- Bekaa Lebanon - Event ID: 0000005076,Khoury Contracting Co. s.a.r.l.,15-Jun-2020,UNDP,LBN/CO/ITB/172/19,Lebanon,796859.01
114133,Evaluation of the Flanders/UNESCO Trust Fund for the support of UNESCO’s activities in the field of heritage,Extent Heritage Pty Ltd,11-Jun-2020,UNESCO,RFP/CLT/2020,Belgium,45000.00
114454,Training Institute,JIGSAW CONSULT Ltd.,03-Jun-2020,ITU,RFP-S-BDT-2019-098,Switzerland,
114136,Strengthening Pre-service Teacher Education in Myanmar (STEM) Project End-of-Phase II Final Evaluation,ICON-INSTITUTE GmbH & Co. KG Consulting Gruppe,02-Jun-2020,UNESCO,RFP/ED/MMR/STEM/01/2020,Myanmar,72355.00
113667,"Provision of services related to coordinating regional networking events (""Meet the buyers"" sub-component) - West Africa Competitiveness and Quality Infrastructure Project (WACQIP)",Globally Cool b.v.,29-May-2020,UNIDO,7000003771,Multiple destinations,278075.07
116585,International Consultancy Firm to undertake Strategic Environmental Assessment (SEA) for National Urbanization Policy (NUP 2015) in Rwanda.,EARTH SYSTEMS LTD,11-May-2020,UNDP,RWA10- 0000005428,Rwanda,97548.00
113169,Provision of FIDIC Consultancy Services for OPCW new Centre for Chemistry and Technology (construction project),Aratis Groep BV,01-May-2020,OPCW,CCT-P20-102,Netherlands,37394.00
113226,Final External Evaluation of Malaysia Fund-in-Trust (MFIT) Projects,Environmental Governance Consulting,28-Apr-2020,UNESCO,JAK/QUO/20/DIR/006,Indonesia,68074.65
113227,Final External Evaluation of Malaysia Fund-in-Trust (MFIT) Projects,Environmental Governance Consulting,28-Apr-2020,UNESCO,JAK/QUO/20/DIR/006,Indonesia,68074.65
113101,Provision of Cost Advisory Services for the OPCW new Centre for Chemistry and Technology (Design and Construction),Vitruvius Bouwkostenadvies B.V.,24-Apr-2020,OPCW,LAB-P19-103,Netherlands,7702.00
113037,Resource mobilization consultancy (Final version),Community Counselling Service (UK) Limited,14-Apr-2020,ITU,RFP-S-BDT-2019-101,Switzerland,78000.00
112929,"For the provision of Hosting, Application Management Support (AMS) and Licenses for the WMO Electronic Document and Record Management System.",Lutech SpA,01-Apr-2020,WMO,RFP 1926-19 (CER),Switzerland,254000.00
113038,Establishment of a National Computer Incident Response Team (‘’CIRT’’) in Gambia,Ernst and Young LLP,29-Mar-2020,ITU,RFP-S-BDT-2018-048,Switzerland,70000.00
112722,WMO OSCAR/Space Database Development services,Wishtree Technologies LLP,10-Mar-2020,WMO,RFQ 1942-19,Switzerland,25348.00
114131,Call for Partnership for Rapid Response Facility (RRF),Fauna & Flora International,04-Mar-2020,UNESCO,CLT/WHC/RRF,Multiple destinations,300000.00
122502,Request for Quotation (RFQ) for provision of Pre-employment screening service - RFQ No. HRB-P19-013,Verifile Limited,02-Mar-2020,OPCW,HRB-P19-013,Netherlands,58920.00
112638,Feasibility Study on potential mini-grid projects deploying advanced Battery Energy Storage Systems in Rwanda (Phase 2),"NTT Data Institute of Management Consulting, In.c",21-Feb-2020,UNIDO,7000003929,Rwanda,299990.00
112467,Valuation of ITU Tower,SPG Intercity Geneva SA,04-Feb-2020,ITU,RFP-S-FRMD-2019-096,Switzerland,
114109,Description: Baseline assessment and data collection for the project Culture and Sports for Social Cohesion and Sustainable Reintegration Afghan Returnees and IDPs (Hamdeli) project/ Afghanistan.,Assess Transform Reach Consulting (ATR),02-Feb-2020,UNESCO,KAB/RFP/CLT/549AFG3000/04/201,Afghanistan,75278.00
112515,Establishment of a Long Term Agreement for the Provision of Professional Real Estates Services,Colliers International,30-Jan-2020,UNFPA,UNFPA/USA/RFQ/19/143,Multiple destinations,
112481,Provision of a Security Incident and Emergency Management (SIEM) Solution and Related Services,SecureLink Germany GmbH,28-Jan-2020,IAEA,RFP 268311-JAG,Austria,
112260,Provision of Web Conference and Collaboration Room Equipment (Audio Visual Equipment).,Applied Electronics Limited,10-Jan-2020,ICAO,RQ 12501005,Canada,
112261,Provision of Professional Services for the Deployment and Installation of Audio Visual Equipment used in Meeting Rooms for Web Collaboration and Video Conference,Applied Elecronics Limited,10-Jan-2020,ICAO,RQ 12501006,Canada,
112146,Provision of IT Consultancy Services,Brunel Netherlands B.V.,08-Jan-2020,OPCW,ISB-P18-021,Netherlands,135000.00
112145,Provision of IT Consultancy Services,Datamatics Global Services Ltd,07-Jan-2020,OPCW,ISB-P18-021,Netherlands,135000.00
113137,LBN/CO/RFP/90/19 Design &Impl the Project Research,Parallel Perspective Management Consulting s.a.l.,07-Jan-2020,UNDP,LBN/CO/RFP/90/19,Lebanon,283310.00
112548,Asychronous Video Screening Tool,VidCruiter Inc.,01-Jan-2020,IAEA,RFP 304307-GHL,Multiple destinations,
111977,"Establish a Contract Purchase Agreement (CPA) for Rental equipment and other services, as per attached Statement of Work",AV-Professional GmbH,30-Dec-2019,IAEA,RFP 304339-GHL,Austria,
111966,"REQUEST FOR THE EVENT SERVICE PROVIDER FOR YOUTH ART EXHIBITION IN BEIJING, CHINA","Beijing mingcan Education Technology Co., Ltd",28-Dec-2019,UNOPS,AR-CN-09-2019,China,35619.00
133801,Assessment Centres for Director Level Posts for ICAO,SHL,19-Dec-2019,ICAO,ST-12500997,Canada,
112310,HR/2019/375/ITB - Insurance Policies (3 Lots),Cigna International Health Services BVBA,18-Dec-2019,WIPO,HR/2019/375/ITB,Switzerland,
113067,"""Online Design Thinking Training Curriculum""",University of Virginia Darden,12-Dec-2019,UNFPA,UNFPA/USA/RFQ/19/134,United States of America,
111884,Consultancy Service for Mapping and Review of SI Data and IMS,Sonjara Inc,09-Dec-2019,UNDP,MWI10/PROC/2019/10,Malawi,49969.00
112259,Facilitation and Coaching Services,Analia Yacot-International Leadership Development SarlMDF Training & Consultancy B.V.Acceleris Consulting SàrlBright Green Learning. AtadoreSARLIngeniousPeoplesKnowledge Consultants CCOrganisation Development & Research Ltd (ODRL)Mannet SarlMJ Cabanel Coachingecoachpro B.V.,01-Dec-2019,ILO,RFP 43/2019,Switzerland,
113574,"Development and piloting of a Student Tracking System Software for the Ministry of Education, Youth and Sport (MoEYS)","Web Essentials Co., Ltd.",30-Nov-2019,UNESCO,STEPCam/RFP/STS2019,Cambodia,74415.00
111628,"Re-Posted -Technical Backstopping Services to provide the technical support for the effective design, implementation & validation of energy efficiency &renewable energy activities -Event ID 0000004361",Trama TecnoAmbiental TTA,29-Nov-2019,UNDP,LBN/CO/RFP/144/19,Lebanon,147190.00
111629,State of the Environment Report - Event ID: 0000004048,JV Sustainable Environmental Solutions - Ecocentra,29-Nov-2019,UNDP,LBN/CO/RFP/101/19,Lebanon,251814.60
111632,Developing the Lebanon Sustainable Development Strategy - Event ID: 0000004012,Consultation and Research Institute CRI,29-Nov-2019,UNDP,LBN/CO/RFP/89/19,Lebanon,149850.00
113296,Evaluation of UNESCO’s work in the thematic area Media and Information Literacy (MIL),To the core of things s.l.u,28-Nov-2019,UNESCO,RFP/IOS/EO/MIL/2019,France,49400.00
113298,Mid-term Evaluation of the Man and the Biosphere (MAB) Programme Strategy (2015-2025) and its Lima Action Plan (2016-2025),SAS HYDRO CONSEIL,27-Nov-2019,UNESCO,RFP/IOS/EVS/MAB/10/2019,France,29096.00
112271,Implementation of a Digital Timestamping Solution (Backend) and iPKI Solution,CERTSIGN SA,19-Nov-2019,WIPO,AMS_SIAD/2019/324/RFP,Switzerland,500000.00
113265,End-of-Project Evaluation of the European Union-Funded Project: Youth Empowerment-(YE),Forcier Consulting LLC,30-Oct-2019,UNESCO,JOR/RFP/19/09,Jordan,39490.00
111369,"Supply and Provision of Audiovisual System Including Equipment, Installation and Programming to UNFPA New York, USA.",IVCI LLC,24-Oct-2019,UNFPA,UNFPA/USA/RFP/19/08/12,United States of America,108097.00
111035,"Hotel and Event Services, ILO Doha Office",Mondrian Doha HotelINTERCONTINENTAL DOHA THE CITY,23-Oct-2019,ILO,EOI 27.2019,Qatar,
110902,For the provision of Media Monitoring Service,Meltwater Deutschland GmbH,16-Oct-2019,WMO,RFP 1929-19 (CER),Switzerland,31500.00
110798,The Provision of recruitement Selection Tool,SHL AG Zurich,07-Oct-2019,IAEA,BPA No. 201908341,Austria,
110738,Procurement of Event/Floor Attendant Services for the 40th ICAO Assembly,none,02-Oct-2019,ICAO,RQ 12501007,Canada,
113590,"Explore the process of implementation of the National Curriculum of Basic Education in Educational Institutions of early, elementary and high school level through a qualitative study in three regions",INSTITUTO DE ESTUDIOS PERUANOS,30-Sep-2019,UNESCO,230-2019-LIM – Qualitative study on the curriculum,Peru,130440.55
113591,"Explore the use made by teachers of educational materials, of two curricular areas in the IIEE of the three levels (early, elementary and high school) through a qualitative study in three regions",INSTITUTO DE ESTUDIOS PERUANOS,30-Sep-2019,UNESCO,223-2019-LIM – Qualitative study on the use of educational,Peru,130440.55
110755,Design and Implementation of Leadership Pool Assessment Centers,Organisation Development & Research Ltd (ODRL),23-Sep-2019,UNFPA,UNFPA/USA/RFP/18/033,Multiple destinations,
110440,Provision of Services for The Preparation of Environmental Impact Assessment Study for The Construction of Irrigation Ponds - Event ID: 0000004126,Libanconsult AGM,20-Sep-2019,UNDP,LBN/CO/RFP/110/19,Lebanon,138500.00
108348,Provision of Advertising Sales Services of ICAO Documents for Member States.,FCM Communications Inc.,17-Sep-2019,ICAO,RQ 12500985,Canada,
113231,Design and delivery of senior leadership development programme,Acceleris Consulting Sàrl,17-Sep-2019,UNESCO,RFP/ADM/HRM/DIR/141,France,208000.00
110795,Development of ICAO Insider Risk Workshop,Ove Arup & Partners International Ltd,16-Sep-2019,ICAO,RQ 12501011,Canada,
113287,Management Consultancy for UIS Strategic Repositioning,DGDA Switzerland SARL,16-Sep-2019,UNESCO,RFP-UIS-042019-SR,Canada,234600.00
110288,Evaluación del Programa de Cooperación (2016-2020) de UNICEF Argentina,GEA Grupo de Economistas y Asociados SC,06-Sep-2019,UNICEF,LRPS-2019-9150890,Multiple destinations,99765.00
111875,Procurement of Bear Mascots for ICAO's 75th Anniversary Mascot Campaign,TLC Global,06-Sep-2019,ICAO,RQ 12500999,Canada,
110342,Consultancy Firm to Review Malawi Vision 2020,Premier Consult Limited,05-Sep-2019,UNDP,MWI10/PROC/2019/008,Malawi,83824.00
110230,Evaluacion externa del Programa de Cooperacion (2015-2019) de UNICEF Colombia,CONSULTORA INCLUSIÓN Y EQUIDAD,04-Sep-2019,UNICEF,LRPS-*2019-9150371,Colombia,
110231,Evaluacion del Programa de Cooperacion (2016-2020) de UNICEF Argentina,"GEA Grupo de Economistas y Asociados, S.C.",04-Sep-2019,UNICEF,LRPS-2019-9150890,Argentina,
110469,Provision of External Legal Services for IFAD and Staff Members,Dalla Vedova Law firm,29-Aug-2019,IFAD,IFAD/2019/011/RFQ,Italy,43087.00
110369,Re-Advertisement Consultancy Service for Preparing the 2019 National Human Development Report (NHDR) for Malawi,Centre for Independent Evaluations,27-Aug-2019,UNDP,RFP No: MWI10/PROC/2019/006,Malawi,143997.00
113300,Feasibility study for the creation of a regional environmental fund dedicated to support the AfriMAB network,DGDA Switzerland SARL,26-Aug-2019,UNESCO,AfriBioFund – RFP1-2019,France,495253.00
109852,Construction of Irrigation Canals’ and Pipelines’ Networks Using Labor-Intensive Approach – Sir El Denniyeh & BeqaasefrineDenniyeh- North Lebanon - Event ID 0000003965,Roche for Construction and Roads SARL,23-Aug-2019,UNDP,LBN/CO/ITB/86/19,Lebanon,662091.38
112307,Validation and Verification Project for the Intellectual Property Office (IPO) in Eswatini,Checkered Technologies,16-Aug-2019,WIPO,GINS_IPOBSD/2019 /288/RFQ,Eswatini,30000.00
112308,Data validation and verification project - Zambia,Checkered Technologies,16-Aug-2019,WIPO,GINS_IPOBSD/2019/281/RFQ,Zambia,60000.00
109761,Comprehensive Strategic and Financial Assessment and Review of ITU Telecom World Events,DGDA Switzerland SARL,12-Aug-2019,ITU,RFP-S-TLC-2019-004,Switzerland,664719.00
112258,Global Communication Campaign to combat stereotypes faced by persons with disabilities in the world of work,Radley Yeldar,12-Aug-2019,ILO,RFP 41/2019,Switzerland,
113256,Evaluation of the International Geoscience and Geoparks Programme (IGGP) – Re-bid,TECHNOPOLIS FRANCE SARL,12-Aug-2019,UNESCO,RFP/IOS/EVS/IGGP/07/2019,France,88925.00
109744,"Online event and digital strategy services, related to the publication “GOAL 17: Partnering for Transforming the West and Central Africa Region”",RINGIER DIGITAL MARKETING SENEGAL SA,09-Aug-2019,UNFPA,UNFPA/WCARO/RFQ/19/003,Senegal,40000.00
110460,Provision of an analytical HR Study on IFAD’s current and future workforce composition,"McKinsey & Company, Inc., Switzerland Wilmington, succursale de Genève",30-Jul-2019,IFAD,IFAD/2019/012/RFP,Italy,464000.00
109419,"Supply of the services of the 2019 International Life Science Summit (Beidaihe) in Qinhuangdao, Hebei Province, China",China International Travel Service Limited,16-Jul-2019,UNOPS,AR-CN-04-2019,China,311390.00
110456,Provision of Business Process Re-engineering Services,Alvarez and Marsal Financial Industry Advisory Services LLP,12-Jul-2019,IFAD,IFAD/2019/004/RFP,Italy,451505.00
109215,FOURNITURE DE SERVICES ÉVÉNEMENTIELS ET STRATÉGIE DIGITALE-MULTIMÉDIAS POUR DES ACCORDS A LONG TERME,ALBG Communications (LOT 1)AK Project (LOT 2)Ringier Digital Marketing (LOT 2)ocean ogilvy senegal,05-Jul-2019,UNFPA,UNFPA/WCARO/RFP/18/008,Senegal,
109429,Provision of Vulnerability Assessment and Penetration Testing (VA/PT) Services for ICAO Headquarters,GoSecure Inc.,04-Jul-2019,ICAO,ST 12500994,Canada,66880.00
110783,"Provision of Event Management Services to UNFPA for facilitating the Nairobi Summit on ICPD25: Accelerating the Promise, 12-14 November 2019",Media Edge Interactive Limited,26-Jun-2019,UNFPA,UNFPA/DNK/RFP/19/004,Kenya,2658735.00
109470,LRPS-2019-9148217,"Canon Panama, S.A.",25-Jun-2019,UNICEF,Acuerdo a largo plazo (LTA) sobre leasing de impresoras multifuncionales y servicio de mantenimiento,Panama,25000.00
109471,Acuerdo a largo plazo (LTA) sobre leasing de impresoras multifuncionales y servicio de mantenimiento,"Canon Panama, S.A.",25-Jun-2019,UNICEF,LRPS-2019-9148217,Panama,30000.00
113181,Organizational Change Management (OCM) and user adoption of the “CRM” and “Digital workplace” projects.,ACCENTURE SAS,18-Jun-2019,UNESCO,RFP/KMI/CIO/2019/CRM-O365/OCM,France,190420.00
108977,The provision of third party monitoring services in Somalia,AXIOM MONITORING AND EVALUATION LIMITED,17-Jun-2019,UN Secretariat,UNOG-2019 4700016379,Kenya,421775.00
108871,Provision of Legal Counsel Services,Houthoff Cooperatief U.A.,31-May-2019,OPCW,LAB-P19-104,Netherlands,50798.38
108760,Provision of an Event Mobile App,Cvent Inc,29-May-2019,ICAO,RQ 12500965,Canada,31346.66
113234,Project management assistance mission - Revamp of UNESCO website,SMILE SA,24-May-2019,UNESCO,RFP DPI-2019-01,France,66574.00
112273,Study on Application of Hydrogen Fuel Combined with Geothermal Power in East Africa   ONLY JAPANESE SERVICE PROVIDERS ARE ELIGIBLE TO SUBMIT PROPOSALS,Technova Inc.,23-May-2019,UNIDO,7000003430,Multiple destinations,279999.66
108601,CD/2019/291/ITB - Customer Satisfaction and Perception measurement,BERENT Deutchland GmbH,20-May-2019,WIPO,Invitation to Bid CD/2019/291/ITB,Switzerland,
113267,ToT on Media and Information Literacy as part of the Youth Empowerment Project: Building expertise on Media and Information Literacy among trainers in Jordan,Lebanese American University,20-May-2019,UNESCO,JOR/RFP/19/02,Jordan,67940.00
113711,"Final evaluation of the UNESCO-Korea Funds-in-Trust (KFIT) project ‘ICT Transforming Education in Africa’ targeting Mozambique, Rwanda and Zimbabwe",Ockham IPS (Institute for Policy Support),20-May-2019,UNESCO,RFP/ED/PLS/ICT/19/18,Multiple destinations,56188.00
113289,Development of ALS Learners’ Books and Teachers’ Guidebooks for Secondary Level (Grades 7-10) based on the Enhanced Alternative Learning System (ALS) Curriculum of the Philippines’ Dept of Ed.RE-bid,"Asia Pacific Technology Educational Foundation, Inc.",10-May-2019,UNESCO,JAK/RFP/19/ED/004,Philippines,209902.45
108723,External Construction Project Support Services,Hill International (Switzerland) SA,08-May-2019,ITU,RFP-HQP-2018-050,Switzerland,
108432,Provision of technical support to targeted industrial facilities for identifying wastewater management solutions - Event ID: 0000003314,Arcadis Nederland B.V,07-May-2019,UNDP,LBN/CO/RFP/7/19,Lebanon,157691.00
113259,Services de conseil et évaluation la de gestion des conférences et des manifestations culturelles au Siège de l’UNESCO,Le Troisieme Pole,07-May-2019,UNESCO,RFP 201901_MSSDIR,France,27241.00
108270,Promotion et vulgarisation du modèle d’opérationnalisation du Dividende Démographique en milieu urbain populaire dans les 06 pays du projet SWEDD et au-delà,SEMACO Technologies,25-Apr-2019,UNFPA,UNFPA/WCARO/RFP/18/011,Senegal,74200.00
108359,Provision of services for conducting environmental studies for industrial facilities identified by LEPAP and preparing specific sector guidelines - Event ID: 0000003312,ELARD SAL,24-Apr-2019,UNDP,LBN/CO/RFP/6/19,Lebanon,141791.40
112577,CD/2019/230/ITB - CUSTOMIZED PROMOTIONAL ITEMS,"Halfbudget KlGNINGBO BUY BEST INTERNATIONAL TRADING CO.,LTDTechorbits, Inc.",10-Apr-2019,WIPO,CD/2019/230/ITB,Switzerland,
107551,Third party monitoring services for the Yemen Humanitarian Fund (YHF)-OCHA,Grant Thornton Advisory Ltd.,25-Mar-2019,UN Secretariat,NOG2019-4700015831,Yemen,850800.00
107511,SERVICES D’APPUI AU SECRÉTARIAT TECHNIQUE RÉGIONAL DU SWEDD DANS LA PLANIFICATION ET LA MISE EN ŒUVRE DES ACTIVITÉS CLÉS DE LA FEUILLE DE ROUTE POUR UNE MOBILISATION EFFECTIVE DES RESSOURCES 2018-2019,Africa Consulting &Trading (ACT SA),14-Mar-2019,UNFPA,UNFPA/WCARO/RFP/18/010,Multiple destinations,90250.00
109597,Services to develop the Carbon Offsetting and Reduction Scheme for International Aviation (CORSIA) Central Registry,Stefanini Canada,14-Mar-2019,ICAO,ST-12500944,Canada,183776.50
107903,Procurement of Silver Coins for ICAO 75th Anniversary,"Chengdu Banknote Printing Co., LTD",01-Mar-2019,ICAO,ST12500979,Canada,
107460,"Evaluation Technique et Financière du Secrétariat Technique Régional du Projet SWEDD, Dakar, Sénégal.",ICI-Santé/IRESCO/OASYS,25-Feb-2019,UNFPA,UNFPA/WCARO/RFP/18/007,Multiple destinations,91236.12
113260,"Evaluation on the Future of UNESCO’s Education Sector. The strengthening, balancing and positioning of UNESCO’s global intellectual role and technical country support role within context of Agenda2030","Martin, Jenkins & Associates Limited",21-Feb-2019,UNESCO,RFP/IOS/EVS/FutureEd/01/2019,France,118104.00
113243,Evaluation of the UNESCO project “Building Trust on Media in South East Europe and Turkey”,Mason Change Communications,18-Feb-2019,UNESCO,CI/FEM/FOE/2019/8,France,20000.00
113261,Making evaluation work for achievement of SDG 4 Target 5: Equality and inclusion in education.,MUNDY Karen Elizabeth,14-Feb-2019,UNESCO,RFP/IOS/EVS/E4SDG4/01/2019,France,71740.00
108425,Temporary personnel/Agency workers an Headhunting services,MANPOWER SA,01-Jan-2019,WIPO,HRMD/18/108/LTA-A,Switzerland,
109474,Temporary personnel/Agency workers and Headhunting services,ADECCO GROUP SWITZERLAND,01-Jan-2019,WIPO,HRMD/18/108/LTA-B,Switzerland,
107120,LRPS 9141778 Quantitative & Qualitative Assessment of Residential Care Facilities in Myanmar; Closing date 20 August 2018,Coram Children's Legal Centre,31-Dec-2018,UNICEF,LRPS 9141778,Myanmar,
107571,PROVISION OF IT AND ORACLE ERP EXPERT SERVICES,"Zensar Technologies (UK) Limitede-Zest Solutions Ltd.EVERIS SPAIN S.L.EUROPEAN DYNAMICS LUXEMBOURG SAJade Global, IncB-NET KG",31-Dec-2018,IAEA,95264-AI,Austria,
106560,A multi-country evaluation of UNICEF-led interventions in the Latin America & Caribbean region,Leitmotiv SCA,21-Dec-2018,UNICEF,LRPS-2018-9144552,Panama,
113492,Train and qualify 175 Syrian students to increase their employability prospects and readiness for the future reconstruction in Syria,LUMINUS TECHNICAL UNIVERSITY COLLEGE,20-Dec-2018,UNESCO,N/A,Syrian Arab Republic,658983.05
113485,Empowering Adolescent Girls and Young Women through the Provision of Comprehensive Sexuality Education and a Safe Learning Environment in Nepal,UN Entity for Gender Equality and Empowerment of Women (UNW),14-Dec-2018,UNESCO,N/A,Nepal,214186.00
107595,"ETABLISSEMENT DES ACCORDS A LONG TERME, PRESTATION DE SERVICES DES FACILITATEURS DE CONFÉRENCE, UNFPA WCARO",Global Excel International,10-Dec-2018,UNFPA,UNFPA/WCARO/RFP/18/005,Multiple destinations,
106369,Regional Evaluation  Quality Assurance and Ethical Review System,ESTRATEGIAS DE ACOMPAÑAMIENTO Y SERVICIOS EDUCATIVOS S DE RL DE CV,06-Dec-2018,UNICEF,LRPS-2018-9143000,Panama,
106364,LRPS-2018-9142726 Regional Face-to-Face Fundraising Services,APPCO BRASIL SERVICOS DE PROMOCAO DE VENDAS LTDA21 Capital Management SASINNOVACION SOCIAL Y FUNDRAISING SPAPROA CONSULTING PARA OSC S.AInternational Fundraising Colombia SAS,05-Dec-2018,UNICEF,LRPS-2018-9142726,Multiple destinations,
106317,Provision of Services for the Preparation of Necessary Studies for the Closure and Rehabilitation of Hezzerta Dumpsite - Event ID 0000002841,Earth Link and Advanced Resources Development (ELARD),30-Nov-2018,UNDP,LBN/CO/RFP/180/18,Lebanon,79775.70
106313,National Communication Campaign and Production of TV Spots for the ILO Office in Ankara,iris iletişim çözümleri Tic. Ltd. Şti.GRAFİKİR Tas.Tan.Mat.Yay.Hiz.Ltd.Şti.,28-Nov-2018,ILO,RFP 57/2018,Türkiye,
113482,Support to Girls Right to Education and Safeguarding Cultural Heritage through Education in Pakistan,National Rural Support Programme,20-Nov-2018,UNESCO,N/A,Pakistan,235001.27
106353,Survey on emerging trends,Plum Consulting London LLP,19-Nov-2018,ITU,RFP-S-SPM-2017-001,Switzerland,44433.00
113478,Support to Girls Right to Education and Safeguarding Cultural Heritage through Education in Pakistan,National Integrated Development Association (NIDA-Pakistan),15-Nov-2018,UNESCO,N/A,Pakistan,153060.40
113479,"Strengthening the institutional capacity of national, provincial and area governments to increase enrolment and retention of out of the primary school children through quality education in Pakistan",SOCIAL YOUTH COUNCIL OF PATRIOTS (SYCOP),12-Nov-2018,UNESCO,N/A,Pakistan,299945.45
107218,Request for proposal :Qualitative research on social tensions throughout Lebanon using the Reality Check Approach (RCA) 0000002708,Empatika,07-Nov-2018,UNDP,LBN/CO/RFP/159/18,Lebanon,153444.00
106011,Mandat d'architecte,Atelier Gamme ArchitectureConcept Consult ArchitectesEric de Weck Architecte,01-Nov-2018,WIPO,PID/2018/33/RFP,Switzerland,
106115,Enhancing Youth Employability Within Solar Photovoltaic Sector in Lebanon,INSTITUT EUROPEEN DE COOP ET DEVELOPMENT,26-Oct-2018,UNDP,LBN/CO RFP/145/18,Lebanon,261256.00
113353,Early and Unintended Pregnancy Campaign in East and Southern Africa,"PCI-Media Impact, Inc.",18-Oct-2018,UNESCO,HAR/ED/HIV/EUP campaign,Zimbabwe,222335.00
108413,PROVISION OF TEMPORARY AGENCY WORKERS AND HEADHUNTING SERVICES TO WIPO,Adecco Ressources Humaines SAMANPOWER SA,15-Oct-2018,WIPO,RFP N° HRMD/18/108/RFP,Switzerland,
113351,Implementation of Phase II of the UNESCO World Heritage Journeys of the European Union project and Phase I of the World Heritage Journeys Buddha project,National Geographic Partners LLC,15-Oct-2018,UNESCO,RFP/CLT/HER/WHC/NTO/07/201,France,535383.00
106088,"Fundraising Research Assignment on Hong Kong, Japan and Australia",Daryl Upsall & Associates SL,10-Oct-2018,UNFPA,UNFPA/USA/RFQ/18/083,Multiple destinations,77320.00
105724,OHCHR Communication services for a campaign to commemorate 20th Anniversary of the Declaration on human rights defenders.,"Burness Communications, Inc.",28-Sep-2018,UN Secretariat,UNOGPO-220117412,United States of America,98000.00
113537,Mid-term Evaluation of Phase VIII (2014-2021) of the International Hydrological Programme,Institute for European Environmental Policy (IEEP),28-Sep-2018,UNESCO,RFP/IOS/EVS/IHPVIII/07/2018,France,69700.00
105983,"Construction of a Facility for packaging and marketing of local agricultural products through the Union of Municipalities of Qalaat Al-Istiklal, Rachaya",Sima For Construction s.a.l,27-Sep-2018,UNDP,LBN/CO ITB/113/18,Lebanon,827777.99
106091,Strengthening Technical Education through the provision of equipment for Chehim Technical Institute,MEDILAB S.A.R.L,25-Sep-2018,UNDP,LBN/CO/RFQ/111/18,Lebanon,64300.08
108416,Mandats d'architecte,Atelier Gamme Architecture,20-Sep-2018,WIPO,PID/2018/33/RFP,Switzerland,
107222,Request for Proposal (reference number LEB/CO/RFP/02/18) for an Integrated Communication Campaign for the UN in Lebanon.,Brandem,14-Sep-2018,UNDP,LEB/CO/RFP/02/18,Lebanon,116550.00
113534,Independent external evaluation of UNESCO’s “SDG4 Pilot Programme” in the framework of the Capacity Development for Education (CapED) Programme,ICON-INSTITUTE GmbH & Co. KG Consulting Gruppe,14-Sep-2018,UNESCO,RFP/ED/ESC/CDF/06/2018,France,92345.00
105986,LBN/CO/RFP/151/18 and event ID No. 0000002612-SECOND PHASE EVALUATION (2015-2017) of LEBANON HOST COMMUNITIES SUPPORT PROJECT – LHSP.,KNOWLEDGE DEV. CO,06-Sep-2018,UNDP,LBN/CO/RFP/151/18,Lebanon,48857.00
113381,Business plan for the National Museum of Egyptian Civilization in Cairo (NMEC),KANOPÉE,27-Aug-2018,UNESCO,RFP402EGY4001,Egypt,64125.00
113502,Mission to develop UNESCO's communication strategy,Scholz & Friends Berlin GmbH,07-Aug-2018,UNESCO,RFP DPI-2018-01,France,137929.00
113504,Evaluation of UNESCO’s work in Information and Communication Technologies in Education (ICT in Education),Nexus Europe (Irl) Ltd,07-Aug-2018,UNESCO,RFP/IOS/EO/ICTED/05/2018,France,56412.50
105133,Invitation To Bid: Provision of works for the Construction of Agroprocessing Factory in the Union of Jezzine Municipalities (UOJM),Al Bonyan Company for Engineering and Contracting SARL,06-Aug-2018,UNDP,LBN/CO ITB/92/18,Lebanon,1184373.33
105099,LTA for Media Monitoring Services,Agility PR Solutions LLC,31-Jul-2018,UNFPA,UNFPA/WCARO/RFQ/18/005,Senegal,27660.00
106850,Provision of consulting services for SAP Supplier Relationship Management (SRM) and Material Management (MM) on a call-off basis,Capgemini Italia S.p.A,31-Jul-2018,UNIDO,ITB No. 1100093964 / RFx No. 700002798,Austria,578700.00
106851,Provision of IT consultancy services for SAP Payroll for Non-Profit Organizations (PY-NPO) on a call-off basis,Capgemini Italia S.p.A,31-Jul-2018,UNIDO,ITB No. 1100093739/ RFx No. 7000002792,Austria,578700.00
106855,Provision of IT consulting services for SAP Bank Accounting (FI-BL) and Treasury and Risk Management (FSCM-TRM) systems on a call-off basis,Capgemini Italia S.p.A,31-Jul-2018,UNIDO,ITB No. 1100094044 / RFx No. 7000007297,Austria,578700.00
105084,Provision of Goods and Services to ITU and to Participants at ITU Telecom World 2018,Southern African Expo Solutions,27-Jul-2018,ITU,RFP-GS-TLC-2018-021,South Africa,458366.00
106849,Provision of consulting services for SAP Supplier Relationship Management (SRM) and Materials Management (MM) on call-off basis,Plaut Consulting Austria GmbH,20-Jul-2018,UNIDO,ITB No. 1100093964 / RFx No. 7000002798,Austria,578700.00
106853,Provision of IT consultancy services for SAP Bank Accounting (FI-BL) and Treasury and Risk Management (FSCM-TRM) systems on a call-off basis,Zatopek Consulting A.S.,17-Jul-2018,UNIDO,ITB no. 1100094044 / RFx No. 700002797,Austria,578700.00
108401,Provision of ICT Advisory Services,Probst Partner AGH+S Communication SA,17-Jul-2018,WIPO,PTS/SD/ISD/2018/53 RFP,Switzerland,
112585,Provision of ICT Advisory Services,H+S Communications SA,17-Jul-2018,WIPO,PTS/SD/ISD/2018/53 RFP,Switzerland,
106852,Provision of IT consultancy services for SAP Payroll for Non-Profit Organizations (PY-NPO) on a call-off basis,Mouri Tech Pvt. Ltd.,13-Jul-2018,UNIDO,ITB No. 1100093739 / RFx No. 7000002792,Austria,578700.00
113470,Empowering Adolescent Girls and Young Women through the Provision of Comprehensive Sexuality Education and a Safe Learning Environment in Nepal,UNFPA,06-Jul-2018,UNESCO,N/A,Nepal,233077.00
105001,Public awareness raising activities on GBV/DV by media institutions,Press Institute,03-Jul-2018,UNFPA,RFP-18-003,Mongolia,16244.42
113382,Mid-term review of the UNESCO SIDS Action Plan (2016-21),TECHNOPOLIS FRANCE SARL,03-Jul-2018,UNESCO,RFP/IOS/EO/SIDSAP/05/2018,France,69970.00
104925,The provision of valuation and advisory services of UNITED NATIONS PROPERTY in GENEVA; SWITZERLAND,Partner Real Estate - Knight Frank SA,29-Jun-2018,UN Secretariat,UNOG2018-4700013644,Switzerland,245857.00
106841,Implementation of Small Meeting Room Multimedia Systems on a call-off basis in the Vienna International Centre (VIC),TDL Kommunikationselektronik e.U.,29-Jun-2018,UNIDO,RFX No. 7000002831,Austria,284543.00
107210,Media toolkit to train media practitioners and staff to better implement the “Journalist’ Pact for Strengthening Civil Peace in Lebanon media toolkit to train media practitioners and staff,Reuters Foundation Consultants Limited,28-Jun-2018,UNDP,LBN/CO/RFQ/69/18,Lebanon,101037.50
104927,Provision of Extension of the non-organic waste sorting facility in Arabsalim,ABDEL RAOUF CHBARO CO. – ARCC SARL,26-Jun-2018,UNDP,LBN/CO RFQ/89/18,Lebanon,60764.45
113358,Evaluation of the Networks of Mediterranean Youth (NET-MED Youth) Project,ICON-INSTITUTE GmbH & Co. KG Consulting Gruppe,20-Jun-2018,UNESCO,RFP/IOS/EVS/NETMED/2018,Multiple destinations,99090.00
113501,"Evaluation of the UNESCO/SIDA Project Cooperation Agreement in the Natural Sciences, 2014-18",LogicalOutcomes,20-Jun-2018,UNESCO,RFP/SC/EO/EV/SIDA /03/2018,France,75350.00
113340,Evaluation of UNESCO’s Fund for the Elimination of Doping in Sport,Buddhi Consultancy Limited,18-Jun-2018,UNESCO,RFP/SHS/YSS/2018/1/Anti-Doping,France,124741.00
104619,Evaluation Services,"ImpactReady LLPThe Universalia Management Group LtdEuro Health GroupITAD LimitedHealth Research for Action (hera)IMC Worldwide, Inc., dba International Solutions Group (ISG)",08-Jun-2018,UNFPA,UNFPA/USA/RFP/17/035,United States of America,
113495,End of Project Evaluation - Strengthening comprehensive sexuality education programs for young people in school settings in Zambia,"ICF Macro, Inc.",08-Jun-2018,UNESCO,HAR/ED/HIV/ZAMBIA – End of Project Evaluation,France,103165.00
105463,“Servicio de contratación de empresa enfocada al Recurso Humano para la emisión y administración de contratos masivos de personal”,"CONSULTORES DE DESARROLLO HUMANO, SOCIEDAD ANÓNIMA",07-Jun-2018,UNFPA,SDC Nº UNFPA CEN 271/2018,Guatemala,791768.37
104626,Consultancy Support to improve Charge-back Mechanism/Financial Modelling,Ernst & Young Management Consulting GmbH,24-May-2018,IAEA,RFQ 93294-SB,Austria,
104637,Evaluation of UNESCO’s Standard-setting Work of the Culture Sector - Part V –1954 Convention for the Protection of Cultural Property in the Event of Armed Conflict and its two Protocols (1954 and1999),logicalOutcomes,17-May-2018,UNESCO,RFP / IOS / EVS / PCP / 2018,France,65825.00
104569,Provision of Services for the development of local level Master Plans and Detailed Urban Plans in the Qaraoun Catchment,Earth Link and Advanced Resources Development (ELARD) S.A.L.,16-May-2018,UNDP,LBN/CO/RFP/8/18,Lebanon,343914.63
105616,ILO Centenary Media campaign,Scholz & Friends Berlin GmbH,15-May-2018,ILO,RFP n° 10/2018,Switzerland,
104732,Third party monitoring services,SREO Danismanlik Limited Sirketi,11-May-2018,UNFPA,RFP-UNFPA-TUR-18-001,Multiple destinations,140500.00
113339,Consultancy for Redesign Core System Implementation (Evaluation of options for UNESCO programme management business layer),KPMG Advisory S.p.A.,09-May-2018,UNESCO,KMI/18/3193,France,25000.00
107223,Invitation To Bid LBN/CO/ITB/15/18_for the Construction of Vegetable Market in Zgharta - event ID No. 0000001988,Saba Makhlouf for Trade and Enterprise,08-May-2018,UNDP,LBN/CO/ITB/15/18,Lebanon,729729.30
107225,"Invitation To Bid: LBN/CO/ITB/35/18_Multipurpose building, Maachouk Event ID 0000002060",Engineer Hussein Tabaja Establishment for Engineering and Contracting,08-May-2018,UNDP,LBN/CO/ITB/35/18,Lebanon,106227.56
104582,Provision of Microsoft Consulting Services,"SOITRON, s.r.o.",07-May-2018,IAEA,RFP 55258-JAG,Austria,
104409,Technical Support for Audio Video equipment at UNFPA HQ New York and related AV professional services,"Kinly, Inc.",03-May-2018,UNFPA,UNFPA/USA/RFP/18/008,United States of America,
104402,Request For Proposal - Media Public Awareness Campaign - Ref: LBN/CO/RFP/56/18 - Event ID 0000002163,Memac Ogilvy & Mather SAL,25-Apr-2018,UNDP,LBN/CO/RFP/56/18,Lebanon,298257.00
113357,Organisation of a 5-day workshop on architectural heritage value assessment and partial compilation of a training materials package,CHINA FORBIDDEN CITY SOCIETY,18-Apr-2018,UNESCO,RFP/BEJ/2018/001,China,45000.00
104410,"Evaluation of the UNESCO/Flanders Trust Fund (FUST), 2014-18",Technopolis France,05-Apr-2018,UNESCO,RFP/ BSP/SC/FUST/02/2018,France,59996.00
104262,"Survey and Assessment of The Shops and Facades of Souk El Atarin In Tripoli, Lebanon - Event ID: 0000002006",Fast and Associates SARL,22-Mar-2018,UNDP,LBN/CO/RFP/21/18,Lebanon,16500.00
103915,The provision of branding services to OHCHR GENEVA,Purpose Global PBC,13-Mar-2018,UN Secretariat,UNOG 2018-4700013925,Multiple destinations,383500.00
107211,Construction of a ground water tank and extension of the water network in Charqiyeh,ARCC ABDUL RAOUF CHEBARO CO.,05-Mar-2018,UNDP,LBN/CP/ITB/04/18,Lebanon,147063.20
113405,Consulting services for the configuration and implementation of the business blueprint for UNESCO’s core financial and budgeting systems.,Capgemini Italia S.p.A.,21-Feb-2018,UNESCO,2017/KMI/CSR3/PQ,France,1908849.59
113486,Empowering Adolescent Girls and Young Women through the Provision of Comprehensive Sexuality Education and a Safe Learning Environment in Nepal,UN Entity for Gender Equality and Empowerment of Women (UNW),19-Feb-2018,UNESCO,N/A,Nepal,216216.00
103966,The Provision of Third Party monitoring services in Syria and Turkey,"International Advisory, Products and Systems Ltd.",02-Feb-2018,UN Secretariat,UNOG2018-4700013020,United States of America,584375.00
103768,FRAME AGREEMENT FOR THE PROVISION OF MARKET DEVELOPMENT AND FUNDRAISING STRATEGY,The Management Centre,29-Jan-2018,UNHCR,RFP/2017/888,Multiple destinations,
103968,The Provision of Third Party monitoring services in Syria and Turkey,SREO Danismanlik Limited Sirketi,29-Jan-2018,UN Secretariat,UNOG2018-4700013009,Türkiye,1087122.50
103725,Desarrollo de modelos de costos ‘’Bottom Up’’ para el mercado de telecomunicaciones de Paraguay,Axon Partners Group Consulting,25-Jan-2018,ITU,RFP-S-BDT-2017-053,Paraguay,290000.00
103738,Provision of physical verification management services,HENRI HARSCH HH SA,25-Jan-2018,UN Secretariat,UNOG 2018-4700012989,Switzerland,437139.92
103735,Crisis Communication,Browning & Associates Limited,24-Jan-2018,WMO,RFQ 1349-17,Switzerland,
103726,The provision of third party monitoring services for OCHA IRAQ,SREO Danismanlik Limited Sirketi,23-Jan-2018,UN Secretariat,UNOG2018-4700013006,Türkiye,827500.00
103697,Institutional Consulting Services,"Dalberg Consulting-U.S., LLC",18-Jan-2018,UN Secretariat,RFPS-3100002518 - PO 2200096908,United States of America,122830.83
103769,FRAME AGREEMENT FOR THE PROVISION OF MARKET DEVELOPMENT AND FUNDRAISING STRATEGY,Daryl Upsall & Associates SL,05-Jan-2018,UNHCR,RFP/2017/888,Multiple destinations,
113487,Rent and maintenance cost of UNESCO Islamabad Office,UNDP,01-Jan-2018,UNESCO,N/A,Pakistan,181085.73
113488,Lease of real property for the provision of office space for the UNESCO New York Liaison Office for 2018,UN,01-Jan-2018,UNESCO,N/A,United States of America,296842.68
104306,Premises rental for UNESCO Offices in Jordan,Maha Subhi Suleiman Almuaqqat,24-Dec-2017,UNESCO,N/A,Jordan,123286.00
104287,Lease Agreement for Galileo Guesthouse Building ICTP,ATER,22-Dec-2017,UNESCO,N/A,Italy,66312.00
112557,CALL FOR EXPRESSION OF INTEREST (EOI)_PROVISION OF TECHNICAL SERVICES FOR THE ICT DEVELOPMENT AND SUPPORT,"EVERIS SPAIN S.L.Sopra Steria BeneluxZensar Technologies (UK) LimitedTrigyn Technologies, Inc.TRASYS InternationalSaM Solutions GmbH&Co.KGSWORD Services SAEUROPEAN DYNAMICS LUXEMBOURG SAFincons Group AGIndra Sistemas S.A.",22-Dec-2017,WIPO,EOI NO.PTD/16/147,Switzerland,
103578,For the provision of services for Microsoft Project Online configuration and support,EVERIS SPAIN S.L.,19-Dec-2017,WMO,RFP 1344-17 (DRA),Switzerland,136895.73
107284,Request for Proposals: Provision of Professional Services to Conduct a 3 Phases Survey on Municipal Police Perception,Infopro Sal,13-Dec-2017,UNDP,LEB/CO RFP/123/17,Lebanon,258318.50
103574,RFP POUR LE RECRUTEMENT D’UN CABINET OU INSTITUT DE RECHERCHE POUR ANALYSE DE LA SITUATION DE LA POPULATION DU BURUNDI,BIKILA ANALYTICS Ltd,05-Dec-2017,UNFPA,RFP UNFPA/BDI/RFP/17/001,Burundi,99500.00
103585,"Editorial, Writing and Communications Support for UNFPA Supplies",Beyond Jargon LLC,04-Dec-2017,UNFPA,UNFPA/USA/RFQ/17/049,United States of America,27360.00
103684,External Evaluation of the project: Empowering Local Radios with ICTs,To The Core of Things S.L.U,01-Dec-2017,UNESCO,RFP/UNESCO/CI/FEM/MAS/153/2017,Multiple destinations,50918.25
103468,PROVISION OF BRAND MEASUREMENT AND STRATEGY SERVICES,ipsos,27-Nov-2017,UNHCR,RFP/2017/848,Multiple destinations,
103524,Review/Documentation for Business Process and Internal Control,Ernst & Young Management Consulting GmbH,24-Nov-2017,IAEA,RFP 30990-ELB,Austria,
103410,Provision of professional services to develop an environmental training programme for municipalities and municipal clusters,Earth Link & Advanced Resources Development SAL (ELARD),09-Nov-2017,UNDP,LEB/CO RFP/180/17,Lebanon,104280.00
103538,Supply of IT Equipment to the Community Police in Iraq,Al Qasswan Contracting Company,07-Nov-2017,UNOPS,17-MR-ITB-72,Iraq,74116.00
103369,Evaluation of the UNFPA Response to the Syria Crisis,International Solutions Group (ISG),03-Nov-2017,UNFPA,UNFPA/USA/PSC/17/015,United States of America,431009.00
103322,"Fourniture, installation et maintenance de mobilier de bureau pour le siège de l’OIT à Genève",NOS New Organisation System SA,16-Oct-2017,ILO,RFP N° 19/2017,Switzerland,
103302,Provision of Professional Services to assess socio-economic impacts of the irrigation projects on Long Term Agreement (LTA) basis,Key Development Services / Sayara International,10-Oct-2017,UNDP,LEB/CO RFP/157/17,Lebanon,115682.00
107287,Call for proposals: NGO - Conflict Mapping and Analysis,LEBANON SUPPORT,07-Oct-2017,UNDP,LEB/CO CFP/81/17,Lebanon,140000.00
103256,Provision of professional services for Prioritization and assessment of value-chains within the Renewable Energy Sector in Lebanon,"Trama TecnoAmbiental, S.L.",02-Oct-2017,UNDP,LEB/CO RFP/102/17,Lebanon,135225.00
103765,FRAME AGREEMENT FOR THE SUPPLY OF VARIOUS VISIBILITY ITEMS,"Peak International Trade (Tianjin) Co., Ltd.",25-Sep-2017,UNHCR,ITB/2017/860,Switzerland,
104105,Premises and accomodations rental for UNESCO Kabul Office,Stratex Hospitality,24-Sep-2017,UNESCO,N/A,Afghanistan,597864.00
103026,Pour le Recrutement d’un Prestataire Pour l’Appui à la Mise en Œuvre d’une Campagne Médiatique Régionale pour le Changement Social et Comportemental de l’Initiative SWEDD,Development Media International CIC,18-Aug-2017,UNFPA,RFP No. UNFPA/WCARO/17/001,Multiple destinations,1022260.00
103103,Consultancy Services in Architecture,Fabrice van Teslaar,10-Aug-2017,UNESCO,KAB/17/CLT/RFP/003,Afghanistan,150880.00
103012,Implementation of e-Recruitment System (SAP/SuccessFactors),Arago Consulting,02-Aug-2017,ILO,RFP N° 026/2017,Switzerland,
104161,"Translation services in the French, German, Russian, or Spanish into English combinations for the Patent Cooperation Treaty (PCT)",Multiple,19-Jul-2017,WIPO,PTD/16/056,Switzerland,
107286,"Invitation To Bid: Civil works to install sewage connections in Hay el Jame’ in Qasmieh, Tyre",Al Zahraa Trading and Contracting,19-Jul-2017,UNDP,LEB/CO ITB/93/17,Lebanon,114932.00
103095,Fourniture et maintenance équipement d’impression numérique noir/blanc,Canon France,12-Jul-2017,UNESCO,RFP – 2017/1 – MSS/D,France,
102908,Provision of Professional Services for the Design and Support during Supervision of Irrigation Canals and Infrastructure in Lebanon on Long Term Agreement (LTA) basis,Lebanese Arab Company for Engineering and Consultancy SAL “LACECO”,06-Jul-2017,UNDP,LEB/CO RFP/23/17,Lebanon,180400.00
102968,Events and Campaign Supplier,Asia Society for Social Improvement and Sustainable Transformation Inc.,03-Jul-2017,UNFPA,UNFPA/PHL/RFP/17/001,Philippines,110014.46
102860,The provision of cargo clearance services for OCHA South Sudan,ALDAW FOR CLEARANCE,28-Jun-2017,UN Secretariat,UNOG2017-4700011329,South Sudan,20000.00
102867,Provision of Advanced Endpoint Security Solution,Carbon Black Inc.,21-Jun-2017,IAEA,RFP 28241-JAG,Austria,
103097,UNESCO Cultural World Heritage Sites in Europe project,National Geographic Partners LLC,20-Jun-2017,UNESCO,RFP/WHC/LAC/100/2016,France,409345.00
102864,"Call for Proposals: Support to Strengthen Marketing Capacities, Visibility and Promotion of Rural Women Cooperatives in Lebanon",Atayeb El Rif,12-Jun-2017,UNDP,LEB/CO CFP/52/17,Lebanon,65000.00
102816,"DEVELOPMENT OF TECHNOLOGICAL TOOLS TO EVALUATE THE IMPACTS OF, AND VULNERABILITY AND ADAPTATION TO CLIMATE CHANGE IN URUGUAY’S COASTAL ZONE",Fundacion Instituto de Hidraulica Ambiental de Cantabria,07-Jun-2017,UNIDO,Rfx No. 7000002211,Uruguay,234300.00
102815,Provision of Monitoring and Evaluation for Country Level Policy Engagement,OTT Consulting Ltd,06-Jun-2017,IFAD,IFAD/2017/018/RFP,Italy,65180.00
103037,Research Consultancy,Overseas Development Institute,03-Jun-2017,UNICEF,2017-502428,Multiple destinations,70583.20
102817,"Provision of Impact Assessment Survey Services in Benin, Bolivia, Brazil, Kenya and Senegal",365-AIDAfrican School of EconomicsCAPEL 5 BUSINESS SOLUTIONS LIMITEDFIRSTDATA  RESEARCH   CONSULTANTS   LIMITEDGeoeng SystemsGHMIGROUP INCICRAFInstituto de Estudos do Trabalho e Sociedade - IETSKantar BelgiumKimetricaPlan Consultoria e Pesquisa em Cienciais Sociais Ltda EPP,30-May-2017,IFAD,IFAD/2017/006/RFP,Multiple destinations,500000.00
104825,Prestations de conseil et formation en protection incendie,Cap-M Sàrl,23-May-2017,ILO,RFP N° 11/2017,Switzerland,
107280,Call for Proposals: National NGO - Economic empowerment targeting vulnerable women in Sabra area in Beirut LEB/CO CFP/26/17,Al Makassed Philanthropic Islamic Association of Beirut,18-May-2017,UNDP,LEB/CO CFP/26/17,Lebanon,169756.00
102711,Invitation To Bid: Completion of the Construction of Football playground in Bayssour - LEB/CO ITB/22/17,ACCROPOD S.A.R.L,04-May-2017,UNDP,LEB/CO ITB/22/17,Lebanon,156803.68
102803,Provision of Financial Study in Senegal,Red Mangrove Development Advisors,02-May-2017,IFAD,IFAD/2017/007/RFP,Senegal,44910.00
103059,Developing an Operational Model & Results Framework for Education Cannot Wait,"devartisQuoin IncTrigyn Technologies, Inc.JOZIAN LTD",25-Apr-2017,UNICEF,RFPS-USA-2016-502307,Multiple destinations,
102678,"Provision of professional services to assess the socio-economic conditions in the districts of Zahle, Rachaya, and West Bekaa",EUROMENA CONSULTING LTD,21-Apr-2017,UNDP,LEB/CO RFP/15/17,Lebanon,69000.00
103041,Cognitive Testing of revised ECDI (Re-advertisement),RTI International (United States of America),19-Apr-2017,UNICEF,RFPS-NYH-2017-502366,Multiple destinations,99999.00
102725,"provision of IT Maintenance Services for the Iraq IDP Information Centre in Erbil, Iraq","Continental - Company for providing Information, Telecoms and Computing Services/ Private Limited Company",05-Apr-2017,UNOPS,17-MR-RFQ-026,Iraq,12400.00
107282,Invitation To Bid: Completion of the Construction of Football playground in Bayssour - LEB/CO ITB/22/17,ACCROPOD S.A.R.L,05-Apr-2017,UNDP,LEB/CO ITB/22/17,Lebanon,156803.68
102642,Quality Assessment of Final Evaluation Reports,Associates for International Management,30-Mar-2017,UNFPA,UNFPA/USA/RFQ/16/034,United States of America,
102659,Nutrition Value Chain Studies in Nigeria,Royal Tropical Institute,20-Mar-2017,IFAD,IFAD/2017/002/RFP,Nigeria,105700.00
102593,For the provision of valuation assessment of the WMO building,CBRE (Geneva) SA,15-Mar-2017,WMO,RFQ 1300-17 (FIN),Switzerland,5958.29
102799,Provision of Services for Business Development Services (BDS) Management,KPMG East Africa Limited,15-Mar-2017,IFAD,IFAD/2016/005/RFP,Uganda,533617.90
102660,Nutrition Value Chain Studies in Indonesia,Centro Internacional de Agricultura Tropical,14-Mar-2017,IFAD,IFAD/2017/001/RFP,Indonesia,103194.00
102556,Provision of mid-term evaluation of UNFPA Supplies (2013-2020),The RFP did not render a satisfactory result,23-Feb-2017,UNFPA,UNFPA/USA/RFP/16/031,Multiple destinations,
102561,Request for Proposal: Provision of Professional Services for the Regular Perception Surveys on Social Tensions throughout Lebanon - LEB/CO RFP/250/16,ARK Group DMCC,17-Feb-2017,UNDP,LEB/CO RFP/250/16,Lebanon,312949.12
102656,Contrat de bail,Agence immobilière Laborde SARL,01-Jan-2017,UN Secretariat,UNOG2016-4700011023,Chad,58932.00
