Acesse o contrato na íntegra,CNPJ da empresa,CNPJ do Consórcio,Cliente,Compartilhado com outros projetos?,Consórcio,Data de assinatura,Empresa,Esfera do cliente,Fim da vigência,Líder do consórcio,N˚ do contrato,Objeto,Participação no consórcio,Serviço Contratado,Valor Estimado por empresa (R$),Valor Global (R$),grupo
https://www.bndes.gov.br/arquivos/contratos-administrativos/4400002672.zip,65.156.739/0001-32,27.820.864/0001-06,ESTADO DO ACRE,Não,CONSORCIO SANEAMENTO BRASIL,14/06/2017,AVALIAR AVALIACOES E ASSESSORIA LTDA,Estadual,24/05/2021,Não,0264/2017,"CONTRATAÇÃO DE SERVIÇOS TÉCNICOS ESPECIALIZADOS PARA A ETSRUTURAÇÃO DE PROJETOS DE PARTICIPAÇÃO PRIVADA, VISANDO A UNIVERSALIZAÇÃO DOS SERVIÇOS DE FORNECIMENTO DE ÁGUA E ESGOTAMENTO SANITÁRIO, RELATIVAMENTE AO ESTADO DO ACRE E AO DEPARTAMENTO ESTADUAL DE PAVIMENTAÇÃO E SANEAMENTO - DEPASA.","12,80%",Serviço Único,"518.380,41","4.049.846,93",ACRE - SANEAMENTO (ANTIGO)
,41.656.372/0001-58,,,,,,ESSE ENGENHARIA E CONSULTORIA LTDA,,,Não,,,"42,70%",,"1.729.284,64",,
,02.911.978/0001-30,,,,,,"FIALHO, CANABRAVA, ANDRADE, SALLES ADVOGADOS",,,Sim,,,"44,50%",,"1.802.181,88",,
https://www.bndes.gov.br/arquivos/contratos-administrativos/4400002633.zip,54.695.317/0001-19,27.720.709/0001-18,ESTADO DE ALAGOAS,Sim,"CONSORCIO EY, FELSBERG, MUZZI E EMA",30/05/2017,E.M.A. ENGENHARIA DE MEIO AMBIENTE LTDA,Estadual,26/02/2022,Não,0228/2017,CONSULTORIA DESESTATIZAÇÃO CASAL,"46,05%",Serviço Único,"5.097.686,47","11.069.894,62",ALAGOAS - SANEAMENTO - BLOCO A
,09.522.100/0001-52,,,,,,FELSBERG E PEDRETTI ADVOGADOS E CONSULTORES LEGAIS,,,Não,,,"20,64%",,"2.284.826,25",,
,05.991.123/0001-55,,,,,,GONCALVES MUZZI PEIXOTO,,,Não,,,"2,11%",,"233.574,78",,
,59.527.788/0001-31,,,,,,ERNST & YOUNG ASSESSORIA EMPRESARIAL LTDA,,,Sim,,,"31,20%",,"3.453.807,12",,
https://www.bndes.gov.br/arquivos/contratos-administrativos/4400002633.zip,54.695.317/0001-19,27.720.709/0001-18,ESTADO DE ALAGOAS,Sim,"CONSORCIO EY, FELSBERG, MUZZI E EMA",30/05/2017,E.M.A. ENGENHARIA DE MEIO AMBIENTE LTDA,Estadual,26/02/2022,Não,0228/2017,CONSULTORIA DESESTATIZAÇÃO CASAL,"46,05%",Serviço Único,"5.097.686,47","11.069.894,62",ALAGOAS - SANEAMENTO - BLOCO B
,09.522.100/0001-52,,,,,,FELSBERG E PEDRETTI ADVOGADOS E CONSULTORES LEGAIS,,,Não,,,"20,64%",,"2.284.826,25",,
,05.991.123/0001-55,,,,,,GONCALVES MUZZI PEIXOTO,,,Não,,,"2,11%",,"233.574,78",,
,59.527.788/0001-31,,,,,,ERNST & YOUNG ASSESSORIA EMPRESARIAL LTDA,,,Sim,,,"31,20%",,"3.453.807,12",,
https://www.bndes.gov.br/arquivos/contratos-administrativos/4400002633.zip,54.695.317/0001-19,27.720.709/0001-18,ESTADO DE ALAGOAS,Sim,"CONSORCIO EY, FELSBERG, MUZZI E EMA",30/05/2017,E.M.A. ENGENHARIA DE MEIO AMBIENTE LTDA,Estadual,26/02/2022,Não,0228/2017,CONSULTORIA DESESTATIZAÇÃO CASAL,"46,05%",Serviço Único,"5.097.686,47","11.069.894,62",ALAGOAS - SANEAMENTO - BLOCO C
,09.522.100/0001-52,,,,,,FELSBERG E PEDRETTI ADVOGADOS E CONSULTORES LEGAIS,,,Não,,,"20,64%",,"2.284.826,25",,
,05.991.123/0001-55,,,,,,GONCALVES MUZZI PEIXOTO,,,Não,,,"2,11%",,"233.574,78",,
,59.527.788/0001-31,,,,,,ERNST & YOUNG ASSESSORIA EMPRESARIAL LTDA,,,Sim,,,"31,20%",,"3.453.807,12",,
https://www.bndes.gov.br/arquivos/contratos-administrativos/4400002647.zip,44.239.135/0005-03,27.828.515/0001-30,ESTADO DO AMAPA,Não,SANEAMENTO AMAPA,14/06/2017,EGIS - ENGENHARIA E CONSULTORIA LTDA.,Estadual,23/04/2022,Não,0245/2017,CONSULTORIA PARA DESESTATIZAÇÃO DA CAESA - AMAPA,"31,95%",Serviço Único,"2.132.503,59","6.674.502,64",AMAPÁ - SANEAMENTO
,60.527.520/0001-89,,,,,,"LOESER, BLANCHET E HADAD ADVOGADOS",,,Não,,,"18,88%",,"1.260.146,10",,
,05.487.514/0001-37,,,,,,PRICEWATERHOUSECOOPERS CORPORATE FINANCE & RECOVERY LTDA,,,Não,,,"7,76%",,"517.941,40",,
,49.755.044/0001-10,,,,,,PWC STRATEGY& CONSULTORIA EMPRESARIAL LTDA,,,Não,,,"1,06%",,"70.749,73",,
,02.646.397/0001-19,,,,,,PRICEWATERHOUSECOOPERS SERVICOS PROFISSIONAIS LTDA.,,,Sim,,,"40,35%",,"2.693.161,82",,
https://www.bndes.gov.br/arquivos/contratos-administrativos/4400004613.zip,09.346.601/0001-25,09.346.601/0001-25,,Sim,"B3 S.A. - BRASIL, BOLSA, BALCAO",26/05/2021,"B3 S.A. - BRASIL, BOLSA, BALCAO",,25/05/2023,Não,0087/2021,Prestação de serviços de assessoria técnica especializada e apoio operacional necessários à licitação para concessão de sistema rodoviário no Estado de Pernambuco e à licitação para concessão dos serviços públicos de abastecimento de água e de esgotamento sanitário no Estado do Amapá.,"100,00%",Leilão,"1.522.037,68","1.522.037,68",
https://www.bndes.gov.br/arquivos/contratos-administrativos/4400005172.zip,01.546.213/0001-86,48.213.934/0001-38,ESTADO DO AMAPA,Não,"CONSORCIO RADAR PPP, WBIO E DAL POZZO ADVOGADOS",19/09/2022,DAL POZZO ADVOGADOS,Estadual,18/09/2028,Não,0231/2022,"contratação de estudos técnicos de apoio, avaliação, estruturação e implementação de projetos de estruturação para a participação da iniciativa privada no setor de manejo de Resíduos Sólidos, no Estado do Amapá","47,76%",Serviço Único,"2.071.052,33","4.336.374,23",AMAPA RESIDUOS SOLIDOS
,17.298.125/0001-42,,,,,,WBIO CONSULTORIA E ENGENHARIA AMBIENTAL LIMITADA,,,Não,,,"10,84%",,"470.062,97",,
,20.159.727/0001-23,,,,,,RADAR PPP LTDA,,,Sim,,,"41,40%",,"1.795.258,93",,
https://www.bndes.gov.br/arquivos/contratos-administrativos/4400004626.zip,09.187.017/0001-74,43.291.950/0001-25,ELETRONUCLEAR S.A.,Não,CONSORCIO ANGRA EUROBRAS NES,23/06/2021,EMPRESARIOS AGRUPADOS INTERNACIONAL S.A.,Federal,25/10/2026,Não,0092/2021,"Contratação dos serviços técnicos de engenharia, no âmbito da estruturação do modelo de implantação da Usina Termonuclear de Angra 3 nos termos da Resolução nº 139 do Conselho do Programa de Parcerias de Investimento (CPPI), do Decreto nº 9915/2019 e demais normas aplicáveis (“Serviço A”).","42,57%",Serviço A,"25.038.170,63","58.816.468,48",ANGRA3
,09.063.390/0001-13,,,,,,TRACTEBEL ENGINEERING SA,,,Não,,,"32,80%",,"19.291.801,66",,
,33.633.561/0001-87,,,,,,TRACTEBEL ENGINEERING LTDA,,,Sim,,,"24,63%",,"14.486.496,19",,
https://www.bndes.gov.br/arquivos/contratos-administrativos/4400004804.zip,02.520.543/0001-65,45.322.624/0001-63,,Não,CONSORCIO BCR,25/10/2021,"CESCON, BARRIEU, FLESCH & BARRETO SOCIEDADE DE ADVOGADOS",,25/10/2026,Não,0228/2021,"Contratação dos serviços necessários para a realização do “Serviço B” (Avaliação de Recursos Humanos e Atuarial/Previdenciária, Due Diligence Jurídica, Due Diligence Contábil-Patrimonial, e Avaliação Socioambiental e de Licenciamento Nuclear) no âmbito da estruturação do modelo de implantação da Usina Termonuclear de Angra 3 (“Serviço B”).","17,38%",Serviço B,"440.067,79","2.532.035,61",
https://www.bndes.gov.br/arquivos/contratos-administrativos/4400004804.zip,02.807.315/0001-70,45.322.624/0001-63,,Não,CONSORCIO BCR,25/10/2021,EBP BRASIL GESTAO AMBIENTAL LTDA,,25/10/2026,Não,0228/2021,"Contratação dos serviços necessários para a realização do “Serviço B” (Avaliação de Recursos Humanos e Atuarial/Previdenciária, Due Diligence Jurídica, Due Diligence Contábil-Patrimonial, e Avaliação Socioambiental e de Licenciamento Nuclear) no âmbito da estruturação do modelo de implantação da Usina Termonuclear de Angra 3 (“Serviço B”).","34,75%",Serviço B,"879.882,37","2.532.035,61",
https://www.bndes.gov.br/arquivos/contratos-administrativos/4400004804.zip,24.935.493/0001-10,45.322.624/0001-63,,Não,CONSORCIO BCR,25/10/2021,BAKER TILLY BRASIL GO AUDITORES INDEPENDENTES S/S,,25/10/2026,Sim,0228/2021,"Contratação dos serviços necessários para a realização do “Serviço B” (Avaliação de Recursos Humanos e Atuarial/Previdenciária, Due Diligence Jurídica, Due Diligence Contábil-Patrimonial, e Avaliação Socioambiental e de Licenciamento Nuclear) no âmbito da estruturação do modelo de implantação da Usina Termonuclear de Angra 3 (“Serviço B”).","47,88%",Serviço B,"1.212.338,65","2.532.035,61",
https://www.bndes.gov.br/arquivos/contratos-administrativos/4400004852.zip,67.003.673/0001-76,44.672.258/0001-00,,Não,CONSORCIO LM ANGRA 3,06/12/2021,"MATTOS FILHO, VEIGA FILHO, MARREY JR. E QUIROGA ADVOGADOS",,25/10/2026,Não,0263/2021,"Processo de seleção da RFP nº 20/2021 - AED/BNDES (Projeções Financeiras, Avaliação Econômico Financeira, Assessoria Jurídica e Assessoria Financeira e outros produtos e serviços relacionados -“Serviço C” do empreendimento de Angra 3).","37,05%",Serviço C,"17.860.198,62","48.205.664,29",
https://www.bndes.gov.br/arquivos/contratos-administrativos/4400004852.zip,12.349.622/0001-09,44.672.258/0001-00,,Não,CONSORCIO LM ANGRA 3,06/12/2021,LAKESHORE ADVISORY PARTNERS CONSULTORIA LTDA,,25/10/2026,Sim,0263/2021,"Processo de seleção da RFP nº 20/2021 - AED/BNDES (Projeções Financeiras, Avaliação Econômico Financeira, Assessoria Jurídica e Assessoria Financeira e outros produtos e serviços relacionados -“Serviço C” do empreendimento de Angra 3).","62,95%",Serviço C,"30.345.465,67","48.205.664,29",
https://www.bndes.gov.br/arquivos/contratos-administrativos/4400004998.zip,52.566.122/0001-43,46.867.604/0001-30,MUNICÍPIO DE ARAPIRACA,Não,CONSORCIO EY/FELSBERG/SANEARES,02/05/2022,FELSBERG E PEDRETTI ADVOGADOS E CONSULTORES LEGAIS,Municipal,29/11/2026,Não,0081/2022,"(i)Autorizar contratação do Consórcio EY/FELSBERG/SANEARES para consultoria ao projeto de participação privada na prestação dos serviços públicos de saneamento em até 28 municípios de Alagoas, por 18 meses prorrogáveis, no valor de R$ 2.250.000,00, (ii)Condicionar item (i) à celebração do Contrato de Estruturação de Projetos entre BNDES e Arapiraca, e (iii)Delegar poderes ao Sup AEP para ajustar Minuta das Especificações Técnicas, desde que não aumente o valor global da presente contratação.","20,65%",Serviço Único,"873.376,50","4.229.426,14",ARAPIRACA - SANEAMENTO
,34.830.445/0001-10,,,,,,SANEARES - INFRAESTRUTURA E SANEAMENTO LTDA,,,Não,,,"42,39%",,"1.792.853,74",,
,59.527.788/0001-31,,,,,,ERNST & YOUNG ASSESSORIA EMPRESARIAL LTDA,,,Sim,,,"36,96%",,"1.563.195,90",,
https://www.bndes.gov.br/arquivos/contratos-administrativos/4400004384.zip,10.538.980/0001-34,41.552.015/0001-40,ESTADO DO RIO DE JANEIRO,Não,CONSORCIO FDT - MU,28/10/2020,"CORDEIRO, LIMA SOCIEDADE DE ADVOGADOS",Estadual,27/10/2023,Não,0222/2020,"Contratação de serviços técnicos necessários para a estruturação de projeto para implementação e gestão de um novo sistema de bilhetagem eletrônica para o transporte público intermunicipal da Região Metropolitana do Rio de Janeiro – RMRJ e suas interfaces com o transporte público municipal, conforme especificações constantes do Termo de Referência (Anexo I do Edital do Pregão Eletrônico nº 24/2020 - BNDES) e da proposta apresentada pelo CONTRATADO.","63,10%",Serviço Único,"794.499,94","1.259.112,42",BILHETAGEM RJ
,43.942.358/0001-46,,,,,,FUNDACAO INSTITUTO DE PESQUISAS ECONOMICAS FIPE,,,Não,,,"21,60%",,"271.968,28",,
,87.878.476/0001-08,,,,,,FUNDACAO UNIVERSIDADE EMPRESA DE TECNOLOGIA E CIENCIAS,,,Sim,,,"15,30%",,"192.644,20",,
https://www.bndes.gov.br/arquivos/contratos-administrativos/4400004456.zip,19.453.651/0001-65,39.345.591/0001-74,MUNICIPIO DE CANOAS,Sim,CONSORCIO ACCENTURE E M&P SOCIEDADE DE ADVOGADOS,04/06/2020,MOYSES & PIRES SOCIEDADE DE ADVOGADOS,Municipal,03/06/2025,Não,0126/2020,"Contratação de serviços técnicos necessários para a estruturação de projeto(s) de Parceria Público-Privada (PPP) relativo(s) à modernização, eficientização, expansão, operação e manutenção da infraestrutura de rede(s) municipal(is) de ILUMINAÇÃO PÚBLICA que tenha(m) até 400.000 (quatrocentos mil) pontos de luz.","25,00%",Serviço Único,"2.153.197,02","8.612.788,06",CANOAS IP
,96.534.094/0001-58,,,,,,ACCENTURE DO BRASIL LTDA,,,Sim,,,"75,00%",,"6.459.591,05",,
https://www.bndes.gov.br/arquivos/contratos-administrativos/4400003491.zip,21.152.960/0001-47,31.749.772/0001-54,MUNICIPIO DE CARUARU,Sim,CONSORCIO LUZ BRASIL,05/11/2018,TELLUS MATER BRASIL LTDA,Municipal,04/01/2023,Não,0420/2018,"Contratação de serviços técnicos necessários para a estruturação de projeto(s) de Parceria Público-Privada (PPP) relativo(s) à modernização, eficientização, expansão, operação e manutenção da infraestrutura de rede(s) municipal(is) de ILUMINAÇÃO PÚBLICA que tenha(m) até 200.000 (duzentos mil) pontos de luz.","27,00%",Serviço A,"959.116,57","3.552.283,59",CARUARU IP
,08.646.359/0001-42,,,,,,THOREOS CONSULTORIA LTDA.,,,Não,,,"53,00%",,"1.882.710,30",,
,68.809.318/0001-51,,,,,,TAUIL E CHEQUER ADVOGADOS,,,Sim,,,"20,00%",,"710.456,72",,
https://www.bndes.gov.br/arquivos/contratos-administrativos/4400004144.zip,13.711.795/0001-98,13.711.795/0001-98,MINISTERIO DA FAZENDA,Não,INVESTOR CONSULTING PARTNERS CONSULTORIA LTDA.,24/01/2020,INVESTOR CONSULTING PARTNERS CONSULTORIA LTDA.,Federal,21/01/2023,Não,0029/2020,"Contratação de serviços relativos à estruturação e implementação da desestatização da CASA DA MOEDA DO BRASIL (CMB), denominado SERVIÇO A, conforme especificações constantes do Termo de Referência e da proposta apresentada pelo CONTRATADO.","100,00%",Serviço A,"68.240,00","68.240,00",CASA DA MOEDA
https://www.bndes.gov.br/arquivos/contratos-administrativos/4400004395.zip,08.580.575/0001-32,38.003.065/0001-63,,Não,"TAUIL E CHEQUER, G5 E BAKER TILLY CONSORCIO",24/01/2020,BAKER TILLY BRASIL GESTAO EMPRESARIAL LTDA,,23/01/2023,Não,0030/2020,"Contratação de serviços relativos à estruturação e implementação da desestatização da CASA DA MOEDA DO BRASIL (CMB), denominado SERVIÇO B, conforme especificações constantes do Termo de Referência e da proposta apresentada pelo CONTRATADO.","33,00%",Serviço B,"891.000,00","2.700.000,00",
https://www.bndes.gov.br/arquivos/contratos-administrativos/4400004395.zip,08.696.063/0001-36,38.003.065/0001-63,,Não,"TAUIL E CHEQUER, G5 E BAKER TILLY CONSORCIO",24/01/2020,G5 PARTNERS CONSULTORIA E PARTICIPACOES LTDA.,,23/01/2023,Não,0030/2020,"Contratação de serviços relativos à estruturação e implementação da desestatização da CASA DA MOEDA DO BRASIL (CMB), denominado SERVIÇO B, conforme especificações constantes do Termo de Referência e da proposta apresentada pelo CONTRATADO.","33,00%",Serviço B,"891.000,00","2.700.000,00",
https://www.bndes.gov.br/arquivos/contratos-administrativos/4400004395.zip,68.809.318/0001-51,38.003.065/0001-63,,Não,"TAUIL E CHEQUER, G5 E BAKER TILLY CONSORCIO",24/01/2020,TAUIL E CHEQUER ADVOGADOS,,23/01/2023,Sim,0030/2020,"Contratação de serviços relativos à estruturação e implementação da desestatização da CASA DA MOEDA DO BRASIL (CMB), denominado SERVIÇO B, conforme especificações constantes do Termo de Referência e da proposta apresentada pelo CONTRATADO.","34,00%",Serviço B,"918.000,00","2.700.000,00",
https://www.bndes.gov.br/arquivos/contratos-administrativos/4400006389.zip,02.878.522/0001-16,05.097.487/0001-96,ESTADO DE ALAGOAS,Não,CERES INTELIGENCIA FINANCEIRA LTDA,15/04/2025,IRKO HIRASHIMA AUDITORES INDEPENDENTES LTDA,Estadual,14/04/2028,Não,0126/2025,"Contratação de serviços técnicos essenciais para apoiar o BNDES na estruturação de projeto visando à reestruturação e alienação, minoritária ou de controle, de ações da Companhia de Saneamento de Alagoas – CASAL.","3,23%",Serviço Único,"117.224,76","3.629.249,60",CASAL
,26.907.265/0001-61,,,,,,IRKO HIRASHIMA CONSULTORIA EMPRESARIAL LTDA,,,Não,,,"3,24%",,"117.587,69",,
,03.706.936/0001-20,,,,,,MACHADO MEYER SENDACZ OPICE E ANDRADE ADVOGADOS,,,Não,,,"27,55%",,"999.858,26",,
,34.830.445/0001-10,,,,,,SANEARES - INFRAESTRUTURA E SANEAMENTO LTDA,,,Não,,,"21,90%",,"794.805,66",,
,05.097.487/0001-96,,,,,,CERES INTELIGENCIA FINANCEIRA LTDA,,,Sim,,,"44,08%",,"1.599.773,22",,
https://www.bndes.gov.br/arquivos/contratos-administrativos/4400004539.zip,18.865.283/0001-08,37.413.124/0001-09,MUNICIPIO DE CAXIAS DO SUL,Sim,CONSORCIO HOUER/ M VIANA IP400,04/06/2020,VIANA CASTRO ADVOGADOS,Municipal,03/10/2024,Não,0127/2020,"Contratação de serviços técnicos necessários para a estruturação de projeto(s) de Parceria Público-Privada (PPP) relativo(s) à modernização, eficientização, expansão, operação e manutenção da infraestrutura de rede(s) municipal(is) de ILUMINAÇÃO PÚBLICA que tenha(m) até 400.000 (quatrocentos mil) pontos de luz.","20,00%",Serviço Único,"1.639.959,07","8.199.795,36",CAXIAS DO SUL IP
,22.111.570/0001-91,,,,,,HOUER CONSULTORIA E CONCESSOES LTDA,,,Sim,,,"80,00%",,"6.559.836,29",,
https://www.bndes.gov.br/arquivos/contratos-administrativos/4400004215.zip,07.037.932/0001-58,07.037.932/0001-58,MINISTERIO DA FAZENDA,Sim,CYPRESS ASSOCIATES DO BRASIL CONSULTORIA EMPRESARIAL LTDA.,16/03/2020,CYPRESS ASSOCIATES DO BRASIL CONSULTORIA EMPRESARIAL LTDA.,Federal,11/03/2025,Sim,0078/2020,"Contratação de serviços necessários para a realização de estudos para a desestatização da Companhia Brasileira de Trens Urbanos – CBTU e/ou das pessoas jurídicas resultantes da sua cisão societária, denominados SERVIÇO A.","100,00%",Serviço A,"500.000,00","500.000,00",CBTU BH
https://www.bndes.gov.br/arquivos/contratos-administrativos/4400004281.zip,65.518.540/0001-07,65.518.540/0001-07,,Sim,TYLIN BRAZIL LTDA,12/06/2020,TYLIN BRAZIL LTDA,,11/06/2023,Sim,0132/2020,"Contratação de serviços necessários à realização de estudos para a outorga de concessão dos serviços públicos de transporte ferroviário de passageiros na Região Metropolitana de Porto Alegre/RS, operado pela Empresa de Trens Urbanos de Porto Alegre S.A. – TRENSURB, e nas Regiões Metropolitanas de Belo Horizonte/MG, Maceió/AL, Recife/PE, João Pessoa/PB e Natal/RN, operados pela Companhia Brasileira de Trens Urbanos – CBTU, denominado SERVIÇO C.","100,00%",Serviço C,"603.390,34","603.390,34",
https://www.bndes.gov.br/arquivos/contratos-administrativos/4400004369.zip,68.809.318/0001-51,38.075.220/0001-57,,Sim,CONSORCIO EY / TAUIL & CHEQUER-CBTU,16/03/2020,TAUIL E CHEQUER ADVOGADOS,,10/09/2026,Não,0077/2020,Desestatização da Companhia Brasileira de Trens Urbanos – CBTU e/ou das pessoas jurídicas resultantes da sua cisão societária [SERVIÇO B].,"29,00%",Serviço B,"2.844.775,33","9.809.570,10",
https://www.bndes.gov.br/arquivos/contratos-administrativos/4400004369.zip,59.527.788/0001-31,38.075.220/0001-57,,Sim,CONSORCIO EY / TAUIL & CHEQUER-CBTU,16/03/2020,ERNST & YOUNG ASSESSORIA EMPRESARIAL LTDA,,10/09/2026,Sim,0077/2020,Desestatização da Companhia Brasileira de Trens Urbanos – CBTU e/ou das pessoas jurídicas resultantes da sua cisão societária [SERVIÇO B].,"71,00%",Serviço B,"6.964.794,77","9.809.570,10",
https://www.bndes.gov.br/arquivos/contratos-administrativos/4400004519.zip,02.520.543/0001-65,37.783.469/0001-54,,Sim,CONSORCIO GPO - SYSTRA - CESCON - RHEIN,12/06/2020,"CESCON, BARRIEU, FLESCH & BARRETO SOCIEDADE DE ADVOGADOS",,11/06/2027,Não,0132/2020,"Contratação de serviços necessários à realização de estudos para a outorga de concessão dos serviços públicos de transporte ferroviário de passageiros na Região Metropolitana de Porto Alegre/RS, operado pela Empresa de Trens Urbanos de Porto Alegre S.A. – TRENSURB, e nas Regiões Metropolitanas de Belo Horizonte/MG, Maceió/AL, Recife/PE, João Pessoa/PB e Natal/RN, operados pela Companhia Brasileira de Trens Urbanos – CBTU, denominado SERVIÇO C.","3,00%",Serviço C,"692.119,57","23.070.652,25",
https://www.bndes.gov.br/arquivos/contratos-administrativos/4400004519.zip,16.721.366/0001-90,37.783.469/0001-54,,Sim,CONSORCIO GPO - SYSTRA - CESCON - RHEIN,12/06/2020,"RHEIN SCHIRATO, MEIRELES SOCIEDADE DE ADVOGADOS",,11/06/2027,Não,0132/2020,"Contratação de serviços necessários à realização de estudos para a outorga de concessão dos serviços públicos de transporte ferroviário de passageiros na Região Metropolitana de Porto Alegre/RS, operado pela Empresa de Trens Urbanos de Porto Alegre S.A. – TRENSURB, e nas Regiões Metropolitanas de Belo Horizonte/MG, Maceió/AL, Recife/PE, João Pessoa/PB e Natal/RN, operados pela Companhia Brasileira de Trens Urbanos – CBTU, denominado SERVIÇO C.","5,00%",Serviço C,"1.153.532,61","23.070.652,25",
https://www.bndes.gov.br/arquivos/contratos-administrativos/4400004519.zip,52.635.422/0001-37,37.783.469/0001-54,,Sim,CONSORCIO GPO - SYSTRA - CESCON - RHEIN,12/06/2020,SYSTRA ENGENHARIA E CONSULTORIA LTDA,,11/06/2027,Não,0132/2020,"Contratação de serviços necessários à realização de estudos para a outorga de concessão dos serviços públicos de transporte ferroviário de passageiros na Região Metropolitana de Porto Alegre/RS, operado pela Empresa de Trens Urbanos de Porto Alegre S.A. – TRENSURB, e nas Regiões Metropolitanas de Belo Horizonte/MG, Maceió/AL, Recife/PE, João Pessoa/PB e Natal/RN, operados pela Companhia Brasileira de Trens Urbanos – CBTU, denominado SERVIÇO C.","30,00%",Serviço C,"6.921.195,68","23.070.652,25",
https://www.bndes.gov.br/arquivos/contratos-administrativos/4400004519.zip,65.518.540/0001-07,37.783.469/0001-54,,Sim,CONSORCIO GPO - SYSTRA - CESCON - RHEIN,12/06/2020,TYLIN BRAZIL LTDA,,11/06/2027,Sim,0132/2020,"Contratação de serviços necessários à realização de estudos para a outorga de concessão dos serviços públicos de transporte ferroviário de passageiros na Região Metropolitana de Porto Alegre/RS, operado pela Empresa de Trens Urbanos de Porto Alegre S.A. – TRENSURB, e nas Regiões Metropolitanas de Belo Horizonte/MG, Maceió/AL, Recife/PE, João Pessoa/PB e Natal/RN, operados pela Companhia Brasileira de Trens Urbanos – CBTU, denominado SERVIÇO C.","62,00%",Serviço C,"14.303.804,40","23.070.652,25",
https://www.bndes.gov.br/arquivos/contratos-administrativos/4400004566.zip,13.098.174/0001-80,13.098.174/0001-80,,Sim,RUSSELL BEDFORD GM AUDITORES INDEPENDENTES S/S,25/06/2021,RUSSELL BEDFORD GM AUDITORES INDEPENDENTES S/S,,24/06/2026,Sim,0048/2021,"Serviço especializado em avaliação contábil para fins de reestruturação societária da Companhia Brasileira de Trens Urbanos – CBTU, no âmbito do Programa Nacional de Desestatização - PND e do Programa de Parcerias de Investimentos – PPI, denominado “SERVIÇO D”","100,00%",Serviço D,"509.793,33","509.793,33",
https://www.bndes.gov.br/arquivos/contratos-administrativos/4400004906.zip,33.179.672/0001-65,33.179.672/0004-08,,Sim,LOUDON BLOMQUIST - AUDITORES INDEPENDENTES,10/02/2022,LOUDON BLOMQUIST - AUDITORES INDEPENDENTES,,09/06/2027,Sim,0023/2022,serviços de auditoria externa independente para o projeto de desestatização da Companhia Brasileira de Trens Urbanos – CBTU e da Empresa de Trens Urbanos de Porto Alegre – TRENSURB // RFP 30/2021 AED/BNDES,"100,00%",Auditoria,"1.599.994,17","1.599.994,17",
https://www.bndes.gov.br/arquivos/contratos-administrativos/4400004215.zip,07.037.932/0001-58,07.037.932/0001-58,MINISTERIO DA FAZENDA,Sim,CYPRESS ASSOCIATES DO BRASIL CONSULTORIA EMPRESARIAL LTDA.,16/03/2020,CYPRESS ASSOCIATES DO BRASIL CONSULTORIA EMPRESARIAL LTDA.,Federal,11/03/2025,Sim,0078/2020,"Contratação de serviços necessários para a realização de estudos para a desestatização da Companhia Brasileira de Trens Urbanos – CBTU e/ou das pessoas jurídicas resultantes da sua cisão societária, denominados SERVIÇO A.","100,00%",Serviço A,"500.000,00","500.000,00",CBTU JOÃO PESSOA
https://www.bndes.gov.br/arquivos/contratos-administrativos/4400004281.zip,65.518.540/0001-07,65.518.540/0001-07,,Sim,TYLIN BRAZIL LTDA,12/06/2020,TYLIN BRAZIL LTDA,,11/06/2023,Sim,0132/2020,"Contratação de serviços necessários à realização de estudos para a outorga de concessão dos serviços públicos de transporte ferroviário de passageiros na Região Metropolitana de Porto Alegre/RS, operado pela Empresa de Trens Urbanos de Porto Alegre S.A. – TRENSURB, e nas Regiões Metropolitanas de Belo Horizonte/MG, Maceió/AL, Recife/PE, João Pessoa/PB e Natal/RN, operados pela Companhia Brasileira de Trens Urbanos – CBTU, denominado SERVIÇO C.","100,00%",Serviço C,"603.390,34","603.390,34",
https://www.bndes.gov.br/arquivos/contratos-administrativos/4400004369.zip,68.809.318/0001-51,38.075.220/0001-57,,Sim,CONSORCIO EY / TAUIL & CHEQUER-CBTU,16/03/2020,TAUIL E CHEQUER ADVOGADOS,,10/09/2026,Não,0077/2020,Desestatização da Companhia Brasileira de Trens Urbanos – CBTU e/ou das pessoas jurídicas resultantes da sua cisão societária [SERVIÇO B].,"29,00%",Serviço B,"2.844.775,33","9.809.570,10",
https://www.bndes.gov.br/arquivos/contratos-administrativos/4400004369.zip,59.527.788/0001-31,38.075.220/0001-57,,Sim,CONSORCIO EY / TAUIL & CHEQUER-CBTU,16/03/2020,ERNST & YOUNG ASSESSORIA EMPRESARIAL LTDA,,10/09/2026,Sim,0077/2020,Desestatização da Companhia Brasileira de Trens Urbanos – CBTU e/ou das pessoas jurídicas resultantes da sua cisão societária [SERVIÇO B].,"71,00%",Serviço B,"6.964.794,77","9.809.570,10",
https://www.bndes.gov.br/arquivos/contratos-administrativos/4400004519.zip,02.520.543/0001-65,37.783.469/0001-54,,Sim,CONSORCIO GPO - SYSTRA - CESCON - RHEIN,12/06/2020,"CESCON, BARRIEU, FLESCH & BARRETO SOCIEDADE DE ADVOGADOS",,11/06/2027,Não,0132/2020,"Contratação de serviços necessários à realização de estudos para a outorga de concessão dos serviços públicos de transporte ferroviário de passageiros na Região Metropolitana de Porto Alegre/RS, operado pela Empresa de Trens Urbanos de Porto Alegre S.A. – TRENSURB, e nas Regiões Metropolitanas de Belo Horizonte/MG, Maceió/AL, Recife/PE, João Pessoa/PB e Natal/RN, operados pela Companhia Brasileira de Trens Urbanos – CBTU, denominado SERVIÇO C.","3,00%",Serviço C,"692.119,57","23.070.652,25",
https://www.bndes.gov.br/arquivos/contratos-administrativos/4400004519.zip,16.721.366/0001-90,37.783.469/0001-54,,Sim,CONSORCIO GPO - SYSTRA - CESCON - RHEIN,12/06/2020,"RHEIN SCHIRATO, MEIRELES SOCIEDADE DE ADVOGADOS",,11/06/2027,Não,0132/2020,"Contratação de serviços necessários à realização de estudos para a outorga de concessão dos serviços públicos de transporte ferroviário de passageiros na Região Metropolitana de Porto Alegre/RS, operado pela Empresa de Trens Urbanos de Porto Alegre S.A. – TRENSURB, e nas Regiões Metropolitanas de Belo Horizonte/MG, Maceió/AL, Recife/PE, João Pessoa/PB e Natal/RN, operados pela Companhia Brasileira de Trens Urbanos – CBTU, denominado SERVIÇO C.","5,00%",Serviço C,"1.153.532,61","23.070.652,25",
https://www.bndes.gov.br/arquivos/contratos-administrativos/4400004519.zip,52.635.422/0001-37,37.783.469/0001-54,,Sim,CONSORCIO GPO - SYSTRA - CESCON - RHEIN,12/06/2020,SYSTRA ENGENHARIA E CONSULTORIA LTDA,,11/06/2027,Não,0132/2020,"Contratação de serviços necessários à realização de estudos para a outorga de concessão dos serviços públicos de transporte ferroviário de passageiros na Região Metropolitana de Porto Alegre/RS, operado pela Empresa de Trens Urbanos de Porto Alegre S.A. – TRENSURB, e nas Regiões Metropolitanas de Belo Horizonte/MG, Maceió/AL, Recife/PE, João Pessoa/PB e Natal/RN, operados pela Companhia Brasileira de Trens Urbanos – CBTU, denominado SERVIÇO C.","30,00%",Serviço C,"6.921.195,68","23.070.652,25",
https://www.bndes.gov.br/arquivos/contratos-administrativos/4400004519.zip,65.518.540/0001-07,37.783.469/0001-54,,Sim,CONSORCIO GPO - SYSTRA - CESCON - RHEIN,12/06/2020,TYLIN BRAZIL LTDA,,11/06/2027,Sim,0132/2020,"Contratação de serviços necessários à realização de estudos para a outorga de concessão dos serviços públicos de transporte ferroviário de passageiros na Região Metropolitana de Porto Alegre/RS, operado pela Empresa de Trens Urbanos de Porto Alegre S.A. – TRENSURB, e nas Regiões Metropolitanas de Belo Horizonte/MG, Maceió/AL, Recife/PE, João Pessoa/PB e Natal/RN, operados pela Companhia Brasileira de Trens Urbanos – CBTU, denominado SERVIÇO C.","62,00%",Serviço C,"14.303.804,40","23.070.652,25",
https://www.bndes.gov.br/arquivos/contratos-administrativos/4400004566.zip,13.098.174/0001-80,13.098.174/0001-80,,Sim,RUSSELL BEDFORD GM AUDITORES INDEPENDENTES S/S,25/06/2021,RUSSELL BEDFORD GM AUDITORES INDEPENDENTES S/S,,24/06/2026,Sim,0048/2021,"Serviço especializado em avaliação contábil para fins de reestruturação societária da Companhia Brasileira de Trens Urbanos – CBTU, no âmbito do Programa Nacional de Desestatização - PND e do Programa de Parcerias de Investimentos – PPI, denominado “SERVIÇO D”","100,00%",Serviço D,"509.793,33","509.793,33",
https://www.bndes.gov.br/arquivos/contratos-administrativos/4400004906.zip,33.179.672/0001-65,33.179.672/0004-08,,Sim,LOUDON BLOMQUIST - AUDITORES INDEPENDENTES,10/02/2022,LOUDON BLOMQUIST - AUDITORES INDEPENDENTES,,09/06/2027,Sim,0023/2022,serviços de auditoria externa independente para o projeto de desestatização da Companhia Brasileira de Trens Urbanos – CBTU e da Empresa de Trens Urbanos de Porto Alegre – TRENSURB // RFP 30/2021 AED/BNDES,"100,00%",Auditoria,"1.599.994,17","1.599.994,17",
https://www.bndes.gov.br/arquivos/contratos-administrativos/4400004215.zip,07.037.932/0001-58,07.037.932/0001-58,MINISTERIO DA FAZENDA,Sim,CYPRESS ASSOCIATES DO BRASIL CONSULTORIA EMPRESARIAL LTDA.,16/03/2020,CYPRESS ASSOCIATES DO BRASIL CONSULTORIA EMPRESARIAL LTDA.,Federal,11/03/2025,Sim,0078/2020,"Contratação de serviços necessários para a realização de estudos para a desestatização da Companhia Brasileira de Trens Urbanos – CBTU e/ou das pessoas jurídicas resultantes da sua cisão societária, denominados SERVIÇO A.","100,00%",Serviço A,"500.000,00","500.000,00",CBTU MACEIÓ
https://www.bndes.gov.br/arquivos/contratos-administrativos/4400004281.zip,65.518.540/0001-07,65.518.540/0001-07,,Sim,TYLIN BRAZIL LTDA,12/06/2020,TYLIN BRAZIL LTDA,,11/06/2023,Sim,0132/2020,"Contratação de serviços necessários à realização de estudos para a outorga de concessão dos serviços públicos de transporte ferroviário de passageiros na Região Metropolitana de Porto Alegre/RS, operado pela Empresa de Trens Urbanos de Porto Alegre S.A. – TRENSURB, e nas Regiões Metropolitanas de Belo Horizonte/MG, Maceió/AL, Recife/PE, João Pessoa/PB e Natal/RN, operados pela Companhia Brasileira de Trens Urbanos – CBTU, denominado SERVIÇO C.","100,00%",Serviço C,"603.390,34","603.390,34",
https://www.bndes.gov.br/arquivos/contratos-administrativos/4400004369.zip,68.809.318/0001-51,38.075.220/0001-57,,Sim,CONSORCIO EY / TAUIL & CHEQUER-CBTU,16/03/2020,TAUIL E CHEQUER ADVOGADOS,,10/09/2026,Não,0077/2020,Desestatização da Companhia Brasileira de Trens Urbanos – CBTU e/ou das pessoas jurídicas resultantes da sua cisão societária [SERVIÇO B].,"29,00%",Serviço B,"2.844.775,33","9.809.570,10",
https://www.bndes.gov.br/arquivos/contratos-administrativos/4400004369.zip,59.527.788/0001-31,38.075.220/0001-57,,Sim,CONSORCIO EY / TAUIL & CHEQUER-CBTU,16/03/2020,ERNST & YOUNG ASSESSORIA EMPRESARIAL LTDA,,10/09/2026,Sim,0077/2020,Desestatização da Companhia Brasileira de Trens Urbanos – CBTU e/ou das pessoas jurídicas resultantes da sua cisão societária [SERVIÇO B].,"71,00%",Serviço B,"6.964.794,77","9.809.570,10",
https://www.bndes.gov.br/arquivos/contratos-administrativos/4400004519.zip,02.520.543/0001-65,37.783.469/0001-54,,Sim,CONSORCIO GPO - SYSTRA - CESCON - RHEIN,12/06/2020,"CESCON, BARRIEU, FLESCH & BARRETO SOCIEDADE DE ADVOGADOS",,11/06/2027,Não,0132/2020,"Contratação de serviços necessários à realização de estudos para a outorga de concessão dos serviços públicos de transporte ferroviário de passageiros na Região Metropolitana de Porto Alegre/RS, operado pela Empresa de Trens Urbanos de Porto Alegre S.A. – TRENSURB, e nas Regiões Metropolitanas de Belo Horizonte/MG, Maceió/AL, Recife/PE, João Pessoa/PB e Natal/RN, operados pela Companhia Brasileira de Trens Urbanos – CBTU, denominado SERVIÇO C.","3,00%",Serviço C,"692.119,57","23.070.652,25",
https://www.bndes.gov.br/arquivos/contratos-administrativos/4400004519.zip,16.721.366/0001-90,37.783.469/0001-54,,Sim,CONSORCIO GPO - SYSTRA - CESCON - RHEIN,12/06/2020,"RHEIN SCHIRATO, MEIRELES SOCIEDADE DE ADVOGADOS",,11/06/2027,Não,0132/2020,"Contratação de serviços necessários à realização de estudos para a outorga de concessão dos serviços públicos de transporte ferroviário de passageiros na Região Metropolitana de Porto Alegre/RS, operado pela Empresa de Trens Urbanos de Porto Alegre S.A. – TRENSURB, e nas Regiões Metropolitanas de Belo Horizonte/MG, Maceió/AL, Recife/PE, João Pessoa/PB e Natal/RN, operados pela Companhia Brasileira de Trens Urbanos – CBTU, denominado SERVIÇO C.","5,00%",Serviço C,"1.153.532,61","23.070.652,25",
https://www.bndes.gov.br/arquivos/contratos-administrativos/4400004519.zip,52.635.422/0001-37,37.783.469/0001-54,,Sim,CONSORCIO GPO - SYSTRA - CESCON - RHEIN,12/06/2020,SYSTRA ENGENHARIA E CONSULTORIA LTDA,,11/06/2027,Não,0132/2020,"Contratação de serviços necessários à realização de estudos para a outorga de concessão dos serviços públicos de transporte ferroviário de passageiros na Região Metropolitana de Porto Alegre/RS, operado pela Empresa de Trens Urbanos de Porto Alegre S.A. – TRENSURB, e nas Regiões Metropolitanas de Belo Horizonte/MG, Maceió/AL, Recife/PE, João Pessoa/PB e Natal/RN, operados pela Companhia Brasileira de Trens Urbanos – CBTU, denominado SERVIÇO C.","30,00%",Serviço C,"6.921.195,68","23.070.652,25",
https://www.bndes.gov.br/arquivos/contratos-administrativos/4400004519.zip,65.518.540/0001-07,37.783.469/0001-54,,Sim,CONSORCIO GPO - SYSTRA - CESCON - RHEIN,12/06/2020,TYLIN BRAZIL LTDA,,11/06/2027,Sim,0132/2020,"Contratação de serviços necessários à realização de estudos para a outorga de concessão dos serviços públicos de transporte ferroviário de passageiros na Região Metropolitana de Porto Alegre/RS, operado pela Empresa de Trens Urbanos de Porto Alegre S.A. – TRENSURB, e nas Regiões Metropolitanas de Belo Horizonte/MG, Maceió/AL, Recife/PE, João Pessoa/PB e Natal/RN, operados pela Companhia Brasileira de Trens Urbanos – CBTU, denominado SERVIÇO C.","62,00%",Serviço C,"14.303.804,40","23.070.652,25",
https://www.bndes.gov.br/arquivos/contratos-administrativos/4400004566.zip,13.098.174/0001-80,13.098.174/0001-80,,Sim,RUSSELL BEDFORD GM AUDITORES INDEPENDENTES S/S,25/06/2021,RUSSELL BEDFORD GM AUDITORES INDEPENDENTES S/S,,24/06/2026,Sim,0048/2021,"Serviço especializado em avaliação contábil para fins de reestruturação societária da Companhia Brasileira de Trens Urbanos – CBTU, no âmbito do Programa Nacional de Desestatização - PND e do Programa de Parcerias de Investimentos – PPI, denominado “SERVIÇO D”","100,00%",Serviço D,"509.793,33","509.793,33",
https://www.bndes.gov.br/arquivos/contratos-administrativos/4400004906.zip,33.179.672/0001-65,33.179.672/0004-08,,Sim,LOUDON BLOMQUIST - AUDITORES INDEPENDENTES,10/02/2022,LOUDON BLOMQUIST - AUDITORES INDEPENDENTES,,09/06/2027,Sim,0023/2022,serviços de auditoria externa independente para o projeto de desestatização da Companhia Brasileira de Trens Urbanos – CBTU e da Empresa de Trens Urbanos de Porto Alegre – TRENSURB // RFP 30/2021 AED/BNDES,"100,00%",Auditoria,"1.599.994,17","1.599.994,17",
https://www.bndes.gov.br/arquivos/contratos-administrativos/4400004215.zip,07.037.932/0001-58,07.037.932/0001-58,MINISTERIO DA FAZENDA,Sim,CYPRESS ASSOCIATES DO BRASIL CONSULTORIA EMPRESARIAL LTDA.,16/03/2020,CYPRESS ASSOCIATES DO BRASIL CONSULTORIA EMPRESARIAL LTDA.,Federal,11/03/2025,Sim,0078/2020,"Contratação de serviços necessários para a realização de estudos para a desestatização da Companhia Brasileira de Trens Urbanos – CBTU e/ou das pessoas jurídicas resultantes da sua cisão societária, denominados SERVIÇO A.","100,00%",Serviço A,"500.000,00","500.000,00",CBTU NATAL
https://www.bndes.gov.br/arquivos/contratos-administrativos/4400004281.zip,65.518.540/0001-07,65.518.540/0001-07,,Sim,TYLIN BRAZIL LTDA,12/06/2020,TYLIN BRAZIL LTDA,,11/06/2023,Sim,0132/2020,"Contratação de serviços necessários à realização de estudos para a outorga de concessão dos serviços públicos de transporte ferroviário de passageiros na Região Metropolitana de Porto Alegre/RS, operado pela Empresa de Trens Urbanos de Porto Alegre S.A. – TRENSURB, e nas Regiões Metropolitanas de Belo Horizonte/MG, Maceió/AL, Recife/PE, João Pessoa/PB e Natal/RN, operados pela Companhia Brasileira de Trens Urbanos – CBTU, denominado SERVIÇO C.","100,00%",Serviço C,"603.390,34","603.390,34",
https://www.bndes.gov.br/arquivos/contratos-administrativos/4400004369.zip,68.809.318/0001-51,38.075.220/0001-57,,Sim,CONSORCIO EY / TAUIL & CHEQUER-CBTU,16/03/2020,TAUIL E CHEQUER ADVOGADOS,,10/09/2026,Não,0077/2020,Desestatização da Companhia Brasileira de Trens Urbanos – CBTU e/ou das pessoas jurídicas resultantes da sua cisão societária [SERVIÇO B].,"29,00%",Serviço B,"2.844.775,33","9.809.570,10",
https://www.bndes.gov.br/arquivos/contratos-administrativos/4400004369.zip,59.527.788/0001-31,38.075.220/0001-57,,Sim,CONSORCIO EY / TAUIL & CHEQUER-CBTU,16/03/2020,ERNST & YOUNG ASSESSORIA EMPRESARIAL LTDA,,10/09/2026,Sim,0077/2020,Desestatização da Companhia Brasileira de Trens Urbanos – CBTU e/ou das pessoas jurídicas resultantes da sua cisão societária [SERVIÇO B].,"71,00%",Serviço B,"6.964.794,77","9.809.570,10",
https://www.bndes.gov.br/arquivos/contratos-administrativos/4400004519.zip,02.520.543/0001-65,37.783.469/0001-54,,Sim,CONSORCIO GPO - SYSTRA - CESCON - RHEIN,12/06/2020,"CESCON, BARRIEU, FLESCH & BARRETO SOCIEDADE DE ADVOGADOS",,11/06/2027,Não,0132/2020,"Contratação de serviços necessários à realização de estudos para a outorga de concessão dos serviços públicos de transporte ferroviário de passageiros na Região Metropolitana de Porto Alegre/RS, operado pela Empresa de Trens Urbanos de Porto Alegre S.A. – TRENSURB, e nas Regiões Metropolitanas de Belo Horizonte/MG, Maceió/AL, Recife/PE, João Pessoa/PB e Natal/RN, operados pela Companhia Brasileira de Trens Urbanos – CBTU, denominado SERVIÇO C.","3,00%",Serviço C,"692.119,57","23.070.652,25",
https://www.bndes.gov.br/arquivos/contratos-administrativos/4400004519.zip,16.721.366/0001-90,37.783.469/0001-54,,Sim,CONSORCIO GPO - SYSTRA - CESCON - RHEIN,12/06/2020,"RHEIN SCHIRATO, MEIRELES SOCIEDADE DE ADVOGADOS",,11/06/2027,Não,0132/2020,"Contratação de serviços necessários à realização de estudos para a outorga de concessão dos serviços públicos de transporte ferroviário de passageiros na Região Metropolitana de Porto Alegre/RS, operado pela Empresa de Trens Urbanos de Porto Alegre S.A. – TRENSURB, e nas Regiões Metropolitanas de Belo Horizonte/MG, Maceió/AL, Recife/PE, João Pessoa/PB e Natal/RN, operados pela Companhia Brasileira de Trens Urbanos – CBTU, denominado SERVIÇO C.","5,00%",Serviço C,"1.153.532,61","23.070.652,25",
https://www.bndes.gov.br/arquivos/contratos-administrativos/4400004519.zip,52.635.422/0001-37,37.783.469/0001-54,,Sim,CONSORCIO GPO - SYSTRA - CESCON - RHEIN,12/06/2020,SYSTRA ENGENHARIA E CONSULTORIA LTDA,,11/06/2027,Não,0132/2020,"Contratação de serviços necessários à realização de estudos para a outorga de concessão dos serviços públicos de transporte ferroviário de passageiros na Região Metropolitana de Porto Alegre/RS, operado pela Empresa de Trens Urbanos de Porto Alegre S.A. – TRENSURB, e nas Regiões Metropolitanas de Belo Horizonte/MG, Maceió/AL, Recife/PE, João Pessoa/PB e Natal/RN, operados pela Companhia Brasileira de Trens Urbanos – CBTU, denominado SERVIÇO C.","30,00%",Serviço C,"6.921.195,68","23.070.652,25",
https://www.bndes.gov.br/arquivos/contratos-administrativos/4400004519.zip,65.518.540/0001-07,37.783.469/0001-54,,Sim,CONSORCIO GPO - SYSTRA - CESCON - RHEIN,12/06/2020,TYLIN BRAZIL LTDA,,11/06/2027,Sim,0132/2020,"Contratação de serviços necessários à realização de estudos para a outorga de concessão dos serviços públicos de transporte ferroviário de passageiros na Região Metropolitana de Porto Alegre/RS, operado pela Empresa de Trens Urbanos de Porto Alegre S.A. – TRENSURB, e nas Regiões Metropolitanas de Belo Horizonte/MG, Maceió/AL, Recife/PE, João Pessoa/PB e Natal/RN, operados pela Companhia Brasileira de Trens Urbanos – CBTU, denominado SERVIÇO C.","62,00%",Serviço C,"14.303.804,40","23.070.652,25",
https://www.bndes.gov.br/arquivos/contratos-administrativos/4400004566.zip,13.098.174/0001-80,13.098.174/0001-80,,Sim,RUSSELL BEDFORD GM AUDITORES INDEPENDENTES S/S,25/06/2021,RUSSELL BEDFORD GM AUDITORES INDEPENDENTES S/S,,24/06/2026,Sim,0048/2021,"Serviço especializado em avaliação contábil para fins de reestruturação societária da Companhia Brasileira de Trens Urbanos – CBTU, no âmbito do Programa Nacional de Desestatização - PND e do Programa de Parcerias de Investimentos – PPI, denominado “SERVIÇO D”","100,00%",Serviço D,"509.793,33","509.793,33",
https://www.bndes.gov.br/arquivos/contratos-administrativos/4400004906.zip,33.179.672/0001-65,33.179.672/0004-08,,Sim,LOUDON BLOMQUIST - AUDITORES INDEPENDENTES,10/02/2022,LOUDON BLOMQUIST - AUDITORES INDEPENDENTES,,09/06/2027,Sim,0023/2022,serviços de auditoria externa independente para o projeto de desestatização da Companhia Brasileira de Trens Urbanos – CBTU e da Empresa de Trens Urbanos de Porto Alegre – TRENSURB // RFP 30/2021 AED/BNDES,"100,00%",Auditoria,"1.599.994,17","1.599.994,17",
https://www.bndes.gov.br/arquivos/contratos-administrativos/4400004215.zip,07.037.932/0001-58,07.037.932/0001-58,PRESIDENCIA DA REPUBLICA,Sim,CYPRESS ASSOCIATES DO BRASIL CONSULTORIA EMPRESARIAL LTDA.,16/03/2020,CYPRESS ASSOCIATES DO BRASIL CONSULTORIA EMPRESARIAL LTDA.,Federal,11/03/2025,Sim,0078/2020,"Contratação de serviços necessários para a realização de estudos para a desestatização da Companhia Brasileira de Trens Urbanos – CBTU e/ou das pessoas jurídicas resultantes da sua cisão societária, denominados SERVIÇO A.","100,00%",Serviço A,"500.000,00","500.000,00",CBTU RECIFE
https://www.bndes.gov.br/arquivos/contratos-administrativos/4400004281.zip,65.518.540/0001-07,65.518.540/0001-07,,Sim,TYLIN BRAZIL LTDA,12/06/2020,TYLIN BRAZIL LTDA,,11/06/2023,Sim,0132/2020,"Contratação de serviços necessários à realização de estudos para a outorga de concessão dos serviços públicos de transporte ferroviário de passageiros na Região Metropolitana de Porto Alegre/RS, operado pela Empresa de Trens Urbanos de Porto Alegre S.A. – TRENSURB, e nas Regiões Metropolitanas de Belo Horizonte/MG, Maceió/AL, Recife/PE, João Pessoa/PB e Natal/RN, operados pela Companhia Brasileira de Trens Urbanos – CBTU, denominado SERVIÇO C.","100,00%",Serviço C,"603.390,34","603.390,34",
https://www.bndes.gov.br/arquivos/contratos-administrativos/4400004369.zip,68.809.318/0001-51,38.075.220/0001-57,,Sim,CONSORCIO EY / TAUIL & CHEQUER-CBTU,16/03/2020,TAUIL E CHEQUER ADVOGADOS,,10/09/2026,Não,0077/2020,Desestatização da Companhia Brasileira de Trens Urbanos – CBTU e/ou das pessoas jurídicas resultantes da sua cisão societária [SERVIÇO B].,"29,00%",Serviço B,"2.844.775,33","9.809.570,10",
https://www.bndes.gov.br/arquivos/contratos-administrativos/4400004369.zip,59.527.788/0001-31,38.075.220/0001-57,,Sim,CONSORCIO EY / TAUIL & CHEQUER-CBTU,16/03/2020,ERNST & YOUNG ASSESSORIA EMPRESARIAL LTDA,,10/09/2026,Sim,0077/2020,Desestatização da Companhia Brasileira de Trens Urbanos – CBTU e/ou das pessoas jurídicas resultantes da sua cisão societária [SERVIÇO B].,"71,00%",Serviço B,"6.964.794,77","9.809.570,10",
https://www.bndes.gov.br/arquivos/contratos-administrativos/4400004519.zip,02.520.543/0001-65,37.783.469/0001-54,,Sim,CONSORCIO GPO - SYSTRA - CESCON - RHEIN,12/06/2020,"CESCON, BARRIEU, FLESCH & BARRETO SOCIEDADE DE ADVOGADOS",,11/06/2027,Não,0132/2020,"Contratação de serviços necessários à realização de estudos para a outorga de concessão dos serviços públicos de transporte ferroviário de passageiros na Região Metropolitana de Porto Alegre/RS, operado pela Empresa de Trens Urbanos de Porto Alegre S.A. – TRENSURB, e nas Regiões Metropolitanas de Belo Horizonte/MG, Maceió/AL, Recife/PE, João Pessoa/PB e Natal/RN, operados pela Companhia Brasileira de Trens Urbanos – CBTU, denominado SERVIÇO C.","3,00%",Serviço C,"692.119,57","23.070.652,25",
https://www.bndes.gov.br/arquivos/contratos-administrativos/4400004519.zip,16.721.366/0001-90,37.783.469/0001-54,,Sim,CONSORCIO GPO - SYSTRA - CESCON - RHEIN,12/06/2020,"RHEIN SCHIRATO, MEIRELES SOCIEDADE DE ADVOGADOS",,11/06/2027,Não,0132/2020,"Contratação de serviços necessários à realização de estudos para a outorga de concessão dos serviços públicos de transporte ferroviário de passageiros na Região Metropolitana de Porto Alegre/RS, operado pela Empresa de Trens Urbanos de Porto Alegre S.A. – TRENSURB, e nas Regiões Metropolitanas de Belo Horizonte/MG, Maceió/AL, Recife/PE, João Pessoa/PB e Natal/RN, operados pela Companhia Brasileira de Trens Urbanos – CBTU, denominado SERVIÇO C.","5,00%",Serviço C,"1.153.532,61","23.070.652,25",
https://www.bndes.gov.br/arquivos/contratos-administrativos/4400004519.zip,52.635.422/0001-37,37.783.469/0001-54,,Sim,CONSORCIO GPO - SYSTRA - CESCON - RHEIN,12/06/2020,SYSTRA ENGENHARIA E CONSULTORIA LTDA,,11/06/2027,Não,0132/2020,"Contratação de serviços necessários à realização de estudos para a outorga de concessão dos serviços públicos de transporte ferroviário de passageiros na Região Metropolitana de Porto Alegre/RS, operado pela Empresa de Trens Urbanos de Porto Alegre S.A. – TRENSURB, e nas Regiões Metropolitanas de Belo Horizonte/MG, Maceió/AL, Recife/PE, João Pessoa/PB e Natal/RN, operados pela Companhia Brasileira de Trens Urbanos – CBTU, denominado SERVIÇO C.","30,00%",Serviço C,"6.921.195,68","23.070.652,25",
https://www.bndes.gov.br/arquivos/contratos-administrativos/4400004519.zip,65.518.540/0001-07,37.783.469/0001-54,,Sim,CONSORCIO GPO - SYSTRA - CESCON - RHEIN,12/06/2020,TYLIN BRAZIL LTDA,,11/06/2027,Sim,0132/2020,"Contratação de serviços necessários à realização de estudos para a outorga de concessão dos serviços públicos de transporte ferroviário de passageiros na Região Metropolitana de Porto Alegre/RS, operado pela Empresa de Trens Urbanos de Porto Alegre S.A. – TRENSURB, e nas Regiões Metropolitanas de Belo Horizonte/MG, Maceió/AL, Recife/PE, João Pessoa/PB e Natal/RN, operados pela Companhia Brasileira de Trens Urbanos – CBTU, denominado SERVIÇO C.","62,00%",Serviço C,"14.303.804,40","23.070.652,25",
https://www.bndes.gov.br/arquivos/contratos-administrativos/4400004566.zip,13.098.174/0001-80,13.098.174/0001-80,,Sim,RUSSELL BEDFORD GM AUDITORES INDEPENDENTES S/S,25/06/2021,RUSSELL BEDFORD GM AUDITORES INDEPENDENTES S/S,,24/06/2026,Sim,0048/2021,"Serviço especializado em avaliação contábil para fins de reestruturação societária da Companhia Brasileira de Trens Urbanos – CBTU, no âmbito do Programa Nacional de Desestatização - PND e do Programa de Parcerias de Investimentos – PPI, denominado “SERVIÇO D”","100,00%",Serviço D,"509.793,33","509.793,33",
https://www.bndes.gov.br/arquivos/contratos-administrativos/4400004906.zip,33.179.672/0001-65,33.179.672/0004-08,,Sim,LOUDON BLOMQUIST - AUDITORES INDEPENDENTES,10/02/2022,LOUDON BLOMQUIST - AUDITORES INDEPENDENTES,,09/06/2027,Sim,0023/2022,serviços de auditoria externa independente para o projeto de desestatização da Companhia Brasileira de Trens Urbanos – CBTU e da Empresa de Trens Urbanos de Porto Alegre – TRENSURB // RFP 30/2021 AED/BNDES,"100,00%",Auditoria,"1.599.994,17","1.599.994,17",
https://www.bndes.gov.br/arquivos/contratos-administrativos/4400003596.zip,13.711.795/0001-98,13.711.795/0001-98,ESTADO DO AMAPA,Não,INVESTOR CONSULTING PARTNERS CONSULTORIA LTDA.,16/01/2019,INVESTOR CONSULTING PARTNERS CONSULTORIA LTDA.,Estadual,15/01/2022,Não,0515/2018,"Contratação de serviços necessários para a licitação da concessão de distribuição de energia elétrica no Estado do Amapá, associada à transferência de controle da COMPANHIA DE ELETRICIDADE DO AMAPÁ – CEA, denominados SERVIÇO A, conforme especificações constantes do Termo de Referência (Anexo I do Edital do Pregão Eletrônico AARH nº 43/2018 - BNDES) e da proposta apresentada pelo CONTRATADO, respectivamente, Anexos I e II deste Contrato.","100,00%",Serviço A,"228.952,90","228.952,90",CEA
https://www.bndes.gov.br/arquivos/contratos-administrativos/4400003597.zip,02.911.978/0001-30,32.294.727/0001-15,,Não,CONSORCIO PROJETO NOVA CEA BRASIL,16/01/2019,"FIALHO, CANABRAVA, ANDRADE, SALLES ADVOGADOS",,15/01/2022,Não,0516/2018,"Contratação de serviços necessários para a licitação da concessão de distribuição de energia elétrica no Estado do Amapá, associada à transferência de controle da COMPANHIA DE ELETRICIDADE DO AMAPÁ – CEA, denominados SERVIÇO B, conforme especificações constantes do Termo de Referência (Anexo I do Edital do Pregão Eletrônico AARH nº 43/2018 - BNDES) e da proposta apresentada pelo CONTRATADO, respectivamente, Anexos I e II deste Contrato.","30,00%",Serviço B,"705.830,11","2.352.767,03",
https://www.bndes.gov.br/arquivos/contratos-administrativos/4400003597.zip,02.189.924/0001-03,32.294.727/0001-15,,Não,CONSORCIO PROJETO NOVA CEA BRASIL,16/01/2019,DELOITTE TOUCHE TOHMATSU CONSULTORES LTDA.,,15/01/2022,Sim,0516/2018,"Contratação de serviços necessários para a licitação da concessão de distribuição de energia elétrica no Estado do Amapá, associada à transferência de controle da COMPANHIA DE ELETRICIDADE DO AMAPÁ – CEA, denominados SERVIÇO B, conforme especificações constantes do Termo de Referência (Anexo I do Edital do Pregão Eletrônico AARH nº 43/2018 - BNDES) e da proposta apresentada pelo CONTRATADO, respectivamente, Anexos I e II deste Contrato.","70,00%",Serviço B,"1.646.936,92","2.352.767,03",
https://www.bndes.gov.br/arquivos/contratos-administrativos/4400004374.zip,13.098.174/0001-80,13.098.174/0001-80,,Não,RUSSELL BEDFORD GM AUDITORES INDEPENDENTES S/S,16/03/2021,RUSSELL BEDFORD GM AUDITORES INDEPENDENTES S/S,,15/03/2024,Não,0224/2020,"Contratação de prestação de serviços de auditoria externa independente, abrangendo o acompanhamento e a fiscalização do processo de desestatização da Companhia de Eletricidade do Amapá – CEA, até seu encerramento, conforme especificações constantes do Termo de Referência (Anexo I do Edital do Pregão Eletrônico nº 35/2020 - BNDES) e da proposta apresentada pelo CONTRATADO.","100,00%",Auditoria,"158.500,00","158.500,00",
https://www.bndes.gov.br/arquivos/contratos-administrativos/4400004590.zip,09.346.601/0001-25,09.346.601/0001-25,,Não,"B3 S.A. - BRASIL, BOLSA, BALCAO",28/04/2021,"B3 S.A. - BRASIL, BOLSA, BALCAO",,27/04/2023,Não,0062/2021,"Serviços especializados de assessoria técnica e apoio operacional, relativos aos procedimentos necessários à alienação de ações emitidas pela CEA, incluídos em tais procedimentos o depósito exclusivo junto à B3 até que ocorra a liquidação da totalidade das ações objeto da Alienação, bem como os serviços referentes à referida liquidação.","100,00%",Leilão,"314.950,96","314.950,96",
https://www.bndes.gov.br/arquivos/contratos-administrativos/4400004222.zip,05.097.487/0001-96,05.097.487/0001-96,MINISTERIO DA FAZENDA,Sim,CERES INTELIGENCIA FINANCEIRA LTDA,11/03/2020,CERES INTELIGENCIA FINANCEIRA LTDA,Federal,10/03/2023,Não,0074/2020,"Contratação de serviços técnicos necessários para a estruturação de projetos relativos à desestatização da Companhia de Entrepostos e Armazéns Gerais de São Paulo - CEAGESP e das Centrais de Abastecimento de Minas Gerais S/A – CEASAMINAS, [SERVIÇO B].","100,00%",Serviço B,"1.663.707,84","1.663.707,84",CEAGESP (ANTIGO)
https://www.bndes.gov.br/arquivos/contratos-administrativos/4400004432.zip,40.206.567/0001-33,36.833.497/0001-76,,Sim,CONSORCIO HOUER/ TAUIL/ AMARAL D/ G5,11/03/2020,AVAL SERVICOS DE ENGENHARIA E CONSULTORIA LTDA,,10/03/2023,Não,0072/2020,"Serviços técnicos necessários para a estruturação de projetos relativos à desestatização da Companhia de Entrepostos e Armazéns Gerais de São Paulo - CEAGESP e das Centrais de Abastecimento de Minas Gerais S/A – CEASAMINAS, [SERVIÇO A].","37,00%",Serviço A,"1.035.249,03","2.797.970,35",
https://www.bndes.gov.br/arquivos/contratos-administrativos/4400004432.zip,08.696.063/0001-36,36.833.497/0001-76,,Sim,CONSORCIO HOUER/ TAUIL/ AMARAL D/ G5,11/03/2020,G5 PARTNERS CONSULTORIA E PARTICIPACOES LTDA.,,10/03/2023,Não,0072/2020,"Serviços técnicos necessários para a estruturação de projetos relativos à desestatização da Companhia de Entrepostos e Armazéns Gerais de São Paulo - CEAGESP e das Centrais de Abastecimento de Minas Gerais S/A – CEASAMINAS, [SERVIÇO A].","41,00%",Serviço A,"1.147.167,84","2.797.970,35",
https://www.bndes.gov.br/arquivos/contratos-administrativos/4400004432.zip,68.809.318/0001-51,36.833.497/0001-76,,Sim,CONSORCIO HOUER/ TAUIL/ AMARAL D/ G5,11/03/2020,TAUIL E CHEQUER ADVOGADOS,,10/03/2023,Não,0072/2020,"Serviços técnicos necessários para a estruturação de projetos relativos à desestatização da Companhia de Entrepostos e Armazéns Gerais de São Paulo - CEAGESP e das Centrais de Abastecimento de Minas Gerais S/A – CEASAMINAS, [SERVIÇO A].","9,00%",Serviço A,"251.817,33","2.797.970,35",
https://www.bndes.gov.br/arquivos/contratos-administrativos/4400004432.zip,22.111.570/0001-91,36.833.497/0001-76,,Sim,CONSORCIO HOUER/ TAUIL/ AMARAL D/ G5,11/03/2020,HOUER CONSULTORIA E CONCESSOES LTDA,,10/03/2023,Sim,0072/2020,"Serviços técnicos necessários para a estruturação de projetos relativos à desestatização da Companhia de Entrepostos e Armazéns Gerais de São Paulo - CEAGESP e das Centrais de Abastecimento de Minas Gerais S/A – CEASAMINAS, [SERVIÇO A].","13,00%",Serviço A,"363.736,15","2.797.970,35",
https://www.bndes.gov.br/arquivos/contratos-administrativos/4400004545.zip,03.834.440/0001-32,37.870.068/0001-31,,Sim,CONSORCIOS BENITAKA,02/07/2020,"PAPI, MAXIMIANO, KAWASAKI E ADVOGADOS ASSOCIADOS",,01/07/2023,Não,0139/2020,Contratação dos serviços técnicos especializados para modelagens e execução de desestatização ('Serviço C') da Cia de Entrepostos e Armazéns Gerais de São Paulo - CEAGESP e das Centrais de Abastecimento de Minas Gerais S/A. – Ceasa Minas.,"20,00%",Serviço C,"373.809,99","1.869.049,95",
https://www.bndes.gov.br/arquivos/contratos-administrativos/4400004545.zip,00.641.556/0001-67,37.870.068/0001-31,,Sim,CONSORCIOS BENITAKA,02/07/2020,"VIEIRA, REZENDE E GUERREIRO ADVOGADOS",,01/07/2023,Não,0139/2020,Contratação dos serviços técnicos especializados para modelagens e execução de desestatização ('Serviço C') da Cia de Entrepostos e Armazéns Gerais de São Paulo - CEAGESP e das Centrais de Abastecimento de Minas Gerais S/A. – Ceasa Minas.,"30,00%",Serviço C,"560.714,99","1.869.049,95",
https://www.bndes.gov.br/arquivos/contratos-administrativos/4400004545.zip,45.246.410/0001-55,37.870.068/0001-31,,Sim,CONSORCIOS BENITAKA,02/07/2020,BANCO GENIAL S.A.,,01/07/2023,Sim,0139/2020,Contratação dos serviços técnicos especializados para modelagens e execução de desestatização ('Serviço C') da Cia de Entrepostos e Armazéns Gerais de São Paulo - CEAGESP e das Centrais de Abastecimento de Minas Gerais S/A. – Ceasa Minas.,"50,00%",Serviço C,"934.524,98","1.869.049,95",
https://www.bndes.gov.br/arquivos/contratos-administrativos/4400002709.zip,02.739.256/0001-40,27.548.803/0001-31,ESTADO DO CEARA,Não,CONSORCIO ACQUA,29/06/2017,AECOM DO BRASIL LTDA.,Estadual,28/06/2022,Não,0299/2017,"CONTRATAÇÃO DE SERVIÇOS ESPECIALIZADOS PARA A ESTRUTURAÇÃO DE PROJETOS DE PARTICIPAÇÃO PRIVADA, VISANDO A UNIVERSALIZAÇÃO DOS SERVIÇOS DE FORNECIMENTO DE ÁGUA E ESGOTAMENTO SANITÁRIO RELATIVAMENTE AO ESTADO DO CEARÁ E A COMPANHIA DE AGUA E ESGOTO DO CEARA - CE","47,11%",Serviço Único,"2.322.693,20","4.930.361,29",CEARÁ - SANEAMENTO
,65.174.088/0001-03,,,,,,AZEVEDO SETTE ADVOGADOS,,,Não,,,"15,42%",,"760.261,71",,
,14.629.882/0001-63,,,,,,BF CAPITAL ASSESSORIA EM OPERACOES FINANCEIRAS LTDA.,,,Sim,,,"37,47%",,"1.847.406,38",,
https://www.bndes.gov.br/arquivos/contratos-administrativos/4400004222.zip,05.097.487/0001-96,05.097.487/0001-96,"MINISTERIO DA AGRICULTURA, PECUARIA E ABASTECIMENTO",Sim,CERES INTELIGENCIA FINANCEIRA LTDA,11/03/2020,CERES INTELIGENCIA FINANCEIRA LTDA,Federal,10/03/2023,Não,0074/2020,"Contratação de serviços técnicos necessários para a estruturação de projetos relativos à desestatização da Companhia de Entrepostos e Armazéns Gerais de São Paulo - CEAGESP e das Centrais de Abastecimento de Minas Gerais S/A – CEASAMINAS, [SERVIÇO B].","100,00%",Serviço B,"1.663.707,84","1.663.707,84",CEASAMINAS
https://www.bndes.gov.br/arquivos/contratos-administrativos/4400004432.zip,40.206.567/0001-33,36.833.497/0001-76,,Sim,CONSORCIO HOUER/ TAUIL/ AMARAL D/ G5,11/03/2020,AVAL SERVICOS DE ENGENHARIA E CONSULTORIA LTDA,,10/03/2023,Não,0072/2020,"Serviços técnicos necessários para a estruturação de projetos relativos à desestatização da Companhia de Entrepostos e Armazéns Gerais de São Paulo - CEAGESP e das Centrais de Abastecimento de Minas Gerais S/A – CEASAMINAS, [SERVIÇO A].","37,00%",Serviço A,"1.035.249,03","2.797.970,35",
https://www.bndes.gov.br/arquivos/contratos-administrativos/4400004432.zip,08.696.063/0001-36,36.833.497/0001-76,,Sim,CONSORCIO HOUER/ TAUIL/ AMARAL D/ G5,11/03/2020,G5 PARTNERS CONSULTORIA E PARTICIPACOES LTDA.,,10/03/2023,Não,0072/2020,"Serviços técnicos necessários para a estruturação de projetos relativos à desestatização da Companhia de Entrepostos e Armazéns Gerais de São Paulo - CEAGESP e das Centrais de Abastecimento de Minas Gerais S/A – CEASAMINAS, [SERVIÇO A].","41,00%",Serviço A,"1.147.167,84","2.797.970,35",
https://www.bndes.gov.br/arquivos/contratos-administrativos/4400004432.zip,68.809.318/0001-51,36.833.497/0001-76,,Sim,CONSORCIO HOUER/ TAUIL/ AMARAL D/ G5,11/03/2020,TAUIL E CHEQUER ADVOGADOS,,10/03/2023,Não,0072/2020,"Serviços técnicos necessários para a estruturação de projetos relativos à desestatização da Companhia de Entrepostos e Armazéns Gerais de São Paulo - CEAGESP e das Centrais de Abastecimento de Minas Gerais S/A – CEASAMINAS, [SERVIÇO A].","9,00%",Serviço A,"251.817,33","2.797.970,35",
https://www.bndes.gov.br/arquivos/contratos-administrativos/4400004432.zip,22.111.570/0001-91,36.833.497/0001-76,,Sim,CONSORCIO HOUER/ TAUIL/ AMARAL D/ G5,11/03/2020,HOUER CONSULTORIA E CONCESSOES LTDA,,10/03/2023,Sim,0072/2020,"Serviços técnicos necessários para a estruturação de projetos relativos à desestatização da Companhia de Entrepostos e Armazéns Gerais de São Paulo - CEAGESP e das Centrais de Abastecimento de Minas Gerais S/A – CEASAMINAS, [SERVIÇO A].","13,00%",Serviço A,"363.736,15","2.797.970,35",
https://www.bndes.gov.br/arquivos/contratos-administrativos/4400004545.zip,03.834.440/0001-32,37.870.068/0001-31,,Sim,CONSORCIOS BENITAKA,02/07/2020,"PAPI, MAXIMIANO, KAWASAKI E ADVOGADOS ASSOCIADOS",,01/07/2023,Não,0139/2020,Contratação dos serviços técnicos especializados para modelagens e execução de desestatização ('Serviço C') da Cia de Entrepostos e Armazéns Gerais de São Paulo - CEAGESP e das Centrais de Abastecimento de Minas Gerais S/A. – Ceasa Minas.,"20,00%",Serviço C,"373.809,99","1.869.049,95",
https://www.bndes.gov.br/arquivos/contratos-administrativos/4400004545.zip,00.641.556/0001-67,37.870.068/0001-31,,Sim,CONSORCIOS BENITAKA,02/07/2020,"VIEIRA, REZENDE E GUERREIRO ADVOGADOS",,01/07/2023,Não,0139/2020,Contratação dos serviços técnicos especializados para modelagens e execução de desestatização ('Serviço C') da Cia de Entrepostos e Armazéns Gerais de São Paulo - CEAGESP e das Centrais de Abastecimento de Minas Gerais S/A. – Ceasa Minas.,"30,00%",Serviço C,"560.714,99","1.869.049,95",
https://www.bndes.gov.br/arquivos/contratos-administrativos/4400004545.zip,45.246.410/0001-55,37.870.068/0001-31,,Sim,CONSORCIOS BENITAKA,02/07/2020,BANCO GENIAL S.A.,,01/07/2023,Sim,0139/2020,Contratação dos serviços técnicos especializados para modelagens e execução de desestatização ('Serviço C') da Cia de Entrepostos e Armazéns Gerais de São Paulo - CEAGESP e das Centrais de Abastecimento de Minas Gerais S/A. – Ceasa Minas.,"50,00%",Serviço C,"934.524,98","1.869.049,95",
https://www.bndes.gov.br/arquivos/contratos-administrativos/4400004735.zip,13.098.174/0001-80,13.098.174/0001-80,,Não,RUSSELL BEDFORD GM AUDITORES INDEPENDENTES S/S,10/09/2021,RUSSELL BEDFORD GM AUDITORES INDEPENDENTES S/S,,09/09/2024,Sim,0193/2021,Serviços de Auditoria Externa do Processo de Desestatização da Ceasaminas – Centrais de Abastecimento de Minas Gerais.,"100,00%",Auditoria,"114.379,42","114.379,42",
https://www.bndes.gov.br/arquivos/contratos-administrativos/4400004327.zip,02.163.575/0001-50,02.163.575/0012-03,DISTRITO FEDERAL,Não,AUDILINK & CIA. AUDITORES,31/08/2020,AUDILINK & CIA. AUDITORES,Estadual,30/08/2023,Não,0180/2020,"Serviços de auditoria externa independente, abrangendo o acompanhamento e a fiscalização do processo de desestatização da CEB Distribuição S.A., subsidiária da Companhia Energética de Brasília.","100,00%",Auditoria,"165.000,00","165.000,00",CEB - DESESTATIZAÇÃO
https://www.bndes.gov.br/arquivos/contratos-administrativos/4400004349.zip,09.346.601/0001-25,09.346.601/0001-25,,Não,"B3 S.A. - BRASIL, BOLSA, BALCAO",02/10/2020,"B3 S.A. - BRASIL, BOLSA, BALCAO",,28/09/2022,Não,0204/2020,"Serviços especializados de assessoria técnica e apoio operacional (“SERVIÇO”), relativos aos procedimentos necessários à alienação de ações detidas pela CEB Holding (“ENTE LICITANTE”) na CEB-D (“PROJETO”), incluídos em tais procedimentos o depósito exclusivo junto à B3 até que ocorra a liquidação da totalidade das ações objeto da Alienação, bem como os serviços referentes à referida liquidação.","100,00%",Leilão,"381.500,37","381.500,37",
https://www.bndes.gov.br/arquivos/contratos-administrativos/4400004392.zip,11.985.753/0001-10,36.076.021/0001-38,,Não,CONSORCIO BR/LMDM POWER,24/01/2020,L.M.D.M. - CONSULTORIA EMPRESARIAL LTDA,,23/01/2023,Não,0010/2020,"Prestação de serviços necessários para a desestatização da CEB DISTRIBUIÇÃO S.A., detentora do contrato de concessão de serviço público de distribuição de energia elétrica no âmbito do Distrito Federal [SERVIÇO A].","50,00%",Serviço A,"69.999,50","139.999,00",
https://www.bndes.gov.br/arquivos/contratos-administrativos/4400004392.zip,10.487.157/0001-47,36.076.021/0001-38,,Não,CONSORCIO BR/LMDM POWER,24/01/2020,BR PARTNERS ASSESSORIA FINANCEIRA LTDA.,,23/01/2023,Sim,0010/2020,"Prestação de serviços necessários para a desestatização da CEB DISTRIBUIÇÃO S.A., detentora do contrato de concessão de serviço público de distribuição de energia elétrica no âmbito do Distrito Federal [SERVIÇO A].","50,00%",Serviço A,"69.999,50","139.999,00",
https://www.bndes.gov.br/arquivos/contratos-administrativos/4400004396.zip,61.074.555/0001-72,37.981.334/0001-01,,Não,CONSORCIO NOVA CEB,14/01/2020,"ALMEIDA, ROTENBERG E BOSCOLI - SOCIEDADE DE ADVOGADOS",,13/01/2023,Não,0009/2020,"Prestação de serviços necessários para a desestatização da CEB DISTRIBUIÇÃO S.A., detentora do contrato de concessão de serviço público de distribuição de energia elétrica no âmbito do Distrito Federal [SERVIÇO B].","21,39%",Serviço B,"420.954,98","1.967.998,99",
https://www.bndes.gov.br/arquivos/contratos-administrativos/4400004396.zip,17.079.154/0001-13,37.981.334/0001-01,,Não,CONSORCIO NOVA CEB,14/01/2020,THYMOS ENERGIA ENGENHARIA E CONSULTORIA LTDA,,13/01/2023,Não,0009/2020,"Prestação de serviços necessários para a desestatização da CEB DISTRIBUIÇÃO S.A., detentora do contrato de concessão de serviço público de distribuição de energia elétrica no âmbito do Distrito Federal [SERVIÇO B].","20,46%",Serviço B,"402.652,59","1.967.998,99",
https://www.bndes.gov.br/arquivos/contratos-administrativos/4400004396.zip,45.246.410/0001-55,37.981.334/0001-01,,Não,CONSORCIO NOVA CEB,14/01/2020,BANCO GENIAL S.A.,,13/01/2023,Sim,0009/2020,"Prestação de serviços necessários para a desestatização da CEB DISTRIBUIÇÃO S.A., detentora do contrato de concessão de serviço público de distribuição de energia elétrica no âmbito do Distrito Federal [SERVIÇO B].","58,15%",Serviço B,"1.144.391,41","1.967.998,99",
https://www.bndes.gov.br/arquivos/contratos-administrativos/4400004053.zip,59.527.788/0001-31,59.527.788/0001-31,ESTADO DO RIO GRANDE DO SUL,Sim,ERNST & YOUNG ASSESSORIA EMPRESARIAL LTDA,18/12/2019,ERNST & YOUNG ASSESSORIA EMPRESARIAL LTDA,Estadual,17/12/2022,Não,0372/2019,"Contratação de serviços técnicos necessários para a estruturação da desestatização da Companhia Estadual de Distribuição de Energia Elétrica – CEEE-D e da Companhia Estadual de Geração e Transmissão de Energia Elétrica – CEEE-GT, do Estado do Rio Grande do Sul, considerando o objetivo de realização de alienação de ações das EMPRESAS, com transferência de controle acionário, denominado SERVIÇO A, conforme especificações constantes do Termo de Referência.","100,00%",Serviço A,"205.230,26","205.230,26",CEEE-D
https://www.bndes.gov.br/arquivos/contratos-administrativos/4400004308.zip,03.706.936/0001-20,36.062.618/0001-23,,Sim,CONSORCIO MINUANO ENERGIA,05/12/2019,MACHADO MEYER SENDACZ OPICE E ANDRADE ADVOGADOS,,04/12/2022,Não,0373/2019,"Contratação de serviços técnicos necessários para a estruturação da desestatização da Companhia Estadual de Distribuição de Energia Elétrica – CEEE-D e da Companhia Estadual de Geração e Transmissão de Energia Elétrica – CEEE-GT, do Estado do Rio Grande do Sul, considerando o objetivo de realização de alienação de ações das EMPRESAS, com transferência de controle acionário, denominado SERVIÇO B, conforme especificações constantes do Termo de Referência.","34,74%",Serviço B,"1.456.995,60","4.194.000,00",
https://www.bndes.gov.br/arquivos/contratos-administrativos/4400004308.zip,17.079.154/0001-13,36.062.618/0001-23,,Sim,CONSORCIO MINUANO ENERGIA,05/12/2019,THYMOS ENERGIA ENGENHARIA E CONSULTORIA LTDA,,04/12/2022,Não,0373/2019,"Contratação de serviços técnicos necessários para a estruturação da desestatização da Companhia Estadual de Distribuição de Energia Elétrica – CEEE-D e da Companhia Estadual de Geração e Transmissão de Energia Elétrica – CEEE-GT, do Estado do Rio Grande do Sul, considerando o objetivo de realização de alienação de ações das EMPRESAS, com transferência de controle acionário, denominado SERVIÇO B, conforme especificações constantes do Termo de Referência.","22,23%",Serviço B,"932.326,20","4.194.000,00",
https://www.bndes.gov.br/arquivos/contratos-administrativos/4400004308.zip,45.246.410/0001-55,36.062.618/0001-23,,Sim,CONSORCIO MINUANO ENERGIA,05/12/2019,BANCO GENIAL S.A.,,04/12/2022,Sim,0373/2019,"Contratação de serviços técnicos necessários para a estruturação da desestatização da Companhia Estadual de Distribuição de Energia Elétrica – CEEE-D e da Companhia Estadual de Geração e Transmissão de Energia Elétrica – CEEE-GT, do Estado do Rio Grande do Sul, considerando o objetivo de realização de alienação de ações das EMPRESAS, com transferência de controle acionário, denominado SERVIÇO B, conforme especificações constantes do Termo de Referência.","43,03%",Serviço B,"1.804.678,20","4.194.000,00",
https://www.bndes.gov.br/arquivos/contratos-administrativos/4400004382.zip,33.179.672/0001-65,33.179.672/0001-65,,Sim,LOUDON BLOMQUIST - AUDITORES INDEPENDENTES,22/10/2020,LOUDON BLOMQUIST - AUDITORES INDEPENDENTES,,21/10/2023,Sim,0219/2020,"Contratação de serviços de auditoria externa independente, abrangendo o acompanhamento e a fiscalização dos processos de desestatização da Companhia Estadual de Distribuição de Energia Elétrica – CEEE-D e da Companhia Estadual de Geração e Transmissão de Energia Elétrica – CEEE-GT, até seu encerramento, conforme especificações constantes do Termo de Referência (Anexo I do Edital do Pregão Eletrônico nº 39/2020 - BNDES) e da proposta apresentada pelo CONTRATADO.","100,00%",Auditoria,"319.095,79","319.095,79",
https://www.bndes.gov.br/arquivos/contratos-administrativos/4400004053.zip,59.527.788/0001-31,59.527.788/0001-31,ESTADO DO RIO GRANDE DO SUL,Sim,ERNST & YOUNG ASSESSORIA EMPRESARIAL LTDA,18/12/2019,ERNST & YOUNG ASSESSORIA EMPRESARIAL LTDA,Estadual,17/12/2022,Não,0372/2019,"Contratação de serviços técnicos necessários para a estruturação da desestatização da Companhia Estadual de Distribuição de Energia Elétrica – CEEE-D e da Companhia Estadual de Geração e Transmissão de Energia Elétrica – CEEE-GT, do Estado do Rio Grande do Sul, considerando o objetivo de realização de alienação de ações das EMPRESAS, com transferência de controle acionário, denominado SERVIÇO A, conforme especificações constantes do Termo de Referência.","100,00%",Serviço A,"205.230,26","205.230,26",CEEE-G
https://www.bndes.gov.br/arquivos/contratos-administrativos/4400004308.zip,03.706.936/0001-20,36.062.618/0001-23,,Sim,CONSORCIO MINUANO ENERGIA,05/12/2019,MACHADO MEYER SENDACZ OPICE E ANDRADE ADVOGADOS,,04/12/2022,Não,0373/2019,"Contratação de serviços técnicos necessários para a estruturação da desestatização da Companhia Estadual de Distribuição de Energia Elétrica – CEEE-D e da Companhia Estadual de Geração e Transmissão de Energia Elétrica – CEEE-GT, do Estado do Rio Grande do Sul, considerando o objetivo de realização de alienação de ações das EMPRESAS, com transferência de controle acionário, denominado SERVIÇO B, conforme especificações constantes do Termo de Referência.","34,74%",Serviço B,"1.456.995,60","4.194.000,00",
https://www.bndes.gov.br/arquivos/contratos-administrativos/4400004308.zip,17.079.154/0001-13,36.062.618/0001-23,,Sim,CONSORCIO MINUANO ENERGIA,05/12/2019,THYMOS ENERGIA ENGENHARIA E CONSULTORIA LTDA,,04/12/2022,Não,0373/2019,"Contratação de serviços técnicos necessários para a estruturação da desestatização da Companhia Estadual de Distribuição de Energia Elétrica – CEEE-D e da Companhia Estadual de Geração e Transmissão de Energia Elétrica – CEEE-GT, do Estado do Rio Grande do Sul, considerando o objetivo de realização de alienação de ações das EMPRESAS, com transferência de controle acionário, denominado SERVIÇO B, conforme especificações constantes do Termo de Referência.","22,23%",Serviço B,"932.326,20","4.194.000,00",
https://www.bndes.gov.br/arquivos/contratos-administrativos/4400004308.zip,45.246.410/0001-55,36.062.618/0001-23,,Sim,CONSORCIO MINUANO ENERGIA,05/12/2019,BANCO GENIAL S.A.,,04/12/2022,Sim,0373/2019,"Contratação de serviços técnicos necessários para a estruturação da desestatização da Companhia Estadual de Distribuição de Energia Elétrica – CEEE-D e da Companhia Estadual de Geração e Transmissão de Energia Elétrica – CEEE-GT, do Estado do Rio Grande do Sul, considerando o objetivo de realização de alienação de ações das EMPRESAS, com transferência de controle acionário, denominado SERVIÇO B, conforme especificações constantes do Termo de Referência.","43,03%",Serviço B,"1.804.678,20","4.194.000,00",
https://www.bndes.gov.br/arquivos/contratos-administrativos/4400004382.zip,33.179.672/0001-65,33.179.672/0001-65,,Sim,LOUDON BLOMQUIST - AUDITORES INDEPENDENTES,22/10/2020,LOUDON BLOMQUIST - AUDITORES INDEPENDENTES,,21/10/2023,Sim,0219/2020,"Contratação de serviços de auditoria externa independente, abrangendo o acompanhamento e a fiscalização dos processos de desestatização da Companhia Estadual de Distribuição de Energia Elétrica – CEEE-D e da Companhia Estadual de Geração e Transmissão de Energia Elétrica – CEEE-GT, até seu encerramento, conforme especificações constantes do Termo de Referência (Anexo I do Edital do Pregão Eletrônico nº 39/2020 - BNDES) e da proposta apresentada pelo CONTRATADO.","100,00%",Auditoria,"319.095,79","319.095,79",
https://www.bndes.gov.br/arquivos/contratos-administrativos/4400004053.zip,59.527.788/0001-31,59.527.788/0001-31,ESTADO DO RIO GRANDE DO SUL,Sim,ERNST & YOUNG ASSESSORIA EMPRESARIAL LTDA,18/12/2019,ERNST & YOUNG ASSESSORIA EMPRESARIAL LTDA,Estadual,17/12/2022,Não,0372/2019,"Contratação de serviços técnicos necessários para a estruturação da desestatização da Companhia Estadual de Distribuição de Energia Elétrica – CEEE-D e da Companhia Estadual de Geração e Transmissão de Energia Elétrica – CEEE-GT, do Estado do Rio Grande do Sul, considerando o objetivo de realização de alienação de ações das EMPRESAS, com transferência de controle acionário, denominado SERVIÇO A, conforme especificações constantes do Termo de Referência.","100,00%",Serviço A,"205.230,26","205.230,26",CEEE-T
https://www.bndes.gov.br/arquivos/contratos-administrativos/4400004308.zip,03.706.936/0001-20,36.062.618/0001-23,,Sim,CONSORCIO MINUANO ENERGIA,05/12/2019,MACHADO MEYER SENDACZ OPICE E ANDRADE ADVOGADOS,,04/12/2022,Não,0373/2019,"Contratação de serviços técnicos necessários para a estruturação da desestatização da Companhia Estadual de Distribuição de Energia Elétrica – CEEE-D e da Companhia Estadual de Geração e Transmissão de Energia Elétrica – CEEE-GT, do Estado do Rio Grande do Sul, considerando o objetivo de realização de alienação de ações das EMPRESAS, com transferência de controle acionário, denominado SERVIÇO B, conforme especificações constantes do Termo de Referência.","34,74%",Serviço B,"1.456.995,60","4.194.000,00",
https://www.bndes.gov.br/arquivos/contratos-administrativos/4400004308.zip,17.079.154/0001-13,36.062.618/0001-23,,Sim,CONSORCIO MINUANO ENERGIA,05/12/2019,THYMOS ENERGIA ENGENHARIA E CONSULTORIA LTDA,,04/12/2022,Não,0373/2019,"Contratação de serviços técnicos necessários para a estruturação da desestatização da Companhia Estadual de Distribuição de Energia Elétrica – CEEE-D e da Companhia Estadual de Geração e Transmissão de Energia Elétrica – CEEE-GT, do Estado do Rio Grande do Sul, considerando o objetivo de realização de alienação de ações das EMPRESAS, com transferência de controle acionário, denominado SERVIÇO B, conforme especificações constantes do Termo de Referência.","22,23%",Serviço B,"932.326,20","4.194.000,00",
https://www.bndes.gov.br/arquivos/contratos-administrativos/4400004308.zip,45.246.410/0001-55,36.062.618/0001-23,,Sim,CONSORCIO MINUANO ENERGIA,05/12/2019,BANCO GENIAL S.A.,,04/12/2022,Sim,0373/2019,"Contratação de serviços técnicos necessários para a estruturação da desestatização da Companhia Estadual de Distribuição de Energia Elétrica – CEEE-D e da Companhia Estadual de Geração e Transmissão de Energia Elétrica – CEEE-GT, do Estado do Rio Grande do Sul, considerando o objetivo de realização de alienação de ações das EMPRESAS, com transferência de controle acionário, denominado SERVIÇO B, conforme especificações constantes do Termo de Referência.","43,03%",Serviço B,"1.804.678,20","4.194.000,00",
https://www.bndes.gov.br/arquivos/contratos-administrativos/4400004382.zip,33.179.672/0001-65,33.179.672/0001-65,,Sim,LOUDON BLOMQUIST - AUDITORES INDEPENDENTES,22/10/2020,LOUDON BLOMQUIST - AUDITORES INDEPENDENTES,,21/10/2023,Sim,0219/2020,"Contratação de serviços de auditoria externa independente, abrangendo o acompanhamento e a fiscalização dos processos de desestatização da Companhia Estadual de Distribuição de Energia Elétrica – CEEE-D e da Companhia Estadual de Geração e Transmissão de Energia Elétrica – CEEE-GT, até seu encerramento, conforme especificações constantes do Termo de Referência (Anexo I do Edital do Pregão Eletrônico nº 39/2020 - BNDES) e da proposta apresentada pelo CONTRATADO.","100,00%",Auditoria,"319.095,79","319.095,79",
https://www.bndes.gov.br/arquivos/contratos-administrativos/4400004972.zip,28.092.933/0001-75,46.539.833/0001-26,MINISTERIO DA INFRAESTRUTURA,Não,CONSORCIO MODELO,01/04/2022,ALVAREZ & MARSAL CONSULTORIA EM ENGENHARIA LTDA.,Federal,14/07/2028,Não,0045/2022,"contratação de estudos técnicos de apoio, avaliação, estruturação e implementação da desestatização daCompanhia das Docas do Estado da Bahia (CODEBA).","4,83%",Serviço B,"193.165,25","3.999.280,58",CODEBA
,19.222.619/0001-79,,,,,,"AMARAL, PAES DE ANDRADE E FIGUEIREDO ADVOGADOS",,,Não,,,"1,29%",,"51.590,72",,
,54.486.078/0001-97,,,,,,CAMINATA PROJETOS E ASSESSORIA AMBIENTAL LTDA,,,Não,,,"10,43%",,"417.124,96",,
,19.732.235/0001-04,,,,,,LED ASSESSORIA E TREINAMENTOS LTDA,,,Não,,,"4,80%",,"191.965,47",,
,43.353.718/0001-74,,,,,,MGP ENGENHARIA CONSULTORIA E SERVICOS LTDA,,,Não,,,"20,86%",,"834.249,93",,
,15.300.532/0001-11,,,,,,"NAVARRO PRADO, NEFUSSI MANDEL E SANTOS SILVA ADVOGADOS.",,,Não,,,"26,50%",,"1.059.809,35",,
,32.857.795/0001-45,,,,,,GARIN INFRAESTRUTURA ASSESSORIA E PARTICIPACOES LTDA,,,Sim,,,"31,29%",,"1.251.374,89",,
https://www.bndes.gov.br/arquivos/contratos-administrativos/4400003950.zip,13.711.795/0001-98,13.711.795/0001-98,MINISTERIO DA INFRAESTRUTURA,Não,INVESTOR CONSULTING PARTNERS CONSULTORIA LTDA.,06/09/2019,INVESTOR CONSULTING PARTNERS CONSULTORIA LTDA.,Federal,05/09/2022,Não,0297/2019,"Contratação de serviços necessários para a realização de estudos para a desestatização da Companhia Docas do Espírito Santo – CODESA e/ou a outorga de concessão da administração dos portos organizados de Vitória, Vila Velha e Barra do Riacho, bem como das instalações portuárias de Praia Mole, no Espírito Santo [SERVIÇO A].","100,00%",Serviço A,"105.618,02","105.618,02",CODESA
https://www.bndes.gov.br/arquivos/contratos-administrativos/4400003951.zip,60.527.520/0001-89,34.408.719/0001-88,,Não,CONSORCIO PORTOS B PORTOS BRASIL,06/09/2019,"LOESER, BLANCHET E HADAD ADVOGADOS",,05/03/2023,Não,0298/2019,"Contratação de serviços necessários para a realização de estudos para a desestatização da Companhia Docas do Espírito Santo – CODESA e/ou a outorga de concessão da administração dos portos organizados de Vitória, Vila Velha e Barra do Riacho, bem como das instalações portuárias de Praia Mole, no Espírito Santo [SERVIÇO B].","16,10%",Serviço B,"339.061,44","2.105.971,66",
https://www.bndes.gov.br/arquivos/contratos-administrativos/4400003951.zip,17.778.727/0001-05,34.408.719/0001-88,,Não,CONSORCIO PORTOS B PORTOS BRASIL,06/09/2019,MODAL CONSULT PROJETOS E CONSULTORIA LTDA.,,05/03/2023,Não,0298/2019,"Contratação de serviços necessários para a realização de estudos para a desestatização da Companhia Docas do Espírito Santo – CODESA e/ou a outorga de concessão da administração dos portos organizados de Vitória, Vila Velha e Barra do Riacho, bem como das instalações portuárias de Praia Mole, no Espírito Santo [SERVIÇO B].","18,00%",Serviço B,"379.074,90","2.105.971,66",
https://www.bndes.gov.br/arquivos/contratos-administrativos/4400003951.zip,05.487.514/0001-37,34.408.719/0001-88,,Não,CONSORCIO PORTOS B PORTOS BRASIL,06/09/2019,PRICEWATERHOUSECOOPERS CORPORATE FINANCE & RECOVERY LTDA,,05/03/2023,Não,0298/2019,"Contratação de serviços necessários para a realização de estudos para a desestatização da Companhia Docas do Espírito Santo – CODESA e/ou a outorga de concessão da administração dos portos organizados de Vitória, Vila Velha e Barra do Riacho, bem como das instalações portuárias de Praia Mole, no Espírito Santo [SERVIÇO B].","5,00%",Serviço B,"105.298,58","2.105.971,66",
https://www.bndes.gov.br/arquivos/contratos-administrativos/4400003951.zip,16.721.366/0001-90,34.408.719/0001-88,,Não,CONSORCIO PORTOS B PORTOS BRASIL,06/09/2019,"RHEIN SCHIRATO, MEIRELES SOCIEDADE DE ADVOGADOS",,05/03/2023,Não,0298/2019,"Contratação de serviços necessários para a realização de estudos para a desestatização da Companhia Docas do Espírito Santo – CODESA e/ou a outorga de concessão da administração dos portos organizados de Vitória, Vila Velha e Barra do Riacho, bem como das instalações portuárias de Praia Mole, no Espírito Santo [SERVIÇO B].","9,20%",Serviço B,"193.749,39","2.105.971,66",
https://www.bndes.gov.br/arquivos/contratos-administrativos/4400003951.zip,27.087.592/0001-87,34.408.719/0001-88,,Não,CONSORCIO PORTOS B PORTOS BRASIL,06/09/2019,V. GARAMBONE PROJETOS E CONSULTORIA,,05/03/2023,Não,0298/2019,"Contratação de serviços necessários para a realização de estudos para a desestatização da Companhia Docas do Espírito Santo – CODESA e/ou a outorga de concessão da administração dos portos organizados de Vitória, Vila Velha e Barra do Riacho, bem como das instalações portuárias de Praia Mole, no Espírito Santo [SERVIÇO B].","6,20%",Serviço B,"130.570,24","2.105.971,66",
https://www.bndes.gov.br/arquivos/contratos-administrativos/4400003951.zip,02.646.397/0001-19,34.408.719/0001-88,,Não,CONSORCIO PORTOS B PORTOS BRASIL,06/09/2019,PRICEWATERHOUSECOOPERS SERVICOS PROFISSIONAIS LTDA.,,05/03/2023,Sim,0298/2019,"Contratação de serviços necessários para a realização de estudos para a desestatização da Companhia Docas do Espírito Santo – CODESA e/ou a outorga de concessão da administração dos portos organizados de Vitória, Vila Velha e Barra do Riacho, bem como das instalações portuárias de Praia Mole, no Espírito Santo [SERVIÇO B].","45,50%",Serviço B,"958.217,11","2.105.971,66",
https://www.bndes.gov.br/arquivos/contratos-administrativos/4400004654.zip,09.285.766/0001-34,09.285.766/0001-34,,Não,MOREIRA ASSOCIADOS AUDITORES INDEPENDENTES S/S,16/06/2021,MOREIRA ASSOCIADOS AUDITORES INDEPENDENTES S/S,,15/06/2024,Não,0114/2021,"Prestação de serviços de auditoria externa independente, abrangendo o acompanhamento e fiscalização do processo de desestatização da Companhia Docas do Espírito Santo.","100,00%",Auditoria,"160.972,15","160.972,15",
https://www.bndes.gov.br/arquivos/contratos-administrativos/4400003472.zip,00.149.952/0001-71,31.599.545/0001-90,CONSORCIO INTERMUNICIPAL - CI - CENTRO SUL,Não,CONSORCIO EY/DIAMANTINO/ILUMISUL,25/10/2018,DIAMANTINO ADVOGADOS ASSOCIADOS,Municipal,24/10/2020,Não,0399/2018,"Contratação de serviços técnicos necessários à estruturação de projeto de Parceria Público-Privada (PPP) relativa à modernização, eficientização, expansão, operação e manutenção da infraestrutura da rede de iluminação pública dos municípios integrantes do Consórcio Intermunicipal Centro Sul – RS","33,00%",Serviço Único,"559.524,95","1.695.530,15",CONSÓRCIO CENTRO SUL IP - CICS
,12.917.918/0001-89,,,,,,ILUMISUL SOLUCOES URBANAS E LUMINOTECNICA LTDA,,,Não,,,"33,00%",,"559.524,95",,
,59.527.788/0001-31,,,,,,ERNST & YOUNG ASSESSORIA EMPRESARIAL LTDA,,,Sim,,,"34,00%",,"576.480,25",,
https://www.bndes.gov.br/arquivos/contratos-administrativos/4400004506.zip,09.628.460/0001-33,09.628.460/0001-33,ESTADO DE MINAS GERAIS,Não,KROLL BRASIL LTDA.,08/02/2021,KROLL BRASIL LTDA.,Estadual,06/02/2025,Sim,0011/2021,"Prestação de serviços técnicos necessários à estruturação e implementação da desestatização da Companhia de Saneamento de Minas Gerais – COPASA, denominado SERVIÇO A, conforme especificações constantes do Termo de Referência (Anexo I do Edital do Pregão Eletrônico nº 40/2020 - BNDES) e da proposta apresentada pelo CONTRATADO.","100,00%",Serviço A,"129.000,00","129.000,00",COPASA
https://www.bndes.gov.br/arquivos/contratos-administrativos/4400004507.zip,08.202.066/0001-76,42.062.765/0001-04,,Não,CONSORCIO NOVA COPASA,08/02/2021,"ARAP, NISHI & UYEDA ADVOGADOS",,06/02/2025,Não,0012/2021,"Prestação de serviços técnicos necessários à estruturação e implementação da desestatização da Companhia de Saneamento de Minas Gerais – COPASA, denominado SERVIÇO B, conforme especificações constantes do Termo de Referência (Anexo I do Edital do Pregão Eletrônico nº 40/2020 - BNDES) e da proposta apresentada pelo CONTRATADO.","18,70%",Serviço B,"1.433.738,58","7.667.051,25",
https://www.bndes.gov.br/arquivos/contratos-administrativos/4400004507.zip,54.276.936/0001-79,42.062.765/0001-04,,Não,CONSORCIO NOVA COPASA,08/02/2021,BDO RCS AUDITORES INDEPENDENTES - SOCIEDADE SIMPLES,,06/02/2025,Não,0012/2021,"Prestação de serviços técnicos necessários à estruturação e implementação da desestatização da Companhia de Saneamento de Minas Gerais – COPASA, denominado SERVIÇO B, conforme especificações constantes do Termo de Referência (Anexo I do Edital do Pregão Eletrônico nº 40/2020 - BNDES) e da proposta apresentada pelo CONTRATADO.","10,20%",Serviço B,"782.039,23","7.667.051,25",
https://www.bndes.gov.br/arquivos/contratos-administrativos/4400004507.zip,33.160.102/0001-23,42.062.765/0001-04,,Não,CONSORCIO NOVA COPASA,08/02/2021,ENCIBRA S A ESTUDOS E PROJETOS DE ENGENHARIA,,06/02/2025,Não,0012/2021,"Prestação de serviços técnicos necessários à estruturação e implementação da desestatização da Companhia de Saneamento de Minas Gerais – COPASA, denominado SERVIÇO B, conforme especificações constantes do Termo de Referência (Anexo I do Edital do Pregão Eletrônico nº 40/2020 - BNDES) e da proposta apresentada pelo CONTRATADO.","2,20%",Serviço B,"168.675,13","7.667.051,25",
https://www.bndes.gov.br/arquivos/contratos-administrativos/4400004507.zip,34.830.445/0001-10,42.062.765/0001-04,,Não,CONSORCIO NOVA COPASA,08/02/2021,SANEARES - INFRAESTRUTURA E SANEAMENTO LTDA,,06/02/2025,Não,0012/2021,"Prestação de serviços técnicos necessários à estruturação e implementação da desestatização da Companhia de Saneamento de Minas Gerais – COPASA, denominado SERVIÇO B, conforme especificações constantes do Termo de Referência (Anexo I do Edital do Pregão Eletrônico nº 40/2020 - BNDES) e da proposta apresentada pelo CONTRATADO.","42,40%",Serviço B,"3.250.829,73","7.667.051,25",
https://www.bndes.gov.br/arquivos/contratos-administrativos/4400004507.zip,45.246.410/0001-55,42.062.765/0001-04,,Não,CONSORCIO NOVA COPASA,08/02/2021,BANCO GENIAL S.A.,,06/02/2025,Sim,0012/2021,"Prestação de serviços técnicos necessários à estruturação e implementação da desestatização da Companhia de Saneamento de Minas Gerais – COPASA, denominado SERVIÇO B, conforme especificações constantes do Termo de Referência (Anexo I do Edital do Pregão Eletrônico nº 40/2020 - BNDES) e da proposta apresentada pelo CONTRATADO.","26,40%",Serviço B,"2.024.101,53","7.667.051,25",
https://www.bndes.gov.br/arquivos/contratos-administrativos/4400004561.zip,03.706.936/0001-20,41.115.214/0001-90,MINISTERIO DA FAZENDA,Não,CONSORCIO POSTAR,26/08/2020,MACHADO MEYER SENDACZ OPICE E ANDRADE ADVOGADOS,Federal,25/08/2023,Não,0183/2020,"Prestação de serviços necessários para a realização da contratação dos serviços necessários para a realização de estudos relativos ao SETOR POSTAL (“SERVIÇO C”), com objetivo de buscar alternativas de PARCERIA com a iniciativa privada, considerando a necessidade de atendimento universal do serviço postal no território brasileiro.","15,00%",Serviço C,"1.289.626,02","8.597.506,80",CORREIOS
,96.534.094/0001-58,,,,,,ACCENTURE DO BRASIL LTDA,,,Sim,,,"85,00%",,"7.307.880,78",,
https://www.bndes.gov.br/arquivos/contratos-administrativos/4400004623.zip,01.708.167/0001-74,42.936.978/0001-00,,Não,CONSORCIO CARTA BRASIL,10/06/2021,KPMG CONSULTORIA LTDA,,20/12/2023,Não,0085/2021,Homologar o resultado final do processo de seleção da RFP nº 08/2021 BNDES (Due Diligence e Avaliação Econômico-Financeira “Serviço B” da ECT).,"25,79%",Serviço B,"2.695.891,90","10.453.245,06",
https://www.bndes.gov.br/arquivos/contratos-administrativos/4400004623.zip,29.414.117/0001-01,42.936.978/0001-00,,Não,CONSORCIO CARTA BRASIL,10/06/2021,KPMG CORPORATE FINANCE LTDA,,20/12/2023,Não,0085/2021,Homologar o resultado final do processo de seleção da RFP nº 08/2021 BNDES (Due Diligence e Avaliação Econômico-Financeira “Serviço B” da ECT).,"0,35%",Serviço B,"36.586,36","10.453.245,06",
https://www.bndes.gov.br/arquivos/contratos-administrativos/4400004623.zip,02.668.801/0001-55,42.936.978/0001-00,,Não,CONSORCIO CARTA BRASIL,10/06/2021,KPMG FINANCIAL RISK & ACTUARIAL SERVICES LTDA.,,20/12/2023,Não,0085/2021,Homologar o resultado final do processo de seleção da RFP nº 08/2021 BNDES (Due Diligence e Avaliação Econômico-Financeira “Serviço B” da ECT).,"2,69%",Serviço B,"281.192,29","10.453.245,06",
https://www.bndes.gov.br/arquivos/contratos-administrativos/4400004623.zip,66.865.965/0001-55,42.936.978/0001-00,,Não,CONSORCIO CARTA BRASIL,10/06/2021,"MANESCO, RAMIRES, PEREZ, AZEVEDO MARQUES - SOCIEDADE DE ADVOGADOS.",,20/12/2023,Não,0085/2021,Homologar o resultado final do processo de seleção da RFP nº 08/2021 BNDES (Due Diligence e Avaliação Econômico-Financeira “Serviço B” da ECT).,"36,17%",Serviço B,"3.780.938,74","10.453.245,06",
https://www.bndes.gov.br/arquivos/contratos-administrativos/4400004623.zip,05.490.840/0001-01,42.936.978/0001-00,,Não,CONSORCIO CARTA BRASIL,10/06/2021,KPMG ASSESSORES LTDA,,20/12/2023,Sim,0085/2021,Homologar o resultado final do processo de seleção da RFP nº 08/2021 BNDES (Due Diligence e Avaliação Econômico-Financeira “Serviço B” da ECT).,"35,00%",Serviço B,"3.658.635,77","10.453.245,06",
https://www.bndes.gov.br/arquivos/contratos-administrativos/4400004694.zip,10.487.157/0001-47,10.487.157/0001-47,,Não,BR PARTNERS ASSESSORIA FINANCEIRA LTDA.,04/08/2021,BR PARTNERS ASSESSORIA FINANCEIRA LTDA.,,16/01/2024,Sim,0152/2021,Contratação de parte dos serviços necessários para a realização dos estudos relativos à desestatização (Avaliação Econômico-Financeira: “Serviço A”) da Empresa Brasileira de Correios e Telégrafos  (“ECT”),"100,00%",Serviço A,"444.020,21","444.020,21",
https://www.bndes.gov.br/arquivos/contratos-administrativos/4400004930.zip,45.246.410/0001-55,45.246.410/0001-55,,Não,BANCO GENIAL S.A.,20/05/2022,BANCO GENIAL S.A.,,19/11/2023,Sim,0037/2022,Contratação do serviço de Assessoria Financeira (“Serviço D”) para a venda da Empresa de Correios e Telégrafos (“Empresa” ou “ECT”). Contratação do vencedor do processo de seleção da RFP nº 27/2021 – AED/BNDES,"100,00%",Serviço D,"489.273,17","489.273,17",
https://www.bndes.gov.br/arquivos/contratos-administrativos/4400004455.zip,22.111.570/0001-91,41.934.469/0001-85,ESTADO DE ALAGOAS,Não,CONSORCIO EY/MANESCO/HOUER/ETHOS,10/02/2021,HOUER CONSULTORIA E CONCESSOES LTDA,Estadual,09/01/2023,Não,0001/2021,"O presente Contrato tem por objeto a prestação de serviços técnicos necessários para a estruturação de projeto de parceria do Estado de Alagoas com a iniciativa privada, destinado à construção, gestão, operação, conservação e manutenção de até 67 (sessenta e sete) novas unidades educacionais, por meio do regime de concessão administrativa, instituído pela Lei Federal nº 11.079/2004 conforme especificações constantes do Termo de Referência e da proposta apresentada pelo CONTRATADO, respectivamente, Anexos I e II deste Contrato.","16,82%",Serviço Único,"450.220,91","2.676.699,81",CRECHES ALAGOAS
,66.865.965/0001-55,,,,,,"MANESCO, RAMIRES, PEREZ, AZEVEDO MARQUES - SOCIEDADE DE ADVOGADOS.",,,Não,,,"16,82%",,"450.220,91",,
,14.959.314/0001-20,,,,,,URBCO LTDA,,,Não,,,"29,15%",,"780.257,99",,
,59.527.788/0001-31,,,,,,ERNST & YOUNG ASSESSORIA EMPRESARIAL LTDA,,,Sim,,,"37,21%",,"996.000,00",,
https://www.bndes.gov.br/arquivos/contratos-administrativos/4400004940.zip,01.546.213/0001-86,33.641.663/0001-44,MUNICIPIO DO RECIFE,Não,FUNDACAO GETULIO VARGAS,21/03/2022,DAL POZZO ADVOGADOS,Municipal,20/07/2025,Não,0038/2022,"Serviços técnicos especializados necessários à estruturação de projeto de parceria do MUNICÍPIO de Recife com a iniciativa privada, destinado à construção, reconstrução, gestão, operação, conservação e manutenção de até 44 (quarenta e quatro) NOVAS UNIDADES EDUCACIONAIS, por meio do regime de concessão administrativa (“PPP Administrativa”)","15,00%",Serviço Único,"239.683,50","1.597.889,97",CRECHES RECIFE
,00.286.988/0001-05,,,,,,FACCIO ARQUITETURA S/S LTDA,,,Não,,,"31,00%",,"495.345,89",,
,33.641.663/0001-44,,,,,,FUNDACAO GETULIO VARGAS,,,Sim,,,"54,00%",,"862.860,58",,
https://www.bndes.gov.br/arquivos/contratos-administrativos/4400004572.zip,44.239.135/0005-03,40.977.012/0001-95,MUNICIPIO DE TERESINA,Não,CONSORCIO EDUCAR AEM,27/10/2020,EGIS - ENGENHARIA E CONSULTORIA LTDA.,Municipal,21/12/2022,Não,0221/2020,"Contratação de serviços técnicos necessários para a estruturação de projeto de parceria do município de Teresina com a iniciativa privada, destinado à construção, reconstrução, gestão, operação, conservação e manutenção de até 40 (quarenta) NOVAS Unidades educacionais, por meio do regime de concessão administrativa (“PPP Administrativa”), instituído pela Lei Federal nº 11.079/2004, conforme especificações constantes do Termo de Referência e da proposta apresentada pelo CONTRATADO.","48,44%",Serviço Único,"1.489.732,06","3.075.417,13",CRECHES TERESINA
,03.706.936/0001-20,,,,,,MACHADO MEYER SENDACZ OPICE E ANDRADE ADVOGADOS,,,Não,,,"17,88%",,"549.884,58",,
,96.534.094/0001-58,,,,,,ACCENTURE DO BRASIL LTDA,,,Sim,,,"33,68%",,"1.035.800,49",,
https://www.bndes.gov.br/arquivos/contratos-administrativos/4400003492.zip,19.453.651/0001-65,31.789.304/0001-03,MUNICIPIO DE CURITIBA,Sim,CONSORCIO ACCENTURE-MOYSES & PIRES,31/10/2018,MOYSES & PIRES SOCIEDADE DE ADVOGADOS,Municipal,30/04/2023,Não,0421/2018,"Contratação de serviços técnicos necessários para a estruturação de projeto(s) de Parceria Público-Privada (PPP) relativo(s) à modernização, eficientização, expansão, operação e manutenção da infraestrutura de rede(s) municipal(is) de ILUMINAÇÃO PÚBLICA que tenha(m) até 200.000 (duzentos mil) pontos de luz.","25,00%",Serviço Único,"837.497,62","3.349.990,48",CURITIBA IP
,96.534.094/0001-58,,,,,,ACCENTURE DO BRASIL LTDA,,,Sim,,,"75,00%",,"2.512.492,86",,
https://www.bndes.gov.br/arquivos/contratos-administrativos/4400004453.zip,48.086.466/0001-88,41.520.062/0001-01,MINISTERIO DA FAZENDA,Sim,CONSORCIO DADOS BR,04/01/2021,BURSON COHN & WOLFE COMUNICACAO LTDA,Federal,03/01/2024,Não,0263/2020,"Prestação de serviços necessários para a realização de estudo de mercado, diagnóstico setorial nacional e internacional, estudo regulatório, proposição de alternativas de desestatização, modelagem da desestatização e outros serviços profissionais especializados necessários à estruturação e à implementação dos processos de desestatização do Serviço Federal de Processamento de Dados – SERPRO e da Empresa de Tecnologia e Informações da Previdência – DATAPREV (“SERVIÇO C”).","4,83%",Serviço C,"422.210,42","8.741.416,55",DATAPREV (Cancelado)
,03.706.936/0001-20,,,,,,MACHADO MEYER SENDACZ OPICE E ANDRADE ADVOGADOS,,,Não,,,"22,67%",,"1.981.679,13",,
,96.534.094/0001-58,,,,,,ACCENTURE DO BRASIL LTDA,,,Sim,,,"72,49%",,"6.336.652,86",,
https://www.bndes.gov.br/arquivos/contratos-administrativos/4400004530.zip,00.641.556/0001-67,41.356.918/0001-55,,Sim,CONSORCIO GRANT THORNTON VR,19/04/2021,"VIEIRA, REZENDE E GUERREIRO ADVOGADOS",,02/01/2024,Não,0021/2021,Contratação de serviços necessários para a realização dos estudos relativos à desestatização do Serpro e da Dataprev - Serviço B.,"25,36%",Serviço B,"963.172,80","3.798.000,00",
https://www.bndes.gov.br/arquivos/contratos-administrativos/4400004530.zip,13.045.248/0001-10,41.356.918/0001-55,,Sim,CONSORCIO GRANT THORNTON VR,19/04/2021,GRANT THORNTON AUDITORIA E CONSULTORIA LTDA.,,02/01/2024,Sim,0021/2021,Contratação de serviços necessários para a realização dos estudos relativos à desestatização do Serpro e da Dataprev - Serviço B.,"74,64%",Serviço B,"2.834.827,20","3.798.000,00",
https://www.bndes.gov.br/arquivos/contratos-administrativos/4400002422.zip,05.097.487/0001-96,05.097.487/0001-96,MINISTERIO DA FAZENDA,Não,CERES INTELIGENCIA FINANCEIRA LTDA,14/02/2017,CERES INTELIGENCIA FINANCEIRA LTDA,Federal,13/02/2019,Não,0027/2017,"CONTRATAÇÃO DE SERVIÇOS NECESSÁRIOS PARA A DESESTATIZAÇÃO DAS SEGUINTES EMPRESAS: CEPISA, CEAL, ELETROACRE, CERON, BOA VISTA ENERGIA, AMAZONAS ENERGIA, CONFORME AS ESPECIFICAÇÕES DO EDITAL E DE SEUS ANEXOS.","100,00%",Serviço A,"2.229.000,03","2.229.000,03","DISTRIBUIDORAS FEDERALIZADAS (CEPISA, CEAL, CERON, ELETROACRE, AMAZONAS ENERGIA e BOA VISTA ENERGIA)"
https://www.bndes.gov.br/arquivos/contratos-administrativos/4400002423.zip,60.527.520/0001-89,26.960.296/0001-86,,Não,CONSORCIO MAIS ENERGIA B,14/02/2017,"LOESER, BLANCHET E HADAD ADVOGADOS",,13/02/2020,Não,0028/2017,"CONTRATAÇÃO DE SERVIÇOS NECESSÁRIOS PARA A DESESTATIZAÇÃO DAS SEGUINTES EMPRESAS: CEPISA, CEAL, ELETROACRE, CERON, BOA VISTA ENERGIA, AMAZONAS ENERGIA, CONFORME AS ESPECIFICAÇÕES DO EDITAL E DE SEUS ANEXOS.","20,00%",Serviço B,"3.589.914,15","17.949.570,76",
https://www.bndes.gov.br/arquivos/contratos-administrativos/4400002423.zip,02.646.397/0001-19,26.960.296/0001-86,,Não,CONSORCIO MAIS ENERGIA B,14/02/2017,PRICEWATERHOUSECOOPERS SERVICOS PROFISSIONAIS LTDA.,,13/02/2020,Não,0028/2017,"CONTRATAÇÃO DE SERVIÇOS NECESSÁRIOS PARA A DESESTATIZAÇÃO DAS SEGUINTES EMPRESAS: CEPISA, CEAL, ELETROACRE, CERON, BOA VISTA ENERGIA, AMAZONAS ENERGIA, CONFORME AS ESPECIFICAÇÕES DO EDITAL E DE SEUS ANEXOS.","20,50%",Serviço B,"3.679.662,01","17.949.570,76",
https://www.bndes.gov.br/arquivos/contratos-administrativos/4400002423.zip,05.396.538/0001-80,26.960.296/0001-86,,Não,CONSORCIO MAIS ENERGIA B,14/02/2017,SIGLASUL CONSULTORIA LTDA,,13/02/2020,Não,0028/2017,"CONTRATAÇÃO DE SERVIÇOS NECESSÁRIOS PARA A DESESTATIZAÇÃO DAS SEGUINTES EMPRESAS: CEPISA, CEAL, ELETROACRE, CERON, BOA VISTA ENERGIA, AMAZONAS ENERGIA, CONFORME AS ESPECIFICAÇÕES DO EDITAL E DE SEUS ANEXOS.","11,50%",Serviço B,"2.064.200,64","17.949.570,76",
https://www.bndes.gov.br/arquivos/contratos-administrativos/4400002423.zip,05.487.514/0001-37,26.960.296/0001-86,,Não,CONSORCIO MAIS ENERGIA B,14/02/2017,PRICEWATERHOUSECOOPERS CORPORATE FINANCE & RECOVERY LTDA,,13/02/2020,Sim,0028/2017,"CONTRATAÇÃO DE SERVIÇOS NECESSÁRIOS PARA A DESESTATIZAÇÃO DAS SEGUINTES EMPRESAS: CEPISA, CEAL, ELETROACRE, CERON, BOA VISTA ENERGIA, AMAZONAS ENERGIA, CONFORME AS ESPECIFICAÇÕES DO EDITAL E DE SEUS ANEXOS.","48,00%",Serviço B,"8.615.793,96","17.949.570,76",
https://www.bndes.gov.br/arquivos/contratos-administrativos/4400002703.zip,33.179.672/0001-65,33.179.672/0001-65,,Não,LOUDON BLOMQUIST - AUDITORES INDEPENDENTES,04/07/2017,LOUDON BLOMQUIST - AUDITORES INDEPENDENTES,,03/07/2020,Não,0288/2017,SERVIÇO DE AUDITORIA DO PROCESSO DE DESESTATIZAÇÃO,"100,00%",Auditoria,"1.254.363,42","1.254.363,42",
https://www.bndes.gov.br/arquivos/contratos-administrativos/4400003105.zip,09.346.601/0001-25,09.346.601/0001-25,,Não,"B3 S.A. - BRASIL, BOLSA, BALCAO",04/04/2018,"B3 S.A. - BRASIL, BOLSA, BALCAO",,03/04/2020,Não,0080/2018,Assessoria técnica especializada e apoio operacional e consultivo.,"100,00%",Leilão,"1.325.691,31","1.325.691,31",
https://www.bndes.gov.br/arquivos/contratos-administrativos/4400004622.zip,45.246.410/0001-55,43.261.751/0001-74,MINISTERIO DE MINAS E ENERGIA,Não,CONSORCIO NOVA ELETROBRAS,27/05/2021,BANCO GENIAL S.A.,Federal,26/05/2024,Não,0084/2021,"Contratação dos serviços de Due Diligence Contábil-Patrimonial, Due Diligence Jurídica, Relatório de Premissas e Avaliação Econômico-Financeira (“Serviço B”) da Centrais Elétricas Brasileiras S.A. (“Empresa” ou “ELETROBRAS”)., conforme detalhamento no processo de seleção da RFP nº 09/2021 AED-BNDES.","25,00%",Serviço B,"1.494.444,44","5.977.777,77",ELETROBRAS
,57.756.694/0001-09,,,,,,LEFOSSE ADVOGADOS,,,Não,,,"21,70%",,"1.297.177,78",,
,17.079.154/0001-13,,,,,,THYMOS ENERGIA ENGENHARIA E CONSULTORIA LTDA,,,Não,,,"20,00%",,"1.195.555,55",,
,54.276.936/0001-79,,,,,,BDO RCS AUDITORES INDEPENDENTES - SOCIEDADE SIMPLES,,,Sim,,,"33,30%",,"1.990.600,00",,
https://www.bndes.gov.br/arquivos/contratos-administrativos/4400004677.zip,10.487.157/0001-47,10.487.157/0001-47,,Não,BR PARTNERS ASSESSORIA FINANCEIRA LTDA.,08/07/2021,BR PARTNERS ASSESSORIA FINANCEIRA LTDA.,,07/07/2024,Sim,0138/2021,"Contratação de serviços de Avaliação Econômico-Financeira da Centrais Elétricas Brasileiras S.A., da Eletronuclear e de Itaipu do Processo de Desestatização (“Serviço A”) da Centrais Elétricas Brasileiras S.A. (ELETROBRAS).","100,00%",Serviço A,"555.020,21","555.020,21",
https://www.bndes.gov.br/arquivos/contratos-administrativos/4400004973.zip,13.098.174/0001-80,13.098.174/0001-80,,Não,RUSSELL BEDFORD GM AUDITORES INDEPENDENTES S/S,01/04/2022,RUSSELL BEDFORD GM AUDITORES INDEPENDENTES S/S,,31/03/2024,Sim,0047/2022,Contratação de serviços de auditoria externa independente para o acompanhamento e a fiscalização do processo de desestatização das Centrais Elétricas Brasileiras S/A - Eletrobras,"100,00%",Auditoria,"173.700,00","173.700,00",
https://www.bndes.gov.br/arquivos/contratos-administrativos/4400005876.zip,00.839.683/0001-75,54.823.426/0001-74,MUNICIPIO DE CURITIBA,Sim,CONSORCIO OFICINA-TYLIN-RHEIN-ADDAX,05/04/2024,ADDAX ASSESSORIA ECONOMICA E FINANCEIRA LTDA,Municipal,04/04/2026,Não,0110/2024,"A execução dos SERVIÇOS TÉCNICOS, o que inclui a elaboração de PRODUTOS e a prestação de SERVIÇOS ESPECIALIZADOS, necessários para apoiar o BNDES na estruturação do PROJETO, observado ainda o detalhamento constante das ESPECIFICAÇÕES TÉCNICAS, da PROPOSTA COMERCIAL, da MATRIZ DE RISCOS e da TABELA DE PRODUTOS e SERVIÇOS.","14,60%",Serviço Único,"730.677,65","5.004.641,47",ELETROMOBILIDADE CURITIBA - LOTE BRT1
,16.721.366/0001-90,,,,,,"RHEIN SCHIRATO, MEIRELES SOCIEDADE DE ADVOGADOS",,,Não,,,"13,80%",,"690.640,52",,
,65.518.540/0001-07,,,,,,TYLIN BRAZIL LTDA,,,Não,,,"29,90%",,"1.496.387,80",,
,57.349.904/0001-44,,,,,,OFICINA - ENGENHEIROS CONSULTORES ASSOCIADOS LTDA.,,,Sim,,,"41,70%",,"2.086.935,49",,
https://www.bndes.gov.br/arquivos/contratos-administrativos/4400005876.zip,00.839.683/0001-75,54.823.426/0001-74,MUNICIPIO DE CURITIBA,Sim,CONSORCIO OFICINA-TYLIN-RHEIN-ADDAX,05/04/2024,ADDAX ASSESSORIA ECONOMICA E FINANCEIRA LTDA,Municipal,04/04/2026,Não,0110/2024,"A execução dos SERVIÇOS TÉCNICOS, o que inclui a elaboração de PRODUTOS e a prestação de SERVIÇOS ESPECIALIZADOS, necessários para apoiar o BNDES na estruturação do PROJETO, observado ainda o detalhamento constante das ESPECIFICAÇÕES TÉCNICAS, da PROPOSTA COMERCIAL, da MATRIZ DE RISCOS e da TABELA DE PRODUTOS e SERVIÇOS.","14,60%",Serviço Único,"730.677,65","5.004.641,47",ELETROMOBILIDADE CURITIBA - LOTE BRT2
,16.721.366/0001-90,,,,,,"RHEIN SCHIRATO, MEIRELES SOCIEDADE DE ADVOGADOS",,,Não,,,"13,80%",,"690.640,52",,
,65.518.540/0001-07,,,,,,TYLIN BRAZIL LTDA,,,Não,,,"29,90%",,"1.496.387,80",,
,57.349.904/0001-44,,,,,,OFICINA - ENGENHEIROS CONSULTORES ASSOCIADOS LTDA.,,,Sim,,,"41,70%",,"2.086.935,49",,
https://www.bndes.gov.br/arquivos/contratos-administrativos/4400005876.zip,00.839.683/0001-75,54.823.426/0001-74,MUNICIPIO DE CURITIBA,Sim,CONSORCIO OFICINA-TYLIN-RHEIN-ADDAX,05/04/2024,ADDAX ASSESSORIA ECONOMICA E FINANCEIRA LTDA,Municipal,04/04/2026,Não,0110/2024,"A execução dos SERVIÇOS TÉCNICOS, o que inclui a elaboração de PRODUTOS e a prestação de SERVIÇOS ESPECIALIZADOS, necessários para apoiar o BNDES na estruturação do PROJETO, observado ainda o detalhamento constante das ESPECIFICAÇÕES TÉCNICAS, da PROPOSTA COMERCIAL, da MATRIZ DE RISCOS e da TABELA DE PRODUTOS e SERVIÇOS.","14,60%",Serviço Único,"730.677,65","5.004.641,47",ELETROMOBILIDADE CURITIBA - LOTE NORTE
,16.721.366/0001-90,,,,,,"RHEIN SCHIRATO, MEIRELES SOCIEDADE DE ADVOGADOS",,,Não,,,"13,80%",,"690.640,52",,
,65.518.540/0001-07,,,,,,TYLIN BRAZIL LTDA,,,Não,,,"29,90%",,"1.496.387,80",,
,57.349.904/0001-44,,,,,,OFICINA - ENGENHEIROS CONSULTORES ASSOCIADOS LTDA.,,,Sim,,,"41,70%",,"2.086.935,49",,
https://www.bndes.gov.br/arquivos/contratos-administrativos/4400005876.zip,00.839.683/0001-75,54.823.426/0001-74,MUNICIPIO DE CURITIBA,Sim,CONSORCIO OFICINA-TYLIN-RHEIN-ADDAX,05/04/2024,ADDAX ASSESSORIA ECONOMICA E FINANCEIRA LTDA,Municipal,04/04/2026,Não,0110/2024,"A execução dos SERVIÇOS TÉCNICOS, o que inclui a elaboração de PRODUTOS e a prestação de SERVIÇOS ESPECIALIZADOS, necessários para apoiar o BNDES na estruturação do PROJETO, observado ainda o detalhamento constante das ESPECIFICAÇÕES TÉCNICAS, da PROPOSTA COMERCIAL, da MATRIZ DE RISCOS e da TABELA DE PRODUTOS e SERVIÇOS.","14,60%",Serviço Único,"730.677,65","5.004.641,47",ELETROMOBILIDADE CURITIBA - LOTE OESTE
,16.721.366/0001-90,,,,,,"RHEIN SCHIRATO, MEIRELES SOCIEDADE DE ADVOGADOS",,,Não,,,"13,80%",,"690.640,52",,
,65.518.540/0001-07,,,,,,TYLIN BRAZIL LTDA,,,Não,,,"29,90%",,"1.496.387,80",,
,57.349.904/0001-44,,,,,,OFICINA - ENGENHEIROS CONSULTORES ASSOCIADOS LTDA.,,,Sim,,,"41,70%",,"2.086.935,49",,
https://www.bndes.gov.br/arquivos/contratos-administrativos/4400005876.zip,00.839.683/0001-75,54.823.426/0001-74,MUNICIPIO DE CURITIBA,Sim,CONSORCIO OFICINA-TYLIN-RHEIN-ADDAX,05/04/2024,ADDAX ASSESSORIA ECONOMICA E FINANCEIRA LTDA,Municipal,04/04/2026,Não,0110/2024,"A execução dos SERVIÇOS TÉCNICOS, o que inclui a elaboração de PRODUTOS e a prestação de SERVIÇOS ESPECIALIZADOS, necessários para apoiar o BNDES na estruturação do PROJETO, observado ainda o detalhamento constante das ESPECIFICAÇÕES TÉCNICAS, da PROPOSTA COMERCIAL, da MATRIZ DE RISCOS e da TABELA DE PRODUTOS e SERVIÇOS.","14,60%",Serviço Único,"730.677,65","5.004.641,47",ELETROMOBILIDADE CURITIBA - LOTE SUL
,16.721.366/0001-90,,,,,,"RHEIN SCHIRATO, MEIRELES SOCIEDADE DE ADVOGADOS",,,Não,,,"13,80%",,"690.640,52",,
,65.518.540/0001-07,,,,,,TYLIN BRAZIL LTDA,,,Não,,,"29,90%",,"1.496.387,80",,
,57.349.904/0001-44,,,,,,OFICINA - ENGENHEIROS CONSULTORES ASSOCIADOS LTDA.,,,Sim,,,"41,70%",,"2.086.935,49",,
https://www.bndes.gov.br/arquivos/contratos-administrativos/4400004557.zip,68.809.318/0001-51,37.652.388/0001-15,MINISTERIO DA FAZENDA,Não,CONSORCIO EY / TAUIL & CHEQUER,13/02/2020,TAUIL E CHEQUER ADVOGADOS,Federal,12/02/2023,Não,0046/2020,"Contratação de serviços técnicos necessários para a estruturação de projeto relativo à desestatização da Empresa Gestora de Ativos S.A. – EMGEA, denominado SERVIÇO A (precificação das carteiras de crédito, aprofundamento de análise para determinados créditos e imóveis, e avaliação econômico-financeira da EMGEA).","25,00%",Serviço A,"632.665,81","2.530.663,22",EMGEA
,59.527.788/0001-31,,,,,,ERNST & YOUNG ASSESSORIA EMPRESARIAL LTDA,,,Sim,,,"75,00%",,"1.897.997,42",,
https://www.bndes.gov.br/arquivos/contratos-administrativos/4400004574.zip,60.527.520/0001-89,36.700.008/0001-08,,Não,CONSORCIO RECUPERA,13/02/2020,"LOESER, BLANCHET E HADAD ADVOGADOS",,12/02/2023,Não,0047/2020,"Contratação de serviços técnicos necessários para a estruturação de projeto relativo à desestatização da Empresa Gestora de Ativos S.A. – EMGEA, denominado SERVIÇO B (precificação das carteiras de crédito, due diligence, avaliação dos recursos humanos, gestão e governança, e avaliação econômico-financeira da EMGEA).","10,66%",Serviço B,"172.203,23","1.615.414,94",
https://www.bndes.gov.br/arquivos/contratos-administrativos/4400004574.zip,02.646.397/0001-19,36.700.008/0001-08,,Não,CONSORCIO RECUPERA,13/02/2020,PRICEWATERHOUSECOOPERS SERVICOS PROFISSIONAIS LTDA.,,12/02/2023,Não,0047/2020,"Contratação de serviços técnicos necessários para a estruturação de projeto relativo à desestatização da Empresa Gestora de Ativos S.A. – EMGEA, denominado SERVIÇO B (precificação das carteiras de crédito, due diligence, avaliação dos recursos humanos, gestão e governança, e avaliação econômico-financeira da EMGEA).","3,22%",Serviço B,"52.016,36","1.615.414,94",
https://www.bndes.gov.br/arquivos/contratos-administrativos/4400004574.zip,61.562.112/0001-20,36.700.008/0001-08,,Não,CONSORCIO RECUPERA,13/02/2020,PRICEWATERHOUSECOOPERS AUDITORES INDEPENDENTES,,12/02/2023,Sim,0047/2020,"Contratação de serviços técnicos necessários para a estruturação de projeto relativo à desestatização da Empresa Gestora de Ativos S.A. – EMGEA, denominado SERVIÇO B (precificação das carteiras de crédito, due diligence, avaliação dos recursos humanos, gestão e governança, e avaliação econômico-financeira da EMGEA).","86,12%",Serviço B,"1.391.195,35","1.615.414,94",
https://www.bndes.gov.br/arquivos/contratos-administrativos/4400004575.zip,21.976.490/0001-36,37.783.443/0001-06,,Não,CONSORCIO XP-MADRONA,13/02/2020,MADRONA SOCIEDADE DE ADVOGADOS,,12/02/2023,Não,0048/2020,"Contratação de serviços técnicos necessários para a estruturação de projeto relativo à desestatização da Empresa Gestora de Ativos S.A. – EMGEA, denominado SERVIÇO C (proposição da modelagem de desestatização, execução da desestatização, bem como assessorias técnica e jurídica de natureza contínua).","50,00%",Serviço C,"492.110,98","984.221,96",
https://www.bndes.gov.br/arquivos/contratos-administrativos/4400004575.zip,30.822.339/0001-34,37.783.443/0001-06,,Não,CONSORCIO XP-MADRONA,13/02/2020,RIZA M&A ASSESSORIA EMPRESARIAL LTDA.,,12/02/2023,Sim,0048/2020,"Contratação de serviços técnicos necessários para a estruturação de projeto relativo à desestatização da Empresa Gestora de Ativos S.A. – EMGEA, denominado SERVIÇO C (proposição da modelagem de desestatização, execução da desestatização, bem como assessorias técnica e jurídica de natureza contínua).","50,00%",Serviço C,"492.110,98","984.221,96",
https://www.bndes.gov.br/arquivos/contratos-administrativos/4400004820.zip,09.285.766/0001-34,09.285.766/0001-34,,Não,MOREIRA ASSOCIADOS AUDITORES INDEPENDENTES S/S,31/01/2022,MOREIRA ASSOCIADOS AUDITORES INDEPENDENTES S/S,,30/01/2024,Não,0242/2021,"Serviços de auditoria externa independente para acompanhamento e a fiscalização de até 5 (cinco) processos de cessão de carteiras de créditos e imóveis de propriedade da Empresa Gestora de Ativos S.A. (“EMGEA”), no âmbito da desestatização da Companhia.","100,00%",Auditoria,"316.800,00","316.800,00",
https://www.bndes.gov.br/arquivos/contratos-administrativos/4400004772.zip,06.229.883/0001-92,44.212.171/0001-50,ESTADO DO ESPIRITO SANTO,Não,CONSORCIO GENIAL-GAS,18/10/2021,QUANTUM DO BRASIL LTDA,Estadual,17/10/2023,Não,0211/2021,"Prestação  dos serviços de Avaliação Econômico-Financeira, Due Diligence Jurídica, Due Diligence Contábil - Patrimonial, Diagnóstico Técnico Operacional, de Recursos Humanos e Socioambiental, Plano de Negócios, Modelagem da Desestatização e Outros Serviços Profissionais Especializados.","26,80%",Serviço B,"847.521,02","3.162.391,87",ES GÁS
,01.795.309/0001-88,,,,,,VEIRANO ADVOGADOS,,,Não,,,"23,20%",,"733.674,91",,
,45.246.410/0001-55,,,,,,BANCO GENIAL S.A.,,,Sim,,,"50,00%",,"1.581.195,94",,
https://www.bndes.gov.br/arquivos/contratos-administrativos/4400004838.zip,11.985.753/0001-10,45.105.975/0001-12,,Não,CONSORCIO BRLMDM ESGAS,19/01/2022,L.M.D.M. - CONSULTORIA EMPRESARIAL LTDA,,18/01/2024,Não,0259/2021,"processo seletivo para a contratação do Serviço A no âmbito do Projeto de Desestatização da Companhia de Gás do Estado do Espírito Santo (“ES GÁS”), com o objetivo de executar o serviço de Avaliação Econômico-Financeira","50,00%",Serviço A,"111.886,90","223.773,80",
https://www.bndes.gov.br/arquivos/contratos-administrativos/4400004838.zip,10.487.157/0001-47,45.105.975/0001-12,,Não,CONSORCIO BRLMDM ESGAS,19/01/2022,BR PARTNERS ASSESSORIA FINANCEIRA LTDA.,,18/01/2024,Sim,0259/2021,"processo seletivo para a contratação do Serviço A no âmbito do Projeto de Desestatização da Companhia de Gás do Estado do Espírito Santo (“ES GÁS”), com o objetivo de executar o serviço de Avaliação Econômico-Financeira","50,00%",Serviço A,"111.886,90","223.773,80",
https://www.bndes.gov.br/arquivos/contratos-administrativos/4400005163.zip,09.720.550/0001-50,48.544.026/0001-27,INSTITUTO CHICO MENDES DE CONSERVACAO DA BIODIVERSIDADE,Não,CONSORCIO PSA E CREDITOS DE CARBONO,02/09/2022,BIOFILICA AMBIPAR ENVIRONMENTAL INVESTMENTS S/A.,Federal,01/09/2024,Não,0216/2022,"Elaboração de estudo setorial e diagnóstico para proposição de arcabouços jurídico, regulatório, mercadológico e institucional, bem como definição de requisitos para análise de pré-viabilidade de concessão de ativos ambientais federais com receita oriunda de Pagamento por Serviço Ambiental (PSA), especialmente de crédito de carbono florestal.","50,00%",Serviço Único,"170.000,00","340.000,00",FEP CONCESSÃO PSA
,68.809.318/0001-51,,,,,,TAUIL E CHEQUER ADVOGADOS,,,Sim,,,"50,00%",,"170.000,00",,
https://www.bndes.gov.br/arquivos/contratos-administrativos/4400004761.zip,03.483.859/0001-97,44.271.208/0001-10,INSTITUTO BRASILEIRO DE MUSEUS - IBRAM,Não,CONSORCIO PARA O FUNDO PATRIMONIAL DO IBRAM,04/10/2021,INSTITUTO PARA O DESENVOLVIMENTO DO INVESTIMENTO SOCIAL - IDIS,Federal,01/07/2026,Não,0205/2021,"Elaboração de estudos técnicos e execução de serviços especializados necessários a execução da modelagem de fundo patrimonial desenvolvida pelo BNDES no âmbito do Acordo de Cooperação Técnica nº 20.2.0316.1, celebrado com o IBRAM – Instituto Brasileiro de Museus, conforme especificações constantes do Projeto Básico e da proposta apresentada pelo contratado.","31,10%",Serviço Único,"206.988,09","665.556,57",FEP FUNDO PATRIMONIAL DOS MUSEUS BRASILEIROS
,59.586.339/0001-64,,,,,,"POMPEU, LONGO & KIGNEL ADVOGADOS",,,Não,,,"33,00%",,"219.633,67",,
,05.029.938/0001-58,,,,,,LEVISKY NEGOCIOS & CULTURA LTDA,,,Sim,,,"35,90%",,"238.934,81",,
https://www.bndes.gov.br/arquivos/contratos-administrativos/4400005208.zip,02.807.315/0001-70,49.634.085/0001-59,MUNICIPIO DE RIO DE JANEIRO,Não,CONSORCIO CONEXAO RIO,07/03/2023,EBP BRASIL GESTAO AMBIENTAL LTDA,Municipal,06/05/2024,Não,0275/2022,Prestação dos serviços de elaboração de estudos técnicos e execução de serviços especializados necessários para apoiar o Projeto de desenvolvimento de uma visão de futuro para a região central da Cidade do Rio de Janeiro com foco nos ativos imobiliários públicos.,"18,95%",Serviço Único,"396.799,99","2.094.200,00",FEP IMÓVEIS RJ
,10.910.043/0001-68,,,,,,FINARQ - CONSULTORIA EM ARQUITETURA LTDA.,,,Não,,,"41,48%",,"868.725,01",,
,08.583.489/0001-83,,,,,,"PORTO MARINHO, CENARIOS, ESTRATEGIAS E TECNOLOGIA DA INFORMACAO LTDA",,,Não,,,"3,55%",,"74.250,01",,
,00.641.556/0001-67,,,,,,"VIEIRA, REZENDE E GUERREIRO ADVOGADOS",,,Não,,,"14,54%",,"304.425,00",,
,03.552.499/0001-38,,,,,,URBAN SYSTEMS BRASIL ESTUDOS DE MERCADO LTDA,,,Sim,,,"21,49%",,"450.000,00",,
https://www.bndes.gov.br/arquivos/contratos-administrativos/4400005908.zip,05.093.144/0001-53,55.548.638/0001-53,MINISTERIO DAS CIDADES,Não,BAIN/ LOGIT / TYLIN/ OFICINA/ MACHADO MEYER,10/05/2024,LOGIT ENGENHARIA CONSULTIVA LTDA,Federal,09/05/2028,Não,0151/2024,"Execução dos SERVIÇOS TÉCNICOS, o que inclui a elaboração das ENTREGAS e a prestação de SERVIÇOS ESPECIALIZADOS, necessários para apoiar o BNDES na realização do Estudo Nacional de Mobilidade Urbana: Desenvolvimento do Transporte Público de Média e Alta Capacidades nas principais Regiões Metropolitanas do país (ESTUDO NACIONAL ou PROJETO), observado ainda o detalhamento constante das ESPECIFICAÇÕES TÉCNICAS, da PROPOSTA COMERCIAL, da MATRIZ DE RISCOS e da TABELA DE PRODUTOS e SERVIÇOS.","16,16%",Serviço Único,"5.348.431,80","33.096.731,44",FEP MOBILIDADE URBANA
,03.706.936/0001-20,,,,,,MACHADO MEYER SENDACZ OPICE E ANDRADE ADVOGADOS,,,Não,,,"8,62%",,"2.852.938,25",,
,57.349.904/0001-44,,,,,,OFICINA - ENGENHEIROS CONSULTORES ASSOCIADOS LTDA.,,,Não,,,"18,86%",,"6.242.043,55",,
,65.518.540/0001-07,,,,,,TYLIN BRAZIL LTDA,,,Não,,,"16,16%",,"5.348.431,80",,
,02.194.588/0001-97,,,,,,BAIN BRASIL LTDA,,,Sim,,,"29,63%",,"9.806.561,53",,
https://www.bndes.gov.br/arquivos/contratos-administrativos/4400005050.zip,19.222.619/0001-79,48.441.241/0001-00,MINISTERIO DA FAZENDA,Sim,CONSORCIO REVIVE BRASIL,22/06/2022,"AMARAL, PAES DE ANDRADE E FIGUEIREDO ADVOGADOS",Federal,31/01/2027,Não,0124/2022,"Elaboração de estudos técnicos e execução de serviços especializados necessários a execução estudos técnicos e execução de serviços especializados de estruturação dos Projetos-Piloto do Programa Revive, conforme especificações constantes do Projeto Básico e da proposta apresentada pelo contratado.","10,60%",Serviço Único,"277.463,49","2.617.580,11",FEP REVIVE - ESTAÇÃO DIAMANTINA
,01.546.213/0001-86,,,,,,DAL POZZO ADVOGADOS,,,Não,,,"10,60%",,"277.463,49",,
,00.286.988/0001-05,,,,,,FACCIO ARQUITETURA S/S LTDA,,,Não,,,"35,10%",,"918.770,62",,
,30.711.044/0001-90,,,,,,INTEGRA PROJETOS E CONSULTORIA EMPRESARIAL LTDA,,,Sim,,,"43,70%",,"1.143.882,51",,
https://www.bndes.gov.br/arquivos/contratos-administrativos/4400005050.zip,19.222.619/0001-79,48.441.241/0001-00,MINISTERIO DA FAZENDA,Sim,CONSORCIO REVIVE BRASIL,22/06/2022,"AMARAL, PAES DE ANDRADE E FIGUEIREDO ADVOGADOS",Federal,31/01/2027,Não,0124/2022,"Elaboração de estudos técnicos e execução de serviços especializados necessários a execução estudos técnicos e execução de serviços especializados de estruturação dos Projetos-Piloto do Programa Revive, conforme especificações constantes do Projeto Básico e da proposta apresentada pelo contratado.","10,60%",Serviço Único,"277.463,49","2.617.580,11",FEP REVIVE - FORTE SANTA CRUZ
,01.546.213/0001-86,,,,,,DAL POZZO ADVOGADOS,,,Não,,,"10,60%",,"277.463,49",,
,00.286.988/0001-05,,,,,,FACCIO ARQUITETURA S/S LTDA,,,Não,,,"35,10%",,"918.770,62",,
,30.711.044/0001-90,,,,,,INTEGRA PROJETOS E CONSULTORIA EMPRESARIAL LTDA,,,Sim,,,"43,70%",,"1.143.882,51",,
https://www.bndes.gov.br/arquivos/contratos-administrativos/4400005050.zip,19.222.619/0001-79,48.441.241/0001-00,MINISTERIO DA FAZENDA,Sim,CONSORCIO REVIVE BRASIL,22/06/2022,"AMARAL, PAES DE ANDRADE E FIGUEIREDO ADVOGADOS",Federal,31/01/2027,Não,0124/2022,"Elaboração de estudos técnicos e execução de serviços especializados necessários a execução estudos técnicos e execução de serviços especializados de estruturação dos Projetos-Piloto do Programa Revive, conforme especificações constantes do Projeto Básico e da proposta apresentada pelo contratado.","10,60%",Serviço Único,"277.463,49","2.617.580,11",FEP REVIVE - PAU D ALHO
,01.546.213/0001-86,,,,,,DAL POZZO ADVOGADOS,,,Não,,,"10,60%",,"277.463,49",,
,00.286.988/0001-05,,,,,,FACCIO ARQUITETURA S/S LTDA,,,Não,,,"35,10%",,"918.770,62",,
,30.711.044/0001-90,,,,,,INTEGRA PROJETOS E CONSULTORIA EMPRESARIAL LTDA,,,Sim,,,"43,70%",,"1.143.882,51",,
https://www.bndes.gov.br/arquivos/contratos-administrativos/4400006200.zip,16.103.193/0001-46,58.634.266/0001-76,INSTITUTO DO PATRIMONIO HISTORICO E ARTISTICO NACIONAL,Não,CONSORCIO VALONGO PATRIMONIO VIVO,29/11/2024,AVENIDA SERVICOS JORNALISTICOS LTDA.,Federal,28/11/2027,Não,0412/2024,"Prestação de serviços técnicos necessários para a realização de estudos relativos ao Projeto de Estruturação do Distrito Cultural Pequena África, localizado no Centro do Município do Rio de Janeiro.","17,80%",Serviço Único,"645.958,95","3.628.982,86",FEP VALONGO
,51.752.477/0001-64,,,,,,CAIO LUCAS VALENCA COSTA BUARQUE SOCIEDADE INDIVIDUAL DE ADVOCACIA,,,Não,,,"8,80%",,"319.350,49",,
,59.388.702/0001-37,,,,,,MKR TECNOLOGIA E SERVICOS LTDA.,,,Não,,,"5,30%",,"192.336,09",,
,12.858.973/0001-45,,,,,,PIRES ADVOGADOS,,,Não,,,"16,90%",,"613.298,10",,
,31.687.326/0001-62,,,,,,URBIT SERVICOS DE INFORMATICA LTDA,,,Não,,,"8,80%",,"319.350,49",,
,28.498.811/0001-83,,,,,,VALLYA ADVISORS ASSESSORIA FINANCEIRA LTDA,,,Não,,,"10,50%",,"381.043,20",,
,05.599.497/0001-20,,,,,,JAIME LERNER ARQUITETOS ASSOCIADOS S/S,,,Sim,,,"31,90%",,"1.157.645,53",,
https://www.bndes.gov.br/arquivos/contratos-administrativos/4400004598.zip,66.865.965/0001-55,41.699.376/0001-13,"MINISTERIO DA AGRICULTURA, PECUARIA E ABASTECIMENTO",Não,FGV - STCP - MANESCO,25/01/2021,"MANESCO, RAMIRES, PEREZ, AZEVEDO MARQUES - SOCIEDADE DE ADVOGADOS.",Federal,24/01/2024,Não,0013/2021,"Contratação de serviços técnicos necessários para a estruturação de concessões florestais para a prática do manejo florestal e silvicultura de espécies nativas para exploração de produtos madeireiros, não madeireiros e serviços, de acordo com a Lei Federal nº 11.284/2006, conforme especificações constantes do Termo de Referência e da proposta apresentada pelo CONTRATADO.","19,40%",Serviço Único,"457.536,45","2.358.435,32",FLONAS DO SUL - BLOCO I - PR/SC (3)
,81.188.542/0001-31,,,,,,STCP ENGENHARIA DE PROJETOS LTDA,,,Não,,,"57,60%",,"1.358.458,74",,
,33.641.663/0001-44,,,,,,FUNDACAO GETULIO VARGAS,,,Sim,,,"23,00%",,"542.440,12",,
https://www.bndes.gov.br/arquivos/contratos-administrativos/4400004679.zip,21.400.545/0001-65,42.866.898/0001-25,"MINISTERIO DA AGRICULTURA, PECUARIA E ABASTECIMENTO",Sim,"CONSORCIO RADAR PPP,EVERGREEN INVESTIMENTOS E PORTUGAL RIBEIRO",16/07/2021,BRSF INVESTIMENTOS FLORESTAIS LTDA,Federal,15/07/2026,Não,0140/2021,"Serviços técnicos especializados necessários à estruturação de projetos de concessão florestal para a prática do manejo florestal sustentável para exploração de produtos madeireiros, não-madeireiros e serviços em 2 (duas) Florestas Públicas Federais.","31,97%",Serviço Único,"646.065,39","2.020.848,90",FLONAS NORTE - BALATA TUFARI (BL 2 LT 1)
,17.855.240/0001-70,,,,,,PORTUGAL RIBEIRO & JORDAO ADVOGADOS,,,Não,,,"25,00%",,"505.212,23",,
,20.159.727/0001-23,,,,,,RADAR PPP LTDA,,,Sim,,,"43,03%",,"869.571,28",,
https://www.bndes.gov.br/arquivos/contratos-administrativos/4400004680.zip,21.400.545/0001-65,42.866.898/0001-25,"MINISTERIO DA AGRICULTURA, PECUARIA E ABASTECIMENTO",Sim,"CONSORCIO RADAR PPP,EVERGREEN INVESTIMENTOS E PORTUGAL RIBEIRO",16/07/2021,BRSF INVESTIMENTOS FLORESTAIS LTDA,Federal,15/07/2026,Não,0141/2021,"Serviços técnicos especializados necessários à estruturação de projetos de concessão florestal para a prática do manejo florestal sustentável para exploração de produtos madeireiros, não-madeireiros e serviços em 3 (três) Florestas Públicas Federais.","27,50%",Serviço Único,"700.086,71","2.545.769,86",FLONAS NORTE - GLEBA CASTANHO (BL 2 LT 2)
,17.855.240/0001-70,,,,,,PORTUGAL RIBEIRO & JORDAO ADVOGADOS,,,Não,,,"27,50%",,"700.086,71",,
,20.159.727/0001-23,,,,,,RADAR PPP LTDA,,,Sim,,,"45,00%",,"1.145.596,44",,
https://www.bndes.gov.br/arquivos/contratos-administrativos/4400004679.zip,21.400.545/0001-65,42.866.898/0001-25,"MINISTERIO DA AGRICULTURA, PECUARIA E ABASTECIMENTO",Sim,"CONSORCIO RADAR PPP,EVERGREEN INVESTIMENTOS E PORTUGAL RIBEIRO",16/07/2021,BRSF INVESTIMENTOS FLORESTAIS LTDA,Federal,15/07/2026,Não,0140/2021,"Serviços técnicos especializados necessários à estruturação de projetos de concessão florestal para a prática do manejo florestal sustentável para exploração de produtos madeireiros, não-madeireiros e serviços em 2 (duas) Florestas Públicas Federais.","31,97%",Serviço Único,"646.065,39","2.020.848,90",FLONAS NORTE - IQUIRI (BL 2 LT 1)
,17.855.240/0001-70,,,,,,PORTUGAL RIBEIRO & JORDAO ADVOGADOS,,,Não,,,"25,00%",,"505.212,23",,
,20.159.727/0001-23,,,,,,RADAR PPP LTDA,,,Sim,,,"43,03%",,"869.571,28",,
https://www.bndes.gov.br/arquivos/contratos-administrativos/4400004680.zip,21.400.545/0001-65,42.866.898/0001-25,"MINISTERIO DA AGRICULTURA, PECUARIA E ABASTECIMENTO",Sim,"CONSORCIO RADAR PPP,EVERGREEN INVESTIMENTOS E PORTUGAL RIBEIRO",16/07/2021,BRSF INVESTIMENTOS FLORESTAIS LTDA,Federal,15/07/2026,Não,0141/2021,"Serviços técnicos especializados necessários à estruturação de projetos de concessão florestal para a prática do manejo florestal sustentável para exploração de produtos madeireiros, não-madeireiros e serviços em 3 (três) Florestas Públicas Federais.","27,50%",Serviço Único,"700.086,71","2.545.769,86",FLONAS NORTE - JATUARANA (UMF1)
,17.855.240/0001-70,,,,,,PORTUGAL RIBEIRO & JORDAO ADVOGADOS,,,Não,,,"27,50%",,"700.086,71",,
,20.159.727/0001-23,,,,,,RADAR PPP LTDA,,,Sim,,,"45,00%",,"1.145.596,44",,
https://www.bndes.gov.br/arquivos/contratos-administrativos/4400004680.zip,21.400.545/0001-65,42.866.898/0001-25,"MINISTERIO DA AGRICULTURA, PECUARIA E ABASTECIMENTO",Sim,"CONSORCIO RADAR PPP,EVERGREEN INVESTIMENTOS E PORTUGAL RIBEIRO",16/07/2021,BRSF INVESTIMENTOS FLORESTAIS LTDA,Federal,15/07/2026,Não,0141/2021,"Serviços técnicos especializados necessários à estruturação de projetos de concessão florestal para a prática do manejo florestal sustentável para exploração de produtos madeireiros, não-madeireiros e serviços em 3 (três) Florestas Públicas Federais.","27,50%",Serviço Único,"700.086,71","2.545.769,86",FLONAS NORTE - PAU ROSA (BL 2 LT 2)
,17.855.240/0001-70,,,,,,PORTUGAL RIBEIRO & JORDAO ADVOGADOS,,,Não,,,"27,50%",,"700.086,71",,
,20.159.727/0001-23,,,,,,RADAR PPP LTDA,,,Sim,,,"45,00%",,"1.145.596,44",,
https://www.bndes.gov.br/arquivos/contratos-administrativos/4400005647.zip,21.400.545/0001-65,42.866.898/0001-25,ESTADO DO AMAPA,Não,"CONSORCIO RADAR PPP,EVERGREEN INVESTIMENTOS E PORTUGAL RIBEIRO",01/11/2023,BRSF INVESTIMENTOS FLORESTAIS LTDA,Estadual,31/10/2026,Não,0282/2023,Prestação de serviços necessários para: estruturação de projetos visando à concessão florestal para a prática do manejo florestal sustentável voltada à exploração de produtos florestais madeireiros e não madeireiros e serviços florestais na Floresta Estadual do Amapá.,"59,40%",Serviço Único,"1.846.437,20","3.108.480,14",FLORESTA AMAPÁ
,17.855.240/0001-70,,,,,,PORTUGAL RIBEIRO & JORDAO ADVOGADOS,,,Não,,,"17,96%",,"558.283,03",,
,20.159.727/0001-23,,,,,,RADAR PPP LTDA,,,Sim,,,"22,64%",,"703.759,90",,
https://www.bndes.gov.br/arquivos/contratos-administrativos/4400004895.zip,26.288.600/0001-90,45.567.947/0001-17,INSTITUTO CHICO MENDES DE CONSERVACAO DA BIODIVERSIDADE,Sim,CONSORCIO UIRAPURU PARQUES BRASILEIROS,28/01/2022,PLANTAR IDEIAS LTDA,Federal,27/07/2025,Não,0304/2021,Estudos técnicos de apoio à estruturação de concessão para operação e manutenção de uma carteira de até 9 (nove) Projetos de Unidades de Conservação de Titularidade da União,"29,00%",Serviço Único,"724.028,38","2.496.649,58",FLORESTA NACIONAL DE IPANEMA - SP
,19.433.220/0001-37,,,,,,"QUEIROZ, MALUF SOCIEDADE DE ADVOGADOS",,,Não,,,"18,20%",,"454.390,22",,
,28.498.811/0001-83,,,,,,VALLYA ADVISORS ASSESSORIA FINANCEIRA LTDA,,,Não,,,"38,00%",,"948.726,84",,
,28.117.411/0001-80,,,,,,SPIN SOLUCOES PUBLICAS INTELIGENTES CONSULTORIA LTDA.,,,Sim,,,"14,80%",,"369.504,14",,
https://www.bndes.gov.br/arquivos/contratos-administrativos/4400006609.zip,21.400.545/0001-65,63.009.775/0001-48,INSTITUTO DE DESENVOLVIMENTO FLORESTAL E DA BIODIVERSIDADE DO ESTADO DO PARA,Sim,"CONSORCIO RADAR PPP, PORTUGAL RIBEIRO, EVERGREEN, EGF E IFT",26/09/2025,BRSF INVESTIMENTOS FLORESTAIS LTDA,Estadual,25/09/2028,Não,0334/2025,"Serviços técnicos necessários para a estruturação de concessão(ões) florestal(is) para a prática do manejo florestal sustentável para exploração de produtos florestais e serviços nas seguintes áreas das Florestas Estaduais do Pará, de acordo com o marco regulatório de concessões florestais vigente.","27,60%",Serviço Único,"799.848,00","2.898.000,00",FLORESTAS PARÁ - FLORESTA IRIRI
,27.943.614/0001-63,,,,,,EGF SERVICOS EM GESTAO DE FLORESTAS LTDA,,,Não,,,"12,10%",,"350.658,00",,
,05.388.409/0001-40,,,,,,INSTITUTO FLORESTA TROPICAL IFT,,,Não,,,"11,90%",,"344.862,00",,
,17.855.240/0001-70,,,,,,PORTUGAL RIBEIRO & JORDAO ADVOGADOS,,,Não,,,"20,40%",,"591.192,00",,
,20.159.727/0001-23,,,,,,RADAR PPP LTDA,,,Sim,,,"28,00%",,"811.440,00",,
https://www.bndes.gov.br/arquivos/contratos-administrativos/4400006609.zip,21.400.545/0001-65,63.009.775/0001-48,INSTITUTO DE DESENVOLVIMENTO FLORESTAL E DA BIODIVERSIDADE DO ESTADO DO PARA,Sim,"CONSORCIO RADAR PPP, PORTUGAL RIBEIRO, EVERGREEN, EGF E IFT",26/09/2025,BRSF INVESTIMENTOS FLORESTAIS LTDA,Estadual,25/09/2028,Não,0334/2025,"Serviços técnicos necessários para a estruturação de concessão(ões) florestal(is) para a prática do manejo florestal sustentável para exploração de produtos florestais e serviços nas seguintes áreas das Florestas Estaduais do Pará, de acordo com o marco regulatório de concessões florestais vigente.","27,60%",Serviço Único,"799.848,00","2.898.000,00",FLORESTAS PARÁ - FLORESTA PARU
,27.943.614/0001-63,,,,,,EGF SERVICOS EM GESTAO DE FLORESTAS LTDA,,,Não,,,"12,10%",,"350.658,00",,
,05.388.409/0001-40,,,,,,INSTITUTO FLORESTA TROPICAL IFT,,,Não,,,"11,90%",,"344.862,00",,
,17.855.240/0001-70,,,,,,PORTUGAL RIBEIRO & JORDAO ADVOGADOS,,,Não,,,"20,40%",,"591.192,00",,
,20.159.727/0001-23,,,,,,RADAR PPP LTDA,,,Sim,,,"28,00%",,"811.440,00",,
https://www.bndes.gov.br/arquivos/contratos-administrativos/4400005833.zip,33.160.102/0001-23,54.941.387/0001-00,ESTADO DE GOIAS,Não,CONSORCIO EY/ MANESCO/ ENCIBRA/ SANEARES-GOIAS,22/03/2024,ENCIBRA S A ESTUDOS E PROJETOS DE ENGENHARIA,Estadual,21/03/2027,Não,0084/2024,"Execução dos SERVIÇOS TÉCNICOS, o que inclui a elaboração de PRODUTOS e a prestação de SERVIÇOS ESPECIALIZADOS, necessários para apoiar o BNDES na estruturação do PROJETO, observado ainda o detalhamento constante das ESPECIFICAÇÕES TÉCNICAS, da PROPOSTA COMERCIAL, da MATRIZ DE RISCOS e da TABELA DE PRODUTOS, PREÇOS E PRAZOS DE ENTREGA.","11,72%",Serviço Único,"732.738,48","6.252.034,82",GOIÁS - SANEAMENTO
,66.865.965/0001-55,,,,,,"MANESCO, RAMIRES, PEREZ, AZEVEDO MARQUES - SOCIEDADE DE ADVOGADOS.",,,Não,,,"25,29%",,"1.581.139,61",,
,34.830.445/0001-10,,,,,,SANEARES - INFRAESTRUTURA E SANEAMENTO LTDA,,,Não,,,"21,38%",,"1.336.685,04",,
,59.527.788/0001-31,,,,,,ERNST & YOUNG ASSESSORIA EMPRESARIAL LTDA,,,Sim,,,"41,61%",,"2.601.471,69",,
https://www.bndes.gov.br/arquivos/contratos-administrativos/4400004601.zip,82.144.338/0001-81,41.647.691/0001-05,MUNICIPIO DE GUARULHOS,Não,CONSORCIO MODELAGEM HOSPITAL GUARULHOS,06/05/2021,ESTEL ENGENHARIA LTDA.,Municipal,05/05/2024,Não,0070/2021,"Contratação de serviços técnicos necessários para a estruturação de projeto relativo à Parceria Público-Privada (PPP), na modalidade Concessão Administrativa, para a construção, equipagem, operação e manutenção (com a prestação de serviços nas modalidades BATA BRANCA e BATA CINZA) do Novo Hospital Municipal da Criança e do Adolescente (NHMCA) no Município de Guarulhos, conforme especificações constantes do Termo de Referência e da proposta apresentada pelo CONTRATADO.","11,69%",Serviço Único,"313.014,74","2.677.628,24",GUARULHOS HOSPITAL
,14.171.693/0001-90,,,,,,MACIEL ROCHA SOCIEDADE DE ADVOGADOS,,,Não,,,"30,35%",,"812.660,17",,
,80.336.985/0001-60,,,,,,NBC - ARQUITETURA E CONSTRUCOES LTDA,,,Não,,,"11,69%",,"313.014,74",,
,22.111.570/0001-91,,,,,,HOUER CONSULTORIA E CONCESSOES LTDA,,,Sim,,,"46,27%",,"1.238.938,59",,
https://www.bndes.gov.br/arquivos/contratos-administrativos/4400006352.zip,11.717.392/0001-20,59.996.427/0001-34,AGENCIA NACIONAL DE TRANSPORTES AQUAVIARIOS,Não,CONSORCIO MACROINFRA,14/03/2025,ALMEIDA & FLEURY CONSULTORIA DE ECONOMIA S/S,Federal,13/03/2028,Não,0087/2025,"Execução dos SERVIÇOS TÉCNICOS, o que inclui a elaboração de PRODUTOS e a prestação de SERVIÇOS ESPECIALIZADOS, necessários para apoiar o BNDES na estruturação do PROJETO, observado ainda o detalhamento constante das ESPECIFICAÇÕES TÉCNICAS, da PROPOSTA COMERCIAL, da MATRIZ DE RISCOS e da TABELA DE PRODUTOS e SERVIÇOS.","7,18%",Serviço Único,"607.500,00","8.460.000,00",HIDROVIAS DOS RIOS TOCANTINS E TAPAJÓS
,03.706.936/0001-20,,,,,,MACHADO MEYER SENDACZ OPICE E ANDRADE ADVOGADOS,,,Não,,,"21,87%",,"1.850.000,00",,
,00.188.111/0001-73,,,,,,R PEOTTA ENGENHARIA E CONSULTORIA LTDA,,,Não,,,"59,10%",,"5.000.000,00",,
,29.325.566/0001-75,,,,,,MACROINFRA CONSULTORES SOCIEDADE SIMPLES LIMITADA,,,Sim,,,"11,85%",,"1.002.500,00",,
https://www.bndes.gov.br/arquivos/contratos-administrativos/4400005456.zip,61.074.555/0001-72,50.946.369/0001-60,MINISTERIO DA DEFESA,Não,CONSORCIO EY/DEMAREST,18/05/2023,"ALMEIDA, ROTENBERG E BOSCOLI - SOCIEDADE DE ADVOGADOS",Federal,17/05/2026,Não,0125/2023,"Prestação de serviços necessários a elaboração de estudos técnicos e execução de serviços especializados com vistas à desestatização de dois Ativos Imobiliários da União Federal, sob responsabilidade do COMAER, conforme especificações constantes do TERMO DE ESPECIFICAÇÕES TÉCNICAS (Projeto Básico) e da proposta apresentada pelo CONTRATADO na Solicitação de Proposta (RFP) Nº 092022 – BNDES,","39,00%",Serviço Único,"841.572,69","2.157.878,69",IMÓVEIS COMAER/FAB - BAST
,59.527.788/0001-31,,,,,,ERNST & YOUNG ASSESSORIA EMPRESARIAL LTDA,,,Sim,,,"61,00%",,"1.316.306,00",,
https://www.bndes.gov.br/arquivos/contratos-administrativos/4400006655.zip,61.074.555/0001-72,63.407.650/0001-76,COMPANHIA NACIONAL DE ABASTECIMENTO CONAB,Não,CONSORCIO VALORIZA CONAB,27/10/2025,"ALMEIDA, ROTENBERG E BOSCOLI - SOCIEDADE DE ADVOGADOS",Federal,26/10/2028,Não,0377/2025,"Execução dos serviços técnicos, o que inclui a elaboração de produtos e a prestação de serviços especializados, necessários para apoiar o BNDES na estruturação do Projeto de Estruturação Imobiliária com ativos da Companhia Nacional de Abastecimento – CONAB, observado ainda o detalhamento constante das Especificações Técnicas, da Proposta Comercial, da Matriz de Riscos e da Tabela de Produtos e Serviços.","31,24%",Serviço Único,"1.143.469,79","3.660.274,62",IMÓVEIS CONAB
,40.206.567/0001-33,,,,,,AVAL SERVICOS DE ENGENHARIA E CONSULTORIA LTDA,,,Não,,,"14,49%",,"530.373,79",,
,22.119.963/0001-41,,,,,,KAAN ARCHITECTEN - SERVICOS DE ARQUITETURA LTDA,,,Não,,,"19,46%",,"712.289,44",,
,05.097.487/0001-96,,,,,,CERES INTELIGENCIA FINANCEIRA LTDA,,,Sim,,,"34,81%",,"1.274.141,60",,
https://www.bndes.gov.br/arquivos/contratos-administrativos/4400006201.zip,03.706.936/0001-20,60.075.965/0001-75,COMANDO DO EXERCITO,Não,CONSORCIO FORTE HISTORICO,10/12/2024,MACHADO MEYER SENDACZ OPICE E ANDRADE ADVOGADOS,Federal,09/12/2027,Não,0414/2024,"Prestação de serviços técnicos para a estruturação e modelagem do projeto de valorização do patrimônio imobiliário do Museu Histórico do Exército / Forte de Copacabana, com vistas à exploração econômica de seus ativos imobiliários, por meio de concessão ou outra forma de transferência indicada pelos estudos que serão realizados.","18,29%",Serviço Único,"620.746,25","3.393.910,61",IMÓVEIS EXÉRCITO - FORTE DE COPACABANA
,50.108.260/0001-53,,,,,,ORBEN PROJETOS LTDA,,,Não,,,"15,29%",,"518.928,93",,
,71.740.294/0001-36,,,,,,UNA PARTNERS ECONOMIA E FINANCAS LTDA,,,Não,,,"16,99%",,"576.625,41",,
,42.289.272/0001-01,,,,,,INDIO DA COSTA ARQUITETURA LTDA.,,,Sim,,,"49,43%",,"1.677.610,01",,
https://www.bndes.gov.br/arquivos/contratos-administrativos/4400004621.zip,28.092.933/0001-75,42.500.250/0001-30,FURNAS - CENTRAIS ELETRICAS S.A.,Sim,CONSORCIO ELETRIZA,08/06/2021,ALVAREZ & MARSAL CONSULTORIA EM ENGENHARIA LTDA.,Federal,07/06/2024,Não,0083/2021,"Homologar o resultado final do processo de seleção da RFP nº 09/2020 AED-BNDES, sendo declarado como vencedor o Consórcio ELETRIZA, liderado pela empresa PATRINVEST INVESTIMENTO, ADMINISTRACAO DE PATRIMONIO, INTERMEDIACAO E SERVICOS LTDA, e integrado por ALVAREZ & MARSAL CONSULTORIA EM ENGENHARIA, CIX CAPITAL GESTÃO DE ATIVOS, TAUIL & CHEQUER ADVOGADOS, e APSIS CONSULTORIA EMPRESARIAL, pelo valor global ofertado de R$ 4.167.330,16 (quatro milhões cento e sessenta e sete mil trezentos e trinta reais e dezesseis centavos e autorizar a contratação do vencedor do processo de seleção da RFP nº 09/2020 AED-BNDES.","30,61%",Serviço Único,"1.319.059,89","4.309.244,97",IMÓVEIS FURNAS
,27.281.922/0001-70,,,,,,APSIS CONSULTORIA EMPRESARIAL LTDA,,,Não,,,"10,03%",,"432.217,27",,
,24.503.059/0001-60,,,,,,CIX CAPITAL GESTAO DE ATIVOS LTDA,,,Não,,,"10,20%",,"439.542,99",,
,68.809.318/0001-51,,,,,,TAUIL E CHEQUER ADVOGADOS,,,Não,,,"21,69%",,"934.675,23",,
,09.156.388/0001-99,,,,,,"PATRINVEST INVESTIMENTO, ADMINISTRACAO DE PATRIMONIO, INTERMEDIACAO E SERVICOS LTDA",,,Sim,,,"27,47%",,"1.183.749,59",,
https://www.bndes.gov.br/arquivos/contratos-administrativos/4400005960.zip,07.694.494/0001-09,57.430.739/0001-50,MUNICIPIO DO RECIFE,Não,CONSORCIO VIVA GUARARAPES,13/06/2024,ADVOCACIA GALDINO E REBELO,Municipal,12/06/2026,Não,0194/2024,"Execução dos SERVIÇOS TÉCNICOS, o que inclui a elaboração de PRODUTOS e a prestação de SERVIÇOS ESPECIALIZADOS, necessários para apoiar o BNDES na estruturação do PROJETO, observado ainda o detalhamento constante das ESPECIFICAÇÕES TÉCNICAS, da PROPOSTA COMERCIAL, da MATRIZ DE RISCOS e da TABELA DE PRODUTOS e SERVIÇOS.","8,31%",Serviço Único,"304.085,51","3.659.272,03",IMÓVEIS RECIFE - AV. GUARARAPES
,51.752.477/0001-64,,,,,,CAIO LUCAS VALENCA COSTA BUARQUE SOCIEDADE INDIVIDUAL DE ADVOCACIA,,,Não,,,"6,70%",,"245.171,23",,
,29.515.835/0001-66,,,,,,CAISNOVO COMUNICACAO ESTRATEGIA E CONTEUDO LTDA,,,Não,,,"7,65%",,"279.934,31",,
,55.217.980/0001-70,,,,,,FERNANDO FERREIRA DE ARAUJO SOUZA LTDA,,,Não,,,"1,00%",,"36.592,72",,
,12.858.973/0001-45,,,,,,PIRES ADVOGADOS,,,Não,,,"12,74%",,"466.191,26",,
,26.288.600/0001-90,,,,,,PLANTAR IDEIAS LTDA,,,Não,,,"15,54%",,"568.650,87",,
,31.687.326/0001-62,,,,,,URBIT SERVICOS DE INFORMATICA LTDA,,,Não,,,"8,24%",,"301.524,02",,
,28.498.811/0001-83,,,,,,VALLYA ADVISORS ASSESSORIA FINANCEIRA LTDA,,,Não,,,"14,67%",,"536.815,21",,
,05.599.497/0001-20,,,,,,JAIME LERNER ARQUITETOS ASSOCIADOS S/S,,,Sim,,,"25,15%",,"920.306,92",,
https://www.bndes.gov.br/arquivos/contratos-administrativos/4400005066.zip,28.092.933/0001-75,47.383.318/0001-62,ESTADO DO RIO GRANDE DO SUL,Não,DESMOBILIZA RS,21/11/2022,ALVAREZ & MARSAL CONSULTORIA EM ENGENHARIA LTDA.,Estadual,20/11/2027,Não,0151/2022,"Elaboração de estudos técnicos e execução de serviços especializados necessários para o desenvolvimento do Projeto de Desestatização de Ativos Imobiliários de Propriedade do Estado do Rio Grande do Sul, conforme especificações constantes do PROJETO BÁSICO e da proposta apresentada pelo CONTRATADO","18,40%",Serviço Único,"678.035,80","3.684.977,15",IMÓVEIS RS
,27.281.922/0001-70,,,,,,APSIS CONSULTORIA EMPRESARIAL LTDA,,,Não,,,"15,26%",,"562.327,51",,
,24.503.059/0001-60,,,,,,CIX CAPITAL GESTAO DE ATIVOS LTDA,,,Não,,,"14,48%",,"533.584,69",,
,45.762.077/0001-37,,,,,,MACHADO MEYER SENDACZ E OPICE ADVOGADOS,,,Não,,,"17,20%",,"633.816,07",,
,19.624.777/0001-55,,,,,,ZEBL ARQUITETURA LTDA,,,Não,,,"5,10%",,"187.933,83",,
,09.156.388/0001-99,,,,,,"PATRINVEST INVESTIMENTO, ADMINISTRACAO DE PATRIMONIO, INTERMEDIACAO E SERVICOS LTDA",,,Sim,,,"29,55%",,"1.088.910,75",,
https://www.bndes.gov.br/arquivos/contratos-administrativos/4400006120.zip,33.933.950/0001-28,62.192.510/0001-65,ESTADO DO RIO GRANDE DO SUL,Não,CONSORCIO RECAFF,07/10/2024,CAMERGE PREMIUM SOLUTION SERVICOS ADMINISTRATIVOS LTDA,Estadual,06/10/2027,Não,0330/2024,"Execução dos SERVIÇOS TÉCNICOS, o que inclui a elaboração de PRODUTOS e a prestação de SERVIÇOS ESPECIALIZADOS, necessários para apoiar o BNDES na estruturação do PROJETO, observado ainda o detalhamento constante das ESPECIFICAÇÕES TÉCNICAS, da PROPOSTA COMERCIAL, da MATRIZ DE RISCOS e da TABELA DE PRODUTOS e SERVIÇOS.","1,36%",Serviço Único,"50.172,98","3.689.189,96",IMÓVEIS RS - CAFF
,03.706.936/0001-20,,,,,,MACHADO MEYER SENDACZ OPICE E ANDRADE ADVOGADOS,,,Não,,,"22,74%",,"838.921,80",,
,09.156.388/0001-99,,,,,,"PATRINVEST INVESTIMENTO, ADMINISTRACAO DE PATRIMONIO, INTERMEDIACAO E SERVICOS LTDA",,,Não,,,"28,46%",,"1.049.943,46",,
,19.624.777/0001-55,,,,,,ZEBL ARQUITETURA LTDA,,,Não,,,"18,97%",,"699.839,34",,
,20.159.727/0001-23,,,,,,RADAR PPP LTDA,,,Sim,,,"28,46%",,"1.049.943,46",,
https://www.bndes.gov.br/arquivos/contratos-administrativos/4400004597.zip,26.728.657/0001-63,42.206.295/0001-05,ESTADO DO RIO GRANDE DO SUL,Não,CONSORCIO REVITALIZA,06/05/2021,380 VOLTS COMUNICACAO E PUBLICIDADE LTDA,Estadual,05/05/2024,Não,0072/2021,"Elaboração de estudos técnicos e execução de serviços especializados necessários para o desenvolvimento do Projeto de Estruturação Imobiliária de Revitalização do Cais Mauá, localizado no Município de Porto Alegre, de propriedade do Governo do Rio Grande do Sul.","12,23%",Serviço Único,"588.180,07","4.809.321,88",IMÓVEIS RS - CAIS MAUÁ
,27.281.922/0001-70,,,,,,APSIS CONSULTORIA EMPRESARIAL LTDA,,,Não,,,"2,64%",,"126.966,10",,
,02.550.302/0001-69,,,,,,CARUSO JR. ESTUDOS AMBIENTAIS & ENGENHARIA LTDA,,,Não,,,"8,00%",,"384.745,75",,
,38.884.680/0001-26,,,,,,DAL PIAN ARQUITETOS ASSOCIADOS LTDA,,,Não,,,"31,63%",,"1.521.188,51",,
,03.706.936/0001-20,,,,,,MACHADO MEYER SENDACZ OPICE E ANDRADE ADVOGADOS,,,Não,,,"12,12%",,"582.889,81",,
,20.159.727/0001-23,,,,,,RADAR PPP LTDA,,,Não,,,"12,62%",,"606.936,42",,
,19.624.777/0001-55,,,,,,ZEBL ARQUITETURA LTDA,,,Não,,,"2,35%",,"113.019,06",,
,09.156.388/0001-99,,,,,,"PATRINVEST INVESTIMENTO, ADMINISTRACAO DE PATRIMONIO, INTERMEDIACAO E SERVICOS LTDA",,,Sim,,,"18,41%",,"885.396,16",,
https://www.bndes.gov.br/arquivos/contratos-administrativos/4400006003.zip,13.187.608/0001-19,57.304.755/0001-05,ESTADO DO RIO GRANDE DO SUL,Não,CONSORCIO REQUALIFICACAO HORTO,11/07/2024,LEVY TREDLER ARQUITETURA E URBANISMO LTDA,Estadual,10/07/2027,Não,0226/2024,"Prestação de serviços técnicos de apoio, avaliação, estruturação e implementação do plano de Reabilitação Urbana da Região do Horto Florestal Padre Balduíno Rambo.","16,10%",Serviço Único,"641.644,07","3.985.366,88",IMÓVEIS RS - SÃO LEOPOLDO/SAPUCAIA
,66.865.965/0001-55,,,,,,"MANESCO, RAMIRES, PEREZ, AZEVEDO MARQUES - SOCIEDADE DE ADVOGADOS.",,,Não,,,"22,89%",,"912.250,48",,
,59.388.702/0001-37,,,,,,MKR TECNOLOGIA E SERVICOS LTDA.,,,Não,,,"17,07%",,"680.302,13",,
,71.740.294/0001-36,,,,,,UNA PARTNERS ECONOMIA E FINANCAS LTDA,,,Não,,,"14,05%",,"559.944,05",,
,26.288.600/0001-90,,,,,,PLANTAR IDEIAS LTDA,,,Sim,,,"29,89%",,"1.191.226,16",,
https://www.bndes.gov.br/arquivos/contratos-administrativos/4400006400.zip,26.288.600/0001-90,62.647.717/0001-87,UNIVERSIDADE FEDERAL DE PERNAMBUCO,Não,CONSORCIO VARZEA VIVA,22/04/2025,PLANTAR IDEIAS LTDA,Federal,21/04/2027,Não,0129/2025,"Execução dos SERVIÇOS TÉCNICOS, o que inclui a elaboração de PRODUTOS e a prestação de SERVIÇOS ESPECIALIZADOS, necessários para apoiar o BNDES na estruturação do PROJETO, observado ainda o detalhamento constante das ESPECIFICAÇÕES TÉCNICAS, da PROPOSTA COMERCIAL, da MATRIZ DE RISCOS e da TABELA DE PRODUTOS e SERVIÇOS.","36,17%",Serviço Único,"990.967,58","2.739.750,00",IMÓVEIS UFPE - EDIFÍCIO CELSO FURTADO
,03.552.499/0001-38,,,,,,URBAN SYSTEMS BRASIL ESTUDOS DE MERCADO LTDA,,,Não,,,"13,96%",,"382.469,10",,
,00.641.556/0001-67,,,,,,"VIEIRA, REZENDE E GUERREIRO ADVOGADOS",,,Não,,,"22,99%",,"629.868,53",,
,10.910.043/0001-68,,,,,,FINARQ - CONSULTORIA EM ARQUITETURA LTDA.,,,Sim,,,"26,87%",,"736.170,83",,
https://www.bndes.gov.br/arquivos/contratos-administrativos/4400005919.zip,61.074.555/0001-72,57.965.260/0001-19,FUNDACAO UNIVERSIDADE DE BRASILIA,Não,"EY, KAAN E DEMAREST",21/05/2024,"ALMEIDA, ROTENBERG E BOSCOLI - SOCIEDADE DE ADVOGADOS",Federal,20/05/2027,Não,0163/2024,"Execução dos SERVIÇOS TÉCNICOS, o que inclui a elaboração de PRODUTOS e a prestação de SERVIÇOS ESPECIALIZADOS, necessários para apoiar o BNDES na estruturação do PROJETO, observado ainda o detalhamento constante das ESPECIFICAÇÕES TÉCNICAS, da PROPOSTA COMERCIAL, da MATRIZ DE RISCOS e da TABELA DE PRODUTOS e SERVIÇOS.","33,95%",Serviço Único,"559.721,93","1.648.665,48",IMÓVEIS UNB
,22.119.963/0001-41,,,,,,KAAN ARCHITECTEN - SERVICOS DE ARQUITETURA LTDA,,,Não,,,"17,59%",,"290.000,26",,
,59.527.788/0001-31,,,,,,ERNST & YOUNG ASSESSORIA EMPRESARIAL LTDA,,,Sim,,,"48,46%",,"798.943,29",,
https://www.bndes.gov.br/arquivos/contratos-administrativos/4400006081.zip,40.206.567/0001-33,56.972.096/0001-04,MINISTERIO DAS RELACOES EXTERIORES,Não,CONSORCIO DESENVOLVE INFRA IMOBILIARIA,13/09/2024,AVAL SERVICOS DE ENGENHARIA E CONSULTORIA LTDA,Federal,12/03/2027,Não,0307/2024,"Contratação dos serviços necessários para a realização de estudos relativos ao projeto de estruturação imobiliário de concessão de ativos imobiliários do Itamaraty incluindo ou não serviços diversos prestados no Complexo do Palácio do Itamaraty, localizados no Município do Rio de Janeiro, de propriedade da União.","13,34%",Serviço Único,"323.564,63","2.425.522,00",IMÓVEL PALÁCIO DO ITAMARATY
,03.064.486/0001-10,,,,,,FERNANDES ARQUITETOS ASSOCIADOS SOCIEDADE SIMPLES LIMITADA,,,Não,,,"18,59%",,"450.904,54",,
,12.062.364/0001-85,,,,,,TAVERNARD SOCIEDADE DE ADVOGADOS,,,Não,,,"19,45%",,"471.764,03",,
,05.097.487/0001-96,,,,,,CERES INTELIGENCIA FINANCEIRA LTDA,,,Sim,,,"48,62%",,"1.179.288,80",,
https://www.bndes.gov.br/arquivos/contratos-administrativos/4400006420.zip,01.546.213/0001-86,60.896.978/0001-05,MINISTERIO DA SAUDE,Não,CONSORCIO PEZCO/KRAFT/DAL POZZO,05/05/2025,DAL POZZO ADVOGADOS,Federal,04/05/2028,Não,0147/2025,"Serviços técnicos especializados para apoio à estruturação de projeto de PPP para reforma, construção, equipagem, operação e manutenção, no setor de saúde (somente serviços não assistenciais), do Instituto Nacional de Câncer – INCA, localizado no município do Rio de Janeiro/RJ.","25,56%",Serviço Único,"853.775,57","3.340.280,00",INCA - INSTITUTO NACIONAL DO CÂNCER
,03.526.383/0001-24,,,,,,KRAFT ENGENHARIA E CONSTRUCOES LTDA,,,Não,,,"17,74%",,"592.565,67",,
,10.245.612/0001-06,,,,,,"PEZCO CONSULTORIA, EDITORA E DESENVOLVIMENTO LTDA",,,Sim,,,"56,70%",,"1.893.938,76",,
https://www.bndes.gov.br/arquivos/contratos-administrativos/4400006660.zip,08.201.319/0001-97,64.797.880/0001-51,MUNICIPIO DE BOA VISTA(RR),Sim,CONSORCIO EY/RHEIN SCHIRATO/HORIZONTES,21/10/2025,HORIZONTES ARQUITETURA E URBANISMO LTDA,Municipal,20/10/2028,Não,0368/2025,"Execução dos SERVIÇOS TÉCNICOS, o que inclui a elaboração de PRODUTOS e a prestação de SERVIÇOS ESPECIALIZADOS referentes à REGIÃO 1, necessários para apoiar o BNDES na estruturação do PROJETO, observado ainda o detalhamento constante das ESPECIFICAÇÕES TÉCNICAS, da PROPOSTA COMERCIAL, da MATRIZ DE RISCOS e da TABELA DE PRODUTOS e SERVIÇOS.","29,73%",Serviço Único,"6.615.532,43","22.252.043,15",INFRAESTRUTURA ESCOLAR BOA VISTA
,16.721.366/0001-90,,,,,,"RHEIN SCHIRATO, MEIRELES SOCIEDADE DE ADVOGADOS",,,Não,,,"15,72%",,"3.498.021,18",,
,59.527.788/0001-31,,,,,,ERNST & YOUNG ASSESSORIA EMPRESARIAL LTDA,,,Sim,,,"54,55%",,"12.138.489,54",,
https://www.bndes.gov.br/arquivos/contratos-administrativos/4400005321.zip,19.222.619/0001-79,50.051.987/0001-41,MUNICIPIO DE CAXIAS DO SUL,Não,CONSORCIO EDUCA MAIS CAXIAS,24/01/2023,"AMARAL, PAES DE ANDRADE E FIGUEIREDO ADVOGADOS",Municipal,23/01/2026,Não,0013/2023,"Prestação dos serviços necessários para apoiar a estruturação de projeto de parceria do Município de Caxias do Sul com a iniciativa privada, destinado à construção, reconstrução, gestão, operação, conservação e manutenção de unidades educacionais, a ser realizada pelo BNDES, conforme especificações constantes do TERMO DE ESPECIFICAÇÕES TÉCNICAS e da proposta apresentada pelo CONTRATADO na Solicitação de Proposta (RFP) nº 10/2022.","35,07%",Serviço Único,"590.343,12","1.683.327,98",INFRAESTRUTURA ESCOLAR CAXIAS DO SUL
,31.006.384/0001-83,,,,,,TNS ARQUITETURA E DESIGN LTDA,,,Não,,,"23,64%",,"397.938,73",,
,30.711.044/0001-90,,,,,,INTEGRA PROJETOS E CONSULTORIA EMPRESARIAL LTDA,,,Sim,,,"41,29%",,"695.046,12",,
https://www.bndes.gov.br/arquivos/contratos-administrativos/4400006502.zip,02.497.064/0001-75,60.954.391/0001-05,MUNICIPIO DE MACEIO,Sim,CONSORCIO MARA,20/06/2025,ACROPOLE ARQUITETURA LTDA,Municipal,19/06/2028,Não,0225/2025,"Contratação, na modalidade “guarda-chuva”, de consultores para a prestação de serviços técnicos necessários à estruturação e modelagem de projetos de Parceria Público-Privada (PPP) em educação básica (serviços não pedagógicos).","17,70%",Serviço Único,"2.964.565,20","16.748.955,93",INFRAESTRUTURA ESCOLAR MACEIÓ
,03.706.936/0001-20,,,,,,MACHADO MEYER SENDACZ OPICE E ANDRADE ADVOGADOS,,,Não,,,"21,75%",,"3.642.897,91",,
,20.159.727/0001-23,,,,,,RADAR PPP LTDA,,,Não,,,"21,75%",,"3.642.897,91",,
,28.092.933/0001-75,,,,,,ALVAREZ & MARSAL CONSULTORIA EM ENGENHARIA LTDA.,,,Sim,,,"38,80%",,"6.498.594,90",,
https://www.bndes.gov.br/arquivos/contratos-administrativos/4400005956.zip,44.239.135/0005-03,55.964.344/0001-02,ESTADO DE MINAS GERAIS,Não,CONSORCIO EY/MANESCO/EGIS,06/06/2024,EGIS - ENGENHARIA E CONSULTORIA LTDA.,Estadual,05/06/2027,Não,0189/2024,"Estudos técnicos necessários para a estruturação de Parceria Público-Privada (PPP) do Estado de Minas Gerais, visando à construção, reforma, conservação, operação, gestão e manutenção de até 123 (cento e vinte e três) unidades educacionais.","40,88%",Serviço Único,"2.816.207,36","6.888.961,26",INFRAESTRUTURA ESCOLAR MG
,66.865.965/0001-55,,,,,,"MANESCO, RAMIRES, PEREZ, AZEVEDO MARQUES - SOCIEDADE DE ADVOGADOS.",,,Não,,,"21,74%",,"1.497.660,18",,
,59.527.788/0001-31,,,,,,ERNST & YOUNG ASSESSORIA EMPRESARIAL LTDA,,,Sim,,,"37,37%",,"2.574.404,82",,
https://www.bndes.gov.br/arquivos/contratos-administrativos/4400006502.zip,02.497.064/0001-75,60.954.391/0001-05,MUNICIPIO DE NATAL,Sim,CONSORCIO MARA,20/06/2025,ACROPOLE ARQUITETURA LTDA,Municipal,19/06/2028,Não,0225/2025,"Contratação, na modalidade “guarda-chuva”, de consultores para a prestação de serviços técnicos necessários à estruturação e modelagem de projetos de Parceria Público-Privada (PPP) em educação básica (serviços não pedagógicos).","17,70%",Serviço Único,"2.964.565,20","16.748.955,93",INFRAESTRUTURA ESCOLAR NATAL
,03.706.936/0001-20,,,,,,MACHADO MEYER SENDACZ OPICE E ANDRADE ADVOGADOS,,,Não,,,"21,75%",,"3.642.897,91",,
,20.159.727/0001-23,,,,,,RADAR PPP LTDA,,,Não,,,"21,75%",,"3.642.897,91",,
,28.092.933/0001-75,,,,,,ALVAREZ & MARSAL CONSULTORIA EM ENGENHARIA LTDA.,,,Sim,,,"38,80%",,"6.498.594,90",,
https://www.bndes.gov.br/arquivos/contratos-administrativos/4400005377.zip,01.546.213/0001-86,50.651.590/0001-90,MUNICIPIO DE RIO DE JANEIRO,Não,CONSORCIO RIO FGV E DAL POZZO,12/04/2023,DAL POZZO ADVOGADOS,Municipal,11/04/2026,Não,0069/2023,"Prestação dos serviços necessários para apoiar a estruturação de projeto de parceria do Município do Rio de Janeiro com a iniciativa privada, na modalidade concessão administrativa, destinada à reconstrução, reforma, gestão, operação, conservação e manutenção de até 212 Unidades Educacionais (UEs), a ser realizada pelo BNDES.","25,00%",Serviço Único,"461.295,22","1.845.180,88",INFRAESTRUTURA ESCOLAR RJ
,33.641.663/0001-44,,,,,,FUNDACAO GETULIO VARGAS,,,Sim,,,"75,00%",,"1.383.885,66",,
https://www.bndes.gov.br/arquivos/contratos-administrativos/4400006694.zip,01.546.213/0001-86,33.641.663/0001-44,MUNICIPIO DE SANTA MARIA(RS),Sim,FUNDACAO GETULIO VARGAS,08/12/2025,DAL POZZO ADVOGADOS,Municipal,16/11/2028,Não,0399/2025,"A execução dos SERVIÇOS TÉCNICOS, o que inclui a elaboração de PRODUTOS e a prestação de SERVIÇOS ESPECIALIZADOS referentes à REGIÃO 4, necessários para apoiar o BNDES na estruturação do PROJETO, observado ainda o detalhamento constante das ESPECIFICAÇÕES TÉCNICAS, da PROPOSTA COMERCIAL, da MATRIZ DE RISCOS e da TABELA DE PRODUTOS e SERVIÇOS.","20,00%",Serviço Único,"3.171.819,35","15.859.096,75",INFRAESTRUTURA ESCOLAR SANTA MARIA
,00.286.988/0001-05,,,,,,FACCIO ARQUITETURA S/S LTDA,,,Não,,,"30,00%",,"4.757.729,03",,
,33.641.663/0001-44,,,,,,FUNDACAO GETULIO VARGAS,,,Sim,,,"50,00%",,"7.929.548,38",,
https://www.bndes.gov.br/arquivos/contratos-administrativos/4400004710.zip,01.546.213/0001-86,44.929.451/0001-83,ESTADO DE SAO PAULO,Sim,CONSORCIO FGV - DAL POZZO - FACCIO,24/08/2021,DAL POZZO ADVOGADOS,Estadual,23/02/2025,Não,0171/2021,"Prestação de serviços necessários para:I - a estruturação de projeto de parceria do Estado de São Paulo com a iniciativa privada destinada à construção, reconstrução, gestão, operação, conservação e manutenção de até 60 (sessenta) novas unidades escolares, por meio do regime de concessão administrativa, eII - a elaboração de modelo referencial para contratação pelo Estado de São Paulo, por meio de cogestão, de serviços não pedagógicos necessários à manutenção e operação de até 35 escolas já existentes na rede de ensino, nos termos da Lei Federal 8.666/1993 ou de Lei que vier a substitui-la.","17,00%",Serviço Único,"456.875,72","2.687.504,26",INFRAESTRUTURA ESCOLAR SP - LOTE LESTE
,00.286.988/0001-05,,,,,,FACCIO ARQUITETURA S/S LTDA,,,Não,,,"32,00%",,"860.001,36",,
,33.641.663/0001-44,,,,,,FUNDACAO GETULIO VARGAS,,,Sim,,,"51,00%",,"1.370.627,17",,
https://www.bndes.gov.br/arquivos/contratos-administrativos/4400004710.zip,01.546.213/0001-86,44.929.451/0001-83,ESTADO DE SAO PAULO,Sim,CONSORCIO FGV - DAL POZZO - FACCIO,24/08/2021,DAL POZZO ADVOGADOS,Estadual,23/02/2025,Não,0171/2021,"Prestação de serviços necessários para:I - a estruturação de projeto de parceria do Estado de São Paulo com a iniciativa privada destinada à construção, reconstrução, gestão, operação, conservação e manutenção de até 60 (sessenta) novas unidades escolares, por meio do regime de concessão administrativa, eII - a elaboração de modelo referencial para contratação pelo Estado de São Paulo, por meio de cogestão, de serviços não pedagógicos necessários à manutenção e operação de até 35 escolas já existentes na rede de ensino, nos termos da Lei Federal 8.666/1993 ou de Lei que vier a substitui-la.","17,00%",Serviço Único,"456.875,72","2.687.504,26",INFRAESTRUTURA ESCOLAR SP - LOTE OESTE
,00.286.988/0001-05,,,,,,FACCIO ARQUITETURA S/S LTDA,,,Não,,,"32,00%",,"860.001,36",,
,33.641.663/0001-44,,,,,,FUNDACAO GETULIO VARGAS,,,Sim,,,"51,00%",,"1.370.627,17",,
https://www.bndes.gov.br/arquivos/contratos-administrativos/4400003494.zip,05.097.487/0001-96,31.762.111/0001-69,MINISTERIO DO DESENVOLVIMENTO REGIONAL,Sim,CONSORCIO MODELAGEM PISF - E/M&P/C,30/10/2018,CERES INTELIGENCIA FINANCEIRA LTDA,Federal,29/10/2022,Não,0425/2018,"Contratação de serviços técnicos necessários para a modelagem de empreendimento com vistas à prestação do SERVIÇO DE ADUÇÃO DE ÁGUA BRUTA, podendo incluir a disponibilização de infraestrutura, no âmbito do Projeto de Integração do Rio São Francisco com Bacias Hidrográficas do Nordeste Setentrional - PISF","21,54%",Serviço Único,"1.401.019,61","6.504.269,29",INTEGRAÇÃO RIO SÃO FRANCISCO - PISF
,19.453.651/0001-65,,,,,,MOYSES & PIRES SOCIEDADE DE ADVOGADOS,,,Não,,,"16,64%",,"1.082.310,41",,
,62.025.440/0001-50,,,,,,ENGECORPS ENGENHARIA S/A,,,Sim,,,"61,82%",,"4.020.939,28",,
https://www.bndes.gov.br/arquivos/contratos-administrativos/4400005545.zip,05.097.487/0001-96,51.399.753/0001-52,,Não,CONSORCIO ENGECORPS - MOYSES & PIRES - CERES,10/07/2023,CERES INTELIGENCIA FINANCEIRA LTDA,,09/10/2026,Não,0190/2023,"contratação de serviços técnicos consultivos necessários à estruturação de projeto de concessão do serviço de adução de água bruta, podendo incluir a disponibilização de infraestrutura, no âmbito do Projeto de Integração do Rio São Francisco com Bacias Hidrográficas do Nordeste Setentrional - PISF, conforme especificações constantes do TERMO DE ESPECIFICAÇÕES TÉCNICAS","33,77%",Serviço Único,"1.659.803,84","4.915.024,71",
https://www.bndes.gov.br/arquivos/contratos-administrativos/4400005545.zip,19.453.651/0001-65,51.399.753/0001-52,,Não,CONSORCIO ENGECORPS - MOYSES & PIRES - CERES,10/07/2023,MOYSES & PIRES SOCIEDADE DE ADVOGADOS,,09/10/2026,Não,0190/2023,"contratação de serviços técnicos consultivos necessários à estruturação de projeto de concessão do serviço de adução de água bruta, podendo incluir a disponibilização de infraestrutura, no âmbito do Projeto de Integração do Rio São Francisco com Bacias Hidrográficas do Nordeste Setentrional - PISF, conforme especificações constantes do TERMO DE ESPECIFICAÇÕES TÉCNICAS","9,81%",Serviço Único,"482.163,92","4.915.024,71",
https://www.bndes.gov.br/arquivos/contratos-administrativos/4400005545.zip,62.025.440/0001-50,51.399.753/0001-52,,Não,CONSORCIO ENGECORPS - MOYSES & PIRES - CERES,10/07/2023,ENGECORPS ENGENHARIA S/A,,09/10/2026,Sim,0190/2023,"contratação de serviços técnicos consultivos necessários à estruturação de projeto de concessão do serviço de adução de água bruta, podendo incluir a disponibilização de infraestrutura, no âmbito do Projeto de Integração do Rio São Francisco com Bacias Hidrográficas do Nordeste Setentrional - PISF, conforme especificações constantes do TERMO DE ESPECIFICAÇÕES TÉCNICAS","56,42%",Serviço Único,"2.773.056,94","4.915.024,71",
https://www.bndes.gov.br/arquivos/contratos-administrativos/4400004539.zip,18.865.283/0001-08,37.413.124/0001-09,MUNICIPIO DE JABOATAO DOS GUARARAPES,Sim,CONSORCIO HOUER/ M VIANA IP400,04/06/2020,VIANA CASTRO ADVOGADOS,Municipal,03/10/2024,Não,0127/2020,"Contratação de serviços técnicos necessários para a estruturação de projeto(s) de Parceria Público-Privada (PPP) relativo(s) à modernização, eficientização, expansão, operação e manutenção da infraestrutura de rede(s) municipal(is) de ILUMINAÇÃO PÚBLICA que tenha(m) até 400.000 (quatrocentos mil) pontos de luz.","20,00%",Serviço Único,"1.639.959,07","8.199.795,36",JABOATÃO IP
,22.111.570/0001-91,,,,,,HOUER CONSULTORIA E CONCESSOES LTDA,,,Sim,,,"80,00%",,"6.559.836,29",,
https://www.bndes.gov.br/arquivos/contratos-administrativos/4400004456.zip,19.453.651/0001-65,39.345.591/0001-74,MUNICIPIO DE JOINVILLE,Sim,CONSORCIO ACCENTURE E M&P SOCIEDADE DE ADVOGADOS,04/06/2020,MOYSES & PIRES SOCIEDADE DE ADVOGADOS,Municipal,03/06/2025,Não,0126/2020,"Contratação de serviços técnicos necessários para a estruturação de projeto(s) de Parceria Público-Privada (PPP) relativo(s) à modernização, eficientização, expansão, operação e manutenção da infraestrutura de rede(s) municipal(is) de ILUMINAÇÃO PÚBLICA que tenha(m) até 400.000 (quatrocentos mil) pontos de luz.","25,00%",Serviço Único,"2.153.197,02","8.612.788,06",JOINVILLE IP
,96.534.094/0001-58,,,,,,ACCENTURE DO BRASIL LTDA,,,Sim,,,"75,00%",,"6.459.591,05",,
https://www.bndes.gov.br/arquivos/contratos-administrativos/4400002435.zip,11.837.885/0001-02,27.116.666/0001-66,MINISTERIO DA FAZENDA,Não,CONSORCIO EY/MOYSES & PIRES/ZANCAN,22/02/2017,L.L.ZANCAN SOCIEDADE DE ADVOGADOS,Federal,21/06/2020,Não,0055/2017,"Contratação de serviços técnicos especializados necessários à execução do processo de desestatização do serviço público de loteria instantânea exclusiva – LOTEX, e da Caixa Instantânea S.A., denominados SERVIÇO B.","16,60%",Serviço B,"676.163,66","4.073.275,06",LOTEX (ANTIGO)
,19.453.651/0001-65,,,,,,MOYSES & PIRES SOCIEDADE DE ADVOGADOS,,,Não,,,"24,69%",,"1.005.691,61",,
,59.527.788/0001-31,,,,,,ERNST & YOUNG ASSESSORIA EMPRESARIAL LTDA,,,Sim,,,"58,71%",,"2.391.419,79",,
https://www.bndes.gov.br/arquivos/contratos-administrativos/4400002446.zip,08.580.575/0001-32,08.580.575/0001-32,,Não,BAKER TILLY BRASIL GESTAO               EMPRESARIAL LTDA,22/02/2017,BAKER TILLY BRASIL GESTAO EMPRESARIAL LTDA,,21/08/2018,Não,0050/2017,"Contratação de serviços técnicos especializados necessários à execução do processo de desestatização do serviço público de loteria instantânea exclusiva – LOTEX, e da Caixa Instantânea S.A., denominados SERVIÇO A.","100,00%",Serviço A,"190.000,00","190.000,00",
https://www.bndes.gov.br/arquivos/contratos-administrativos/4400002932.zip,09.346.601/0001-25,09.346.601/0001-25,,Não,"B3 S.A. - BRASIL, BOLSA, BALCAO",18/12/2017,"B3 S.A. - BRASIL, BOLSA, BALCAO",,16/12/2020,Não,0493/2017,CONTRATACAO_B3 - DESESTATIZAÇÃO LOTEX,"100,00%",Leilão,"649.746,97","649.746,97",
https://www.bndes.gov.br/arquivos/contratos-administrativos/4400003179.zip,02.520.543/0001-65,29.995.532/0001-98,MUNICIPIO DE MACAPA,Não,CONSORCIO IPB   ILUMINACAO PUBLICA      BRASIL,16/04/2018,"CESCON, BARRIEU, FLESCH & BARRETO SOCIEDADE DE ADVOGADOS",Municipal,29/09/2021,Não,0144/2018,Contratação de serviços técnicos especializados necessários à estruturação de projeto de Parceria Público-Privada (PPP) para a prestação dos serviços de iluminação pública no Município de Macapá/AP,"26,00%",Serviço Único,"453.685,28","1.744.943,37",MACAPÁ IP
,05.362.336/0001-18,,,,,,GODOY E ASSOCIADOS ILUMINACAO LTDA,,,Não,,,"9,00%",,"157.044,90",,
,13.525.747/0001-05,,,,,,KMR ENERGIA E MEIO AMBIENTE LTDA,,,Não,,,"14,00%",,"244.292,07",,
,38.894.804/0001-54,,,,,,NUCLEO ENGENHARIA CONSULTIVA S.A.,,,Não,,,"5,00%",,"87.247,17",,
,02.646.397/0001-19,,,,,,PRICEWATERHOUSECOOPERS SERVICOS PROFISSIONAIS LTDA.,,,Não,,,"34,00%",,"593.280,75",,
,05.487.514/0001-37,,,,,,PRICEWATERHOUSECOOPERS CORPORATE FINANCE & RECOVERY LTDA,,,Sim,,,"12,00%",,"209.393,20",,
https://www.bndes.gov.br/arquivos/contratos-administrativos/4400005840.zip,33.160.102/0001-23,54.941.312/0001-29,ESTADO DO MARANHAO,Não,CONSORCIO EY/ MANESCO/ ENCIBRA/ SANEARES-MARANHAO,22/03/2024,ENCIBRA S A ESTUDOS E PROJETOS DE ENGENHARIA,Estadual,21/09/2028,Não,0086/2024,"Execução dos SERVIÇOS TÉCNICOS, o que inclui a elaboração de PRODUTOS e a prestação de SERVIÇOS ESPECIALIZADOS, necessários para apoiar o BNDES na estruturação do PROJETO, observado ainda o detalhamento constante das ESPECIFICAÇÕES TÉCNICAS, da PROPOSTA COMERCIAL, da MATRIZ DE RISCOS e da TABELA DE PRODUTOS, PREÇOS E PRAZOS DE ENTREGA.","13,78%",Serviço Único,"788.805,46","5.724.277,66",MARANHÃO - SANEAMENTO
,66.865.965/0001-55,,,,,,"MANESCO, RAMIRES, PEREZ, AZEVEDO MARQUES - SOCIEDADE DE ADVOGADOS.",,,Não,,,"25,05%",,"1.433.931,55",,
,34.830.445/0001-10,,,,,,SANEARES - INFRAESTRUTURA E SANEAMENTO LTDA,,,Não,,,"21,50%",,"1.230.719,70",,
,59.527.788/0001-31,,,,,,ERNST & YOUNG ASSESSORIA EMPRESARIAL LTDA,,,Sim,,,"39,67%",,"2.270.820,95",,
https://www.bndes.gov.br/arquivos/contratos-administrativos/4400005881.zip,00.839.683/0001-75,55.769.361/0001-99,ESTADO DO PARANA,Não,CONSORCIO TYLIN OFICINA RHEIN ADDAX SETEC,10/04/2024,ADDAX ASSESSORIA ECONOMICA E FINANCEIRA LTDA,Estadual,09/04/2026,Não,0119/2024,"Execução dos SERVIÇOS TÉCNICOS, o que inclui a elaboração de PRODUTOS e a prestação de SERVIÇOS ESPECIALIZADOS, necessários para apoiar o BNDES na estruturação do PROJETO, observado ainda o detalhamento constante das ESPECIFICAÇÕES TÉCNICAS, da PROPOSTA COMERCIAL, da MATRIZ DE RISCOS e da TABELA DE PRODUTOS e SERVIÇOS.","10,00%",Serviço Único,"573.716,40","5.737.163,97",MOBILIDADE PARANÁ
,57.349.904/0001-44,,,,,,OFICINA - ENGENHEIROS CONSULTORES ASSOCIADOS LTDA.,,,Não,,,"21,80%",,"1.250.701,75",,
,16.721.366/0001-90,,,,,,"RHEIN SCHIRATO, MEIRELES SOCIEDADE DE ADVOGADOS",,,Não,,,"9,00%",,"516.344,76",,
,01.483.360/0001-54,,,,,,SETEC HIDROBRASILEIRA OBRAS E PROJETOS LTDA,,,Não,,,"11,00%",,"631.088,04",,
,65.518.540/0001-07,,,,,,TYLIN BRAZIL LTDA,,,Sim,,,"48,20%",,"2.765.313,03",,
https://www.bndes.gov.br/arquivos/contratos-administrativos/4400003040.zip,09.628.460/0001-33,09.628.460/0001-33,ESTADO DE MATO GROSSO DO SUL,Não,KROLL BRASIL LTDA.,16/07/2018,KROLL BRASIL LTDA.,Estadual,15/07/2022,Não,0024/2018,Contratação de serviços relativos à estruturação e implementação da desestatização da Companhia de Gás do Estado de Mato Grosso do Sul – MSGás e de solução mais adequada para a continuidade da prestação do serviço de distribuição de gás natural.,"100,00%",Serviço A,"100.146,03","100.146,03",MS GÁS
https://www.bndes.gov.br/arquivos/contratos-administrativos/4400003442.zip,02.520.543/0001-65,29.918.847/0001-31,,Não,CONSORCIO FATOR/LMDM/VGP/SC,16/07/2018,"CESCON, BARRIEU, FLESCH & BARRETO SOCIEDADE DE ADVOGADOS",,15/07/2022,Não,0119/2018,"Contratação de serviços relativos à estruturação e implementação da desestatização da Companhia de Gás do Estado de Mato Grosso do Sul – MSGás, e de solução mais adequada para a continuidade da prestação do serviço de distribuição de gás natural.","15,00%",Serviço B,"544.604,61","3.630.697,43",
https://www.bndes.gov.br/arquivos/contratos-administrativos/4400003442.zip,11.985.753/0001-10,29.918.847/0001-31,,Não,CONSORCIO FATOR/LMDM/VGP/SC,16/07/2018,L.M.D.M. - CONSULTORIA EMPRESARIAL LTDA,,15/07/2022,Não,0119/2018,"Contratação de serviços relativos à estruturação e implementação da desestatização da Companhia de Gás do Estado de Mato Grosso do Sul – MSGás, e de solução mais adequada para a continuidade da prestação do serviço de distribuição de gás natural.","20,00%",Serviço B,"726.139,49","3.630.697,43",
https://www.bndes.gov.br/arquivos/contratos-administrativos/4400003442.zip,04.000.948/0001-06,29.918.847/0001-31,,Não,CONSORCIO FATOR/LMDM/VGP/SC,16/07/2018,"VERNALHA, PEREIRA ADVOGADOS",,15/07/2022,Não,0119/2018,"Contratação de serviços relativos à estruturação e implementação da desestatização da Companhia de Gás do Estado de Mato Grosso do Sul – MSGás, e de solução mais adequada para a continuidade da prestação do serviço de distribuição de gás natural.","15,00%",Serviço B,"544.604,61","3.630.697,43",
https://www.bndes.gov.br/arquivos/contratos-administrativos/4400003442.zip,33.644.196/0001-06,29.918.847/0001-31,,Não,CONSORCIO FATOR/LMDM/VGP/SC,16/07/2018,BANCO FATOR S/A,,15/07/2022,Sim,0119/2018,"Contratação de serviços relativos à estruturação e implementação da desestatização da Companhia de Gás do Estado de Mato Grosso do Sul – MSGás, e de solução mais adequada para a continuidade da prestação do serviço de distribuição de gás natural.","50,00%",Serviço B,"1.815.348,72","3.630.697,43",
https://www.bndes.gov.br/arquivos/contratos-administrativos/4400005933.zip,06.229.883/0001-92,55.683.425/0001-34,ESTADO DE MATO GROSSO DO SUL,Não,CONSORCIO GAS FATOR QUANTUM & TAUIL,24/05/2024,QUANTUM DO BRASIL LTDA,Estadual,23/05/2027,Não,0170/2024,"Execução dos SERVIÇOS TÉCNICOS, o que inclui a elaboração de PRODUTOS e a prestação de SERVIÇOS CONTÍNUOS, necessários para apoiar o BNDES na estruturação do PROJETO, observado ainda o detalhamento constante das ESPECIFICAÇÕES TÉCNICAS, da PROPOSTA COMERCIAL, da MATRIZ DE RISCOS e da TABELA DE PRODUTOS e SERVIÇOS.","49,57%",Serviço Único,"1.182.080,46","2.384.669,08",MS GÁS - RENOVAÇÃO
,68.809.318/0001-51,,,,,,TAUIL E CHEQUER ADVOGADOS,,,Não,,,"28,60%",,"682.015,36",,
,33.644.196/0001-06,,,,,,BANCO FATOR S/A,,,Sim,,,"21,83%",,"520.573,26",,
https://www.bndes.gov.br/arquivos/contratos-administrativos/4400005173.zip,14.171.693/0001-90,48.670.676/0001-19,COMANDO DA MARINHA,Não,"CONSORCIO MARINHA, CULTURA E PATRIMONIO",27/09/2022,MACIEL ROCHA SOCIEDADE DE ADVOGADOS,Federal,08/02/2024,Não,0235/2022,"Prestação de serviços necessários a elaboração de estudos técnicos e execução de serviços especializados com vistas à concessão do futuro Museu Marítimo do Brasil, no âmbito do Programa de Parcerias de Investimentos (PPI), conforme especificações constantes do TERMO DE ESPECIFICAÇÕES TÉCNICAS (Projeto Básico) e da proposta apresentada pelo CONTRATADO.","23,10%",Serviço Único,"440.070,07","1.905.065,25",MUSEU MARÍTIMO DO BRASIL
,13.581.734/0001-53,,,,,,MARE NOSTRUM INTELIGENCIA CORPORATIVA LTDA,,,Não,,,"7,61%",,"144.975,47",,
,28.498.811/0001-83,,,,,,VALLYA ADVISORS ASSESSORIA FINANCEIRA LTDA,,,Não,,,"18,37%",,"349.960,49",,
,15.369.394/0001-27,,,,,,NATUREZA URBANA PLANEJAMENTO INTEGRADO LTDA,,,Sim,,,"50,92%",,"970.059,21",,
https://www.bndes.gov.br/arquivos/contratos-administrativos/4400003503.zip,18.578.135/0001-02,31.810.693/0001-01,MUNICIPIO DE NATAL,Não,CONSORCIO HOUER / RSI / MRP ADV / VIANA GUIMARAES,01/11/2018,HOUER ENGENHARIA LTDA,Municipal,10/08/2020,Não,0422/2018,"Contratação de serviços técnicos necessários para a estruturação de projeto(s) de Parceria Público-Privada (PPP) relativo(s) à modernização, eficientização, expansão, operação e manutenção da infraestrutura de rede(s) municipal(is) de ILUMINAÇÃO PÚBLICA que tenha(m) até 200.000 (duzentos mil) pontos de luz.","35,00%",Serviço Único,"1.126.574,18","3.218.783,38",NATAL IP
,00.068.223/0001-90,,,,,,MIRANDA RODRIGUEZ E PALAVERI ADVOGADOS,,,Não,,,"25,00%",,"804.695,85",,
,18.865.283/0001-08,,,,,,VIANA CASTRO ADVOGADOS,,,Não,,,"10,00%",,"321.878,34",,
,22.111.570/0001-91,,,,,,HOUER CONSULTORIA E CONCESSOES LTDA,,,Sim,,,"30,00%",,"965.635,01",,
https://www.bndes.gov.br/arquivos/contratos-administrativos/4400004322.zip,19.493.096/0001-03,19.493.096/0001-03,MINISTERIO DE MINAS E ENERGIA,Não,BERKAN ASSESSORIA E CONSULTORIA EMPRESARIAL LTDA.,10/08/2020,BERKAN ASSESSORIA E CONSULTORIA EMPRESARIAL LTDA.,Federal,09/08/2023,Não,0174/2020,"Contratação de serviços técnicos especializados necessários à desestatização da NUCLEBRÁS EQUIPAMENTOS PESADOS S.A. - NUCLEP, denominado SERVIÇO A.","100,00%",Serviço A,"119.990,00","119.990,00",NUCLEP
https://www.bndes.gov.br/arquivos/contratos-administrativos/4400004365.zip,05.215.691/0001-64,38.249.093/0001-65,,Não,CONSORCIO CRH NUCLEP,10/08/2020,IRKO HIRASHIMA ASSOCIADOS LTDA,,09/08/2023,Não,0175/2020,"Contratação de serviços técnicos especializados necessários à desestatização da NUCLEBRÁS EQUIPAMENTOS PESADOS S.A. - NUCLEP, denominado SERVIÇO B.","12,12%",Serviço B,"335.146,90","2.765.238,42",
https://www.bndes.gov.br/arquivos/contratos-administrativos/4400004365.zip,71.258.032/0001-30,38.249.093/0001-65,,Não,CONSORCIO CRH NUCLEP,10/08/2020,"ROLIM, VIOTTI & LEITE CAMPOS ADVOGADOS",,09/08/2023,Não,0175/2020,"Contratação de serviços técnicos especializados necessários à desestatização da NUCLEBRÁS EQUIPAMENTOS PESADOS S.A. - NUCLEP, denominado SERVIÇO B.","27,20%",Serviço B,"752.144,85","2.765.238,42",
https://www.bndes.gov.br/arquivos/contratos-administrativos/4400004365.zip,05.097.487/0001-96,38.249.093/0001-65,,Não,CONSORCIO CRH NUCLEP,10/08/2020,CERES INTELIGENCIA FINANCEIRA LTDA,,09/08/2023,Sim,0175/2020,"Contratação de serviços técnicos especializados necessários à desestatização da NUCLEBRÁS EQUIPAMENTOS PESADOS S.A. - NUCLEP, denominado SERVIÇO B.","60,68%",Serviço B,"1.677.946,67","2.765.238,42",
https://www.bndes.gov.br/arquivos/contratos-administrativos/4400005543.zip,33.160.102/0001-23,51.662.733/0001-22,ESTADO DO PARA,Sim,CONSORCIO EY/MANESCO/ENCIBRA/SANEARES,14/07/2023,ENCIBRA S A ESTUDOS E PROJETOS DE ENGENHARIA,Estadual,13/07/2026,Não,0186/2023,"Prestação dos serviços técnico-consultivos necessários para apoiar a estruturação de projeto de desestatização, mediante participação da iniciativa privada, tendo por escopo a prestação de serviços públicos de abastecimento de água e de esgotamento sanitário em todos os municípios localizados no Estado do Pará, a ser realizada pelo BNDES, conforme especificações constantes do TERMO DE ESPECIFICAÇÕES TÉCNICAS e da proposta apresentada pelo CONTRATADO na Solicitação de Proposta (RFP) nº 003/2023.","25,93%",Serviço Único,"1.849.968,95","7.134.473,39",PARÁ - SANEAMENTO (BLOCO C)
,66.865.965/0001-55,,,,,,"MANESCO, RAMIRES, PEREZ, AZEVEDO MARQUES - SOCIEDADE DE ADVOGADOS.",,,Não,,,"24,96%",,"1.780.764,56",,
,34.830.445/0001-10,,,,,,SANEARES - INFRAESTRUTURA E SANEAMENTO LTDA,,,Não,,,"17,59%",,"1.254.953,87",,
,59.527.788/0001-31,,,,,,ERNST & YOUNG ASSESSORIA EMPRESARIAL LTDA,,,Sim,,,"31,52%",,"2.248.786,01",,
https://www.bndes.gov.br/arquivos/contratos-administrativos/4400005543.zip,33.160.102/0001-23,51.662.733/0001-22,ESTADO DO PARA,Sim,CONSORCIO EY/MANESCO/ENCIBRA/SANEARES,14/07/2023,ENCIBRA S A ESTUDOS E PROJETOS DE ENGENHARIA,Estadual,13/07/2026,Não,0186/2023,"Prestação dos serviços técnico-consultivos necessários para apoiar a estruturação de projeto de desestatização, mediante participação da iniciativa privada, tendo por escopo a prestação de serviços públicos de abastecimento de água e de esgotamento sanitário em todos os municípios localizados no Estado do Pará, a ser realizada pelo BNDES, conforme especificações constantes do TERMO DE ESPECIFICAÇÕES TÉCNICAS e da proposta apresentada pelo CONTRATADO na Solicitação de Proposta (RFP) nº 003/2023.","25,93%",Serviço Único,"1.849.968,95","7.134.473,39","PARÁ - SANEAMENTO (BLOCOS A, B, D)"
,66.865.965/0001-55,,,,,,"MANESCO, RAMIRES, PEREZ, AZEVEDO MARQUES - SOCIEDADE DE ADVOGADOS.",,,Não,,,"24,96%",,"1.780.764,56",,
,34.830.445/0001-10,,,,,,SANEARES - INFRAESTRUTURA E SANEAMENTO LTDA,,,Não,,,"17,59%",,"1.254.953,87",,
,59.527.788/0001-31,,,,,,ERNST & YOUNG ASSESSORIA EMPRESARIAL LTDA,,,Sim,,,"31,52%",,"2.248.786,01",,
https://www.bndes.gov.br/arquivos/contratos-administrativos/4400004746.zip,33.160.102/0001-23,44.411.624/0001-77,ESTADO DA PARAIBA,Não,CONSORCIO EY/FELSBERG/ENCIBRA/SANEARES,27/09/2021,ENCIBRA S A ESTUDOS E PROJETOS DE ENGENHARIA,Estadual,26/03/2026,Não,0197/2021,"Contratação de estudos técnicos de apoio, avaliação, estruturação e implementação para projeto de estruturação de parceria privada (“Estudos”) para a prestação dos serviços públicos de abastecimento de água e esgotamento sanitário, visando a universalização, bem como serviços de gestão operacional (“Serviços de Saneamento”), em até 93 municípios do Estado da Paraíba.","1,99%",Serviço Único,"160.175,18","8.049.004,27",PARAÍBA - SANEAMENTO
,34.830.445/0001-10,,,,,,SANEARES - INFRAESTRUTURA E SANEAMENTO LTDA,,,Não,,,"39,81%",,"3.204.308,60",,
,59.527.788/0001-31,,,,,,ERNST & YOUNG ASSESSORIA EMPRESARIAL LTDA,,,Sim,,,"33,46%",,"2.693.196,83",,
,52.566.122/0001-43,,,,,,FELSBERG E PEDRETTI ADVOGADOS E CONSULTORES LEGAIS,,,Sim,,,"24,73%",,"1.990.518,76",,
https://www.bndes.gov.br/arquivos/contratos-administrativos/4400005964.zip,40.050.737/0001-33,55.909.440/0001-58,INSTITUTO CHICO MENDES DE CONSERVACAO DA BIODIVERSIDADE,Sim,CONSORCIO PARQUES BRASILEIROS,17/06/2024,PARCERIAS BRL CONSULTORES ASSOCIADOS,Federal,16/06/2029,Não,0198/2024,"Execução dos SERVIÇOS TÉCNICOS, o que inclui a elaboração de PRODUTOS e a prestação de SERVIÇOS ESPECIALIZADOS, necessários para apoiar o BNDES na estruturação de projetos de concessão e demais arranjos de parcerias entre os setores público e privado voltadas para os serviços de uso público e visitação em parques, observado ainda o detalhamento constante das ESPECIFICAÇÕES TÉCNICAS, da PROPOSTA COMERCIAL, da MATRIZ DE RISCOS e da TABELA DE PRODUTOS e SERVIÇOS, respeitado o limite de até 15 (quinze) ativos, conforme definição e detalhamento constantes das ESPECIFICAÇÕES TÉCNICAS.","17,00%",Serviço Único,"2.621.574,74","15.421.027,90",PARNA IGUAÇU PASSEIO TERRESTRE/EMBARCADO
,34.858.094/0001-56,,,,,,SPALDING E SERTORI ADVOGADOS,,,Não,,,"17,00%",,"2.621.574,74",,
,03.552.499/0001-38,,,,,,URBAN SYSTEMS BRASIL ESTUDOS DE MERCADO LTDA,,,Não,,,"17,00%",,"2.621.574,74",,
,15.369.394/0001-27,,,,,,NATUREZA URBANA PLANEJAMENTO INTEGRADO LTDA,,,Sim,,,"49,00%",,"7.556.303,67",,
https://www.bndes.gov.br/arquivos/contratos-administrativos/4400005964.zip,40.050.737/0001-33,55.909.440/0001-58,INSTITUTO CHICO MENDES DE CONSERVACAO DA BIODIVERSIDADE,Sim,CONSORCIO PARQUES BRASILEIROS,17/06/2024,PARCERIAS BRL CONSULTORES ASSOCIADOS,Federal,16/06/2029,Não,0198/2024,"Execução dos SERVIÇOS TÉCNICOS, o que inclui a elaboração de PRODUTOS e a prestação de SERVIÇOS ESPECIALIZADOS, necessários para apoiar o BNDES na estruturação de projetos de concessão e demais arranjos de parcerias entre os setores público e privado voltadas para os serviços de uso público e visitação em parques, observado ainda o detalhamento constante das ESPECIFICAÇÕES TÉCNICAS, da PROPOSTA COMERCIAL, da MATRIZ DE RISCOS e da TABELA DE PRODUTOS e SERVIÇOS, respeitado o limite de até 15 (quinze) ativos, conforme definição e detalhamento constantes das ESPECIFICAÇÕES TÉCNICAS.","17,00%",Serviço Único,"2.621.574,74","15.421.027,90",PARNA MARINHO FERNANDO DE NORONHA
,34.858.094/0001-56,,,,,,SPALDING E SERTORI ADVOGADOS,,,Não,,,"17,00%",,"2.621.574,74",,
,03.552.499/0001-38,,,,,,URBAN SYSTEMS BRASIL ESTUDOS DE MERCADO LTDA,,,Não,,,"17,00%",,"2.621.574,74",,
,15.369.394/0001-27,,,,,,NATUREZA URBANA PLANEJAMENTO INTEGRADO LTDA,,,Sim,,,"49,00%",,"7.556.303,67",,
https://www.bndes.gov.br/arquivos/contratos-administrativos/4400004895.zip,26.288.600/0001-90,45.567.947/0001-17,INSTITUTO CHICO MENDES DE CONSERVACAO DA BIODIVERSIDADE,Sim,CONSORCIO UIRAPURU PARQUES BRASILEIROS,28/01/2022,PLANTAR IDEIAS LTDA,Federal,27/07/2025,Não,0304/2021,Estudos técnicos de apoio à estruturação de concessão para operação e manutenção de uma carteira de até 9 (nove) Projetos de Unidades de Conservação de Titularidade da União,"29,00%",Serviço Único,"724.028,38","2.496.649,58",PARQUE E FLORESTA NACIONAL DE BRASÍLIA (2)
,19.433.220/0001-37,,,,,,"QUEIROZ, MALUF SOCIEDADE DE ADVOGADOS",,,Não,,,"18,20%",,"454.390,22",,
,28.498.811/0001-83,,,,,,VALLYA ADVISORS ASSESSORIA FINANCEIRA LTDA,,,Não,,,"38,00%",,"948.726,84",,
,28.117.411/0001-80,,,,,,SPIN SOLUCOES PUBLICAS INTELIGENTES CONSULTORIA LTDA.,,,Sim,,,"14,80%",,"369.504,14",,
https://www.bndes.gov.br/arquivos/contratos-administrativos/4400005964.zip,40.050.737/0001-33,55.909.440/0001-58,,Sim,CONSORCIO PARQUES BRASILEIROS,17/06/2024,PARCERIAS BRL CONSULTORES ASSOCIADOS,,16/06/2029,Não,0198/2024,"Execução dos SERVIÇOS TÉCNICOS, o que inclui a elaboração de PRODUTOS e a prestação de SERVIÇOS ESPECIALIZADOS, necessários para apoiar o BNDES na estruturação de projetos de concessão e demais arranjos de parcerias entre os setores público e privado voltadas para os serviços de uso público e visitação em parques, observado ainda o detalhamento constante das ESPECIFICAÇÕES TÉCNICAS, da PROPOSTA COMERCIAL, da MATRIZ DE RISCOS e da TABELA DE PRODUTOS e SERVIÇOS, respeitado o limite de até 15 (quinze) ativos, conforme definição e detalhamento constantes das ESPECIFICAÇÕES TÉCNICAS.","17,00%",Serviço Único,"2.621.574,74","15.421.027,90",
https://www.bndes.gov.br/arquivos/contratos-administrativos/4400005964.zip,34.858.094/0001-56,55.909.440/0001-58,,Sim,CONSORCIO PARQUES BRASILEIROS,17/06/2024,SPALDING E SERTORI ADVOGADOS,,16/06/2029,Não,0198/2024,"Execução dos SERVIÇOS TÉCNICOS, o que inclui a elaboração de PRODUTOS e a prestação de SERVIÇOS ESPECIALIZADOS, necessários para apoiar o BNDES na estruturação de projetos de concessão e demais arranjos de parcerias entre os setores público e privado voltadas para os serviços de uso público e visitação em parques, observado ainda o detalhamento constante das ESPECIFICAÇÕES TÉCNICAS, da PROPOSTA COMERCIAL, da MATRIZ DE RISCOS e da TABELA DE PRODUTOS e SERVIÇOS, respeitado o limite de até 15 (quinze) ativos, conforme definição e detalhamento constantes das ESPECIFICAÇÕES TÉCNICAS.","17,00%",Serviço Único,"2.621.574,74","15.421.027,90",
https://www.bndes.gov.br/arquivos/contratos-administrativos/4400005964.zip,03.552.499/0001-38,55.909.440/0001-58,,Sim,CONSORCIO PARQUES BRASILEIROS,17/06/2024,URBAN SYSTEMS BRASIL ESTUDOS DE MERCADO LTDA,,16/06/2029,Não,0198/2024,"Execução dos SERVIÇOS TÉCNICOS, o que inclui a elaboração de PRODUTOS e a prestação de SERVIÇOS ESPECIALIZADOS, necessários para apoiar o BNDES na estruturação de projetos de concessão e demais arranjos de parcerias entre os setores público e privado voltadas para os serviços de uso público e visitação em parques, observado ainda o detalhamento constante das ESPECIFICAÇÕES TÉCNICAS, da PROPOSTA COMERCIAL, da MATRIZ DE RISCOS e da TABELA DE PRODUTOS e SERVIÇOS, respeitado o limite de até 15 (quinze) ativos, conforme definição e detalhamento constantes das ESPECIFICAÇÕES TÉCNICAS.","17,00%",Serviço Único,"2.621.574,74","15.421.027,90",
https://www.bndes.gov.br/arquivos/contratos-administrativos/4400005964.zip,15.369.394/0001-27,55.909.440/0001-58,,Sim,CONSORCIO PARQUES BRASILEIROS,17/06/2024,NATUREZA URBANA PLANEJAMENTO INTEGRADO LTDA,,16/06/2029,Sim,0198/2024,"Execução dos SERVIÇOS TÉCNICOS, o que inclui a elaboração de PRODUTOS e a prestação de SERVIÇOS ESPECIALIZADOS, necessários para apoiar o BNDES na estruturação de projetos de concessão e demais arranjos de parcerias entre os setores público e privado voltadas para os serviços de uso público e visitação em parques, observado ainda o detalhamento constante das ESPECIFICAÇÕES TÉCNICAS, da PROPOSTA COMERCIAL, da MATRIZ DE RISCOS e da TABELA DE PRODUTOS e SERVIÇOS, respeitado o limite de até 15 (quinze) ativos, conforme definição e detalhamento constantes das ESPECIFICAÇÕES TÉCNICAS.","49,00%",Serviço Único,"7.556.303,67","15.421.027,90",
https://www.bndes.gov.br/arquivos/contratos-administrativos/4400004895.zip,26.288.600/0001-90,45.567.947/0001-17,INSTITUTO CHICO MENDES DE CONSERVACAO DA BIODIVERSIDADE,Sim,CONSORCIO UIRAPURU PARQUES BRASILEIROS,28/01/2022,PLANTAR IDEIAS LTDA,Federal,27/07/2025,Não,0304/2021,Estudos técnicos de apoio à estruturação de concessão para operação e manutenção de uma carteira de até 9 (nove) Projetos de Unidades de Conservação de Titularidade da União,"29,00%",Serviço Único,"724.028,38","2.496.649,58",PARQUE NACIONAL DA SERRA DOS ÓRGÃOS
,19.433.220/0001-37,,,,,,"QUEIROZ, MALUF SOCIEDADE DE ADVOGADOS",,,Não,,,"18,20%",,"454.390,22",,
,28.498.811/0001-83,,,,,,VALLYA ADVISORS ASSESSORIA FINANCEIRA LTDA,,,Não,,,"38,00%",,"948.726,84",,
,28.117.411/0001-80,,,,,,SPIN SOLUCOES PUBLICAS INTELIGENTES CONSULTORIA LTDA.,,,Sim,,,"14,80%",,"369.504,14",,
https://www.bndes.gov.br/arquivos/contratos-administrativos/4400004368.zip,65.174.088/0001-03,38.330.382/0001-94,INSTITUTO CHICO MENDES DE CONSERVACAO DA BIODIVERSIDADE,Não,CONSORCIO IGUACU,12/08/2020,AZEVEDO SETTE ADVOGADOS,Federal,11/08/2022,Não,0154/2020,"SERVIÇOS TÉCNICOS necessários para a estruturação de PROJETO visando à concessão da prestação dos serviços públicos de apoio à visitação, revitalização, modernização, operação e manutenção dos serviços turísticos no PARQUE NACIONAL DO IGUAÇU, prevendo o custeio de ações de apoio à conservação, proteção e gestão do parque, buscando promover a ampliação e inovação no escopo de serviços e atrativos disponibilizados ao visitante.","20,00%",Serviço Único,"278.506,16","1.392.530,82",PARQUE NACIONAL DO IGUAÇU
,15.369.394/0001-27,,,,,,NATUREZA URBANA PLANEJAMENTO INTEGRADO LTDA,,,Não,,,"50,60%",,"704.620,59",,
,14.629.882/0001-63,,,,,,BF CAPITAL ASSESSORIA EM OPERACOES FINANCEIRAS LTDA.,,,Sim,,,"29,40%",,"409.404,06",,
https://www.bndes.gov.br/arquivos/contratos-administrativos/4400004563.zip,00.881.736/0001-16,41.054.691/0001-93,ESTADO DO AMAZONAS,Sim,CONSORCIO PARQUES DO NORTE E CENTRO-OESTE,08/01/2021,BCMF ARQUITETURA E ENGENHARIA LTDA,Estadual,07/07/2022,Não,0005/2021,"Prestação de serviços necessários à estruturação de concessões de serviços públicos ou de uso de bem relativos aos Parques de Sumaúma e Rio Negro Setor Norte (AM), Serra de Caldas Novas, Altamiro de Moura Pacheco e Terra Ronca (GO), Várzeas do Rio Ivinhema, Nascentes do Rio Taquari, Prosa, Nações Indígenas e Monumento Natural Gruta do Lago Azul (MS) nos termos da RFP nº 06/2020 – AGOV/BNDES abrangendo o apoio à visitação, revitalização, modernização, operação e manutenção dos serviços turísticos nos mesmos, prevendo o custeio de ações de apoio à conservação, proteção e gestão dos referidos parques e buscando promover a ampliação e inovação no escopo de serviços e atrativos disponibilizados ao visitante, possibilitando assim a melhoria contínua na qualidade dos serviços oferecidos.","37,00%",Serviço Único,"1.153.379,62","3.117.242,21",PARQUES AM
,66.865.965/0001-55,,,,,,"MANESCO, RAMIRES, PEREZ, AZEVEDO MARQUES - SOCIEDADE DE ADVOGADOS.",,,Não,,,"26,00%",,"810.482,97",,
,22.524.415/0001-05,,,,,,SYSTEMICA INTELIGENCIA EM SUSTENTABILIDADE SA,,,Não,,,"19,00%",,"592.276,02",,
,10.417.179/0001-30,,,,,,PLANTUC - CONSULTORIA SOCIOAMBIENTAL LTDA,,,Sim,,,"18,00%",,"561.103,60",,
https://www.bndes.gov.br/arquivos/contratos-administrativos/4400004603.zip,26.288.600/0001-90,41.738.065/0001-16,ESTADO DA BAHIA,Sim,CONSORCIO PITIGUARI - PARQUES BRASILEIROS,07/01/2021,PLANTAR IDEIAS LTDA,Estadual,06/07/2023,Não,0003/2021,"Serviços necessários à estruturação de concessões de serviços públicos ou de uso de bem público relativos aos Parques Estaduais das Sete Passagens, da Serra do Conduru, Parque Metropolitano de Pituaçu, Parque Zoobotânico Getúlio Vargas e Parque Municipal de São Bartolomeu (BA), Parques Estaduais de Dois Irmãos e Mata da Pimenteira (PE), do Jalapão e do Cantão (TO) nos termos da RFP nº 08/2020 – AGOV/BNDES, abrangendo o apoio à visitação, revitalização, modernização, operação e manutenção dos serviços turísticos nos mesmos, prevendo o custeio de ações de apoio à conservação, proteção e gestão dos referidos parques e buscando promover a ampliação e inovação no escopo de serviços e atrativos disponibilizados ao visitante, possibilitando assim a melhoria contínua na qualidade dos serviços oferecidos.","33,82%",Serviço Único,"1.211.290,03","3.581.579,03",PARQUES BA - 7 PASSAGENS
,19.433.220/0001-37,,,,,,"QUEIROZ, MALUF SOCIEDADE DE ADVOGADOS",,,Não,,,"19,64%",,"703.422,12",,
,28.498.811/0001-83,,,,,,VALLYA ADVISORS ASSESSORIA FINANCEIRA LTDA,,,Não,,,"26,18%",,"937.657,39",,
,28.117.411/0001-80,,,,,,SPIN SOLUCOES PUBLICAS INTELIGENTES CONSULTORIA LTDA.,,,Sim,,,"20,36%",,"729.209,49",,
https://www.bndes.gov.br/arquivos/contratos-administrativos/4400004603.zip,26.288.600/0001-90,41.738.065/0001-16,ESTADO DA BAHIA,Sim,CONSORCIO PITIGUARI - PARQUES BRASILEIROS,07/01/2021,PLANTAR IDEIAS LTDA,Estadual,06/07/2023,Não,0003/2021,"Serviços necessários à estruturação de concessões de serviços públicos ou de uso de bem público relativos aos Parques Estaduais das Sete Passagens, da Serra do Conduru, Parque Metropolitano de Pituaçu, Parque Zoobotânico Getúlio Vargas e Parque Municipal de São Bartolomeu (BA), Parques Estaduais de Dois Irmãos e Mata da Pimenteira (PE), do Jalapão e do Cantão (TO) nos termos da RFP nº 08/2020 – AGOV/BNDES, abrangendo o apoio à visitação, revitalização, modernização, operação e manutenção dos serviços turísticos nos mesmos, prevendo o custeio de ações de apoio à conservação, proteção e gestão dos referidos parques e buscando promover a ampliação e inovação no escopo de serviços e atrativos disponibilizados ao visitante, possibilitando assim a melhoria contínua na qualidade dos serviços oferecidos.","33,82%",Serviço Único,"1.211.290,03","3.581.579,03",PARQUES BA - CONDURU
,19.433.220/0001-37,,,,,,"QUEIROZ, MALUF SOCIEDADE DE ADVOGADOS",,,Não,,,"19,64%",,"703.422,12",,
,28.498.811/0001-83,,,,,,VALLYA ADVISORS ASSESSORIA FINANCEIRA LTDA,,,Não,,,"26,18%",,"937.657,39",,
,28.117.411/0001-80,,,,,,SPIN SOLUCOES PUBLICAS INTELIGENTES CONSULTORIA LTDA.,,,Sim,,,"20,36%",,"729.209,49",,
https://www.bndes.gov.br/arquivos/contratos-administrativos/4400004603.zip,26.288.600/0001-90,41.738.065/0001-16,ESTADO DA BAHIA,Sim,CONSORCIO PITIGUARI - PARQUES BRASILEIROS,07/01/2021,PLANTAR IDEIAS LTDA,Estadual,06/07/2023,Não,0003/2021,"Serviços necessários à estruturação de concessões de serviços públicos ou de uso de bem público relativos aos Parques Estaduais das Sete Passagens, da Serra do Conduru, Parque Metropolitano de Pituaçu, Parque Zoobotânico Getúlio Vargas e Parque Municipal de São Bartolomeu (BA), Parques Estaduais de Dois Irmãos e Mata da Pimenteira (PE), do Jalapão e do Cantão (TO) nos termos da RFP nº 08/2020 – AGOV/BNDES, abrangendo o apoio à visitação, revitalização, modernização, operação e manutenção dos serviços turísticos nos mesmos, prevendo o custeio de ações de apoio à conservação, proteção e gestão dos referidos parques e buscando promover a ampliação e inovação no escopo de serviços e atrativos disponibilizados ao visitante, possibilitando assim a melhoria contínua na qualidade dos serviços oferecidos.","33,82%",Serviço Único,"1.211.290,03","3.581.579,03",PARQUES BA - PITUAÇU
,19.433.220/0001-37,,,,,,"QUEIROZ, MALUF SOCIEDADE DE ADVOGADOS",,,Não,,,"19,64%",,"703.422,12",,
,28.498.811/0001-83,,,,,,VALLYA ADVISORS ASSESSORIA FINANCEIRA LTDA,,,Não,,,"26,18%",,"937.657,39",,
,28.117.411/0001-80,,,,,,SPIN SOLUCOES PUBLICAS INTELIGENTES CONSULTORIA LTDA.,,,Sim,,,"20,36%",,"729.209,49",,
https://www.bndes.gov.br/arquivos/contratos-administrativos/4400004603.zip,26.288.600/0001-90,41.738.065/0001-16,ESTADO DA BAHIA,Sim,CONSORCIO PITIGUARI - PARQUES BRASILEIROS,07/01/2021,PLANTAR IDEIAS LTDA,Estadual,06/07/2023,Não,0003/2021,"Serviços necessários à estruturação de concessões de serviços públicos ou de uso de bem público relativos aos Parques Estaduais das Sete Passagens, da Serra do Conduru, Parque Metropolitano de Pituaçu, Parque Zoobotânico Getúlio Vargas e Parque Municipal de São Bartolomeu (BA), Parques Estaduais de Dois Irmãos e Mata da Pimenteira (PE), do Jalapão e do Cantão (TO) nos termos da RFP nº 08/2020 – AGOV/BNDES, abrangendo o apoio à visitação, revitalização, modernização, operação e manutenção dos serviços turísticos nos mesmos, prevendo o custeio de ações de apoio à conservação, proteção e gestão dos referidos parques e buscando promover a ampliação e inovação no escopo de serviços e atrativos disponibilizados ao visitante, possibilitando assim a melhoria contínua na qualidade dos serviços oferecidos.","33,82%",Serviço Único,"1.211.290,03","3.581.579,03",PARQUES BA - SÃO BARTOLOMEU
,19.433.220/0001-37,,,,,,"QUEIROZ, MALUF SOCIEDADE DE ADVOGADOS",,,Não,,,"19,64%",,"703.422,12",,
,28.498.811/0001-83,,,,,,VALLYA ADVISORS ASSESSORIA FINANCEIRA LTDA,,,Não,,,"26,18%",,"937.657,39",,
,28.117.411/0001-80,,,,,,SPIN SOLUCOES PUBLICAS INTELIGENTES CONSULTORIA LTDA.,,,Sim,,,"20,36%",,"729.209,49",,
https://www.bndes.gov.br/arquivos/contratos-administrativos/4400004603.zip,26.288.600/0001-90,41.738.065/0001-16,ESTADO DA BAHIA,Sim,CONSORCIO PITIGUARI - PARQUES BRASILEIROS,07/01/2021,PLANTAR IDEIAS LTDA,Estadual,06/07/2023,Não,0003/2021,"Serviços necessários à estruturação de concessões de serviços públicos ou de uso de bem público relativos aos Parques Estaduais das Sete Passagens, da Serra do Conduru, Parque Metropolitano de Pituaçu, Parque Zoobotânico Getúlio Vargas e Parque Municipal de São Bartolomeu (BA), Parques Estaduais de Dois Irmãos e Mata da Pimenteira (PE), do Jalapão e do Cantão (TO) nos termos da RFP nº 08/2020 – AGOV/BNDES, abrangendo o apoio à visitação, revitalização, modernização, operação e manutenção dos serviços turísticos nos mesmos, prevendo o custeio de ações de apoio à conservação, proteção e gestão dos referidos parques e buscando promover a ampliação e inovação no escopo de serviços e atrativos disponibilizados ao visitante, possibilitando assim a melhoria contínua na qualidade dos serviços oferecidos.","33,82%",Serviço Único,"1.211.290,03","3.581.579,03",PARQUES BA - ZOO
,19.433.220/0001-37,,,,,,"QUEIROZ, MALUF SOCIEDADE DE ADVOGADOS",,,Não,,,"19,64%",,"703.422,12",,
,28.498.811/0001-83,,,,,,VALLYA ADVISORS ASSESSORIA FINANCEIRA LTDA,,,Não,,,"26,18%",,"937.657,39",,
,28.117.411/0001-80,,,,,,SPIN SOLUCOES PUBLICAS INTELIGENTES CONSULTORIA LTDA.,,,Sim,,,"20,36%",,"729.209,49",,
https://www.bndes.gov.br/arquivos/contratos-administrativos/4400004895.zip,26.288.600/0001-90,45.567.947/0001-17,INSTITUTO CHICO MENDES DE CONSERVACAO DA BIODIVERSIDADE,Sim,CONSORCIO UIRAPURU PARQUES BRASILEIROS,28/01/2022,PLANTAR IDEIAS LTDA,Federal,27/07/2025,Não,0304/2021,Estudos técnicos de apoio à estruturação de concessão para operação e manutenção de uma carteira de até 9 (nove) Projetos de Unidades de Conservação de Titularidade da União,"29,00%",Serviço Único,"724.028,38","2.496.649,58",PARQUES FEDERAIS (6)
,19.433.220/0001-37,,,,,,"QUEIROZ, MALUF SOCIEDADE DE ADVOGADOS",,,Não,,,"18,20%",,"454.390,22",,
,28.498.811/0001-83,,,,,,VALLYA ADVISORS ASSESSORIA FINANCEIRA LTDA,,,Não,,,"38,00%",,"948.726,84",,
,28.117.411/0001-80,,,,,,SPIN SOLUCOES PUBLICAS INTELIGENTES CONSULTORIA LTDA.,,,Sim,,,"14,80%",,"369.504,14",,
https://www.bndes.gov.br/arquivos/contratos-administrativos/4400004563.zip,00.881.736/0001-16,41.054.691/0001-93,ESTADO DE GOIAS,Sim,CONSORCIO PARQUES DO NORTE E CENTRO-OESTE,08/01/2021,BCMF ARQUITETURA E ENGENHARIA LTDA,Estadual,07/07/2022,Não,0005/2021,"Prestação de serviços necessários à estruturação de concessões de serviços públicos ou de uso de bem relativos aos Parques de Sumaúma e Rio Negro Setor Norte (AM), Serra de Caldas Novas, Altamiro de Moura Pacheco e Terra Ronca (GO), Várzeas do Rio Ivinhema, Nascentes do Rio Taquari, Prosa, Nações Indígenas e Monumento Natural Gruta do Lago Azul (MS) nos termos da RFP nº 06/2020 – AGOV/BNDES abrangendo o apoio à visitação, revitalização, modernização, operação e manutenção dos serviços turísticos nos mesmos, prevendo o custeio de ações de apoio à conservação, proteção e gestão dos referidos parques e buscando promover a ampliação e inovação no escopo de serviços e atrativos disponibilizados ao visitante, possibilitando assim a melhoria contínua na qualidade dos serviços oferecidos.","37,00%",Serviço Único,"1.153.379,62","3.117.242,21",PARQUES GO - ALTAMIRO PACHECO
,66.865.965/0001-55,,,,,,"MANESCO, RAMIRES, PEREZ, AZEVEDO MARQUES - SOCIEDADE DE ADVOGADOS.",,,Não,,,"26,00%",,"810.482,97",,
,22.524.415/0001-05,,,,,,SYSTEMICA INTELIGENCIA EM SUSTENTABILIDADE SA,,,Não,,,"19,00%",,"592.276,02",,
,10.417.179/0001-30,,,,,,PLANTUC - CONSULTORIA SOCIOAMBIENTAL LTDA,,,Sim,,,"18,00%",,"561.103,60",,
https://www.bndes.gov.br/arquivos/contratos-administrativos/4400005646.zip,14.171.693/0001-90,54.092.759/0001-70,,Sim,CONSORCIO PARQUE PARA TODOS,27/10/2023,MACIEL ROCHA SOCIEDADE DE ADVOGADOS,,26/10/2026,Não,0281/2023,"Prestação de serviços necessários a conclusão da estruturação de projetos de concessão envolvendo os seguintes parques naturais: i) Parque Estadual do Prosa e Parque Estadual das Nações Indígenas, no estado de Mato Grosso do Sul, e ii) Parque Estadual Altamiro de Moura Pacheco, Parque Estadual Serra de Caldas Novas e Parque Estadual de Terra Ronca, no estado de Goiás.","9,69%",Serviço Único,"421.902,63","4.354.000,30",
https://www.bndes.gov.br/arquivos/contratos-administrativos/4400005646.zip,20.159.727/0001-23,54.092.759/0001-70,,Sim,CONSORCIO PARQUE PARA TODOS,27/10/2023,RADAR PPP LTDA,,26/10/2026,Não,0281/2023,"Prestação de serviços necessários a conclusão da estruturação de projetos de concessão envolvendo os seguintes parques naturais: i) Parque Estadual do Prosa e Parque Estadual das Nações Indígenas, no estado de Mato Grosso do Sul, e ii) Parque Estadual Altamiro de Moura Pacheco, Parque Estadual Serra de Caldas Novas e Parque Estadual de Terra Ronca, no estado de Goiás.","21,23%",Serviço Único,"924.354,26","4.354.000,30",
https://www.bndes.gov.br/arquivos/contratos-administrativos/4400005646.zip,53.518.875/0001-46,54.092.759/0001-70,,Sim,CONSORCIO PARQUE PARA TODOS,27/10/2023,SERTORI SOCIEDADE INDIVIDUAL DE ADVOCACIA,,26/10/2026,Não,0281/2023,"Prestação de serviços necessários a conclusão da estruturação de projetos de concessão envolvendo os seguintes parques naturais: i) Parque Estadual do Prosa e Parque Estadual das Nações Indígenas, no estado de Mato Grosso do Sul, e ii) Parque Estadual Altamiro de Moura Pacheco, Parque Estadual Serra de Caldas Novas e Parque Estadual de Terra Ronca, no estado de Goiás.","9,21%",Serviço Único,"401.003,43","4.354.000,30",
https://www.bndes.gov.br/arquivos/contratos-administrativos/4400005646.zip,03.552.499/0001-38,54.092.759/0001-70,,Sim,CONSORCIO PARQUE PARA TODOS,27/10/2023,URBAN SYSTEMS BRASIL ESTUDOS DE MERCADO LTDA,,26/10/2026,Não,0281/2023,"Prestação de serviços necessários a conclusão da estruturação de projetos de concessão envolvendo os seguintes parques naturais: i) Parque Estadual do Prosa e Parque Estadual das Nações Indígenas, no estado de Mato Grosso do Sul, e ii) Parque Estadual Altamiro de Moura Pacheco, Parque Estadual Serra de Caldas Novas e Parque Estadual de Terra Ronca, no estado de Goiás.","13,14%",Serviço Único,"572.115,64","4.354.000,30",
https://www.bndes.gov.br/arquivos/contratos-administrativos/4400005646.zip,15.369.394/0001-27,54.092.759/0001-70,,Sim,CONSORCIO PARQUE PARA TODOS,27/10/2023,NATUREZA URBANA PLANEJAMENTO INTEGRADO LTDA,,26/10/2026,Sim,0281/2023,"Prestação de serviços necessários a conclusão da estruturação de projetos de concessão envolvendo os seguintes parques naturais: i) Parque Estadual do Prosa e Parque Estadual das Nações Indígenas, no estado de Mato Grosso do Sul, e ii) Parque Estadual Altamiro de Moura Pacheco, Parque Estadual Serra de Caldas Novas e Parque Estadual de Terra Ronca, no estado de Goiás.","46,73%",Serviço Único,"2.034.624,34","4.354.000,30",
https://www.bndes.gov.br/arquivos/contratos-administrativos/4400004563.zip,00.881.736/0001-16,41.054.691/0001-93,ESTADO DE GOIAS,Sim,CONSORCIO PARQUES DO NORTE E CENTRO-OESTE,08/01/2021,BCMF ARQUITETURA E ENGENHARIA LTDA,Estadual,07/07/2022,Não,0005/2021,"Prestação de serviços necessários à estruturação de concessões de serviços públicos ou de uso de bem relativos aos Parques de Sumaúma e Rio Negro Setor Norte (AM), Serra de Caldas Novas, Altamiro de Moura Pacheco e Terra Ronca (GO), Várzeas do Rio Ivinhema, Nascentes do Rio Taquari, Prosa, Nações Indígenas e Monumento Natural Gruta do Lago Azul (MS) nos termos da RFP nº 06/2020 – AGOV/BNDES abrangendo o apoio à visitação, revitalização, modernização, operação e manutenção dos serviços turísticos nos mesmos, prevendo o custeio de ações de apoio à conservação, proteção e gestão dos referidos parques e buscando promover a ampliação e inovação no escopo de serviços e atrativos disponibilizados ao visitante, possibilitando assim a melhoria contínua na qualidade dos serviços oferecidos.","37,00%",Serviço Único,"1.153.379,62","3.117.242,21",PARQUES GO - CALDAS NOVAS
,66.865.965/0001-55,,,,,,"MANESCO, RAMIRES, PEREZ, AZEVEDO MARQUES - SOCIEDADE DE ADVOGADOS.",,,Não,,,"26,00%",,"810.482,97",,
,22.524.415/0001-05,,,,,,SYSTEMICA INTELIGENCIA EM SUSTENTABILIDADE SA,,,Não,,,"19,00%",,"592.276,02",,
,10.417.179/0001-30,,,,,,PLANTUC - CONSULTORIA SOCIOAMBIENTAL LTDA,,,Sim,,,"18,00%",,"561.103,60",,
https://www.bndes.gov.br/arquivos/contratos-administrativos/4400005646.zip,14.171.693/0001-90,54.092.759/0001-70,,Sim,CONSORCIO PARQUE PARA TODOS,27/10/2023,MACIEL ROCHA SOCIEDADE DE ADVOGADOS,,26/10/2026,Não,0281/2023,"Prestação de serviços necessários a conclusão da estruturação de projetos de concessão envolvendo os seguintes parques naturais: i) Parque Estadual do Prosa e Parque Estadual das Nações Indígenas, no estado de Mato Grosso do Sul, e ii) Parque Estadual Altamiro de Moura Pacheco, Parque Estadual Serra de Caldas Novas e Parque Estadual de Terra Ronca, no estado de Goiás.","9,69%",Serviço Único,"421.902,63","4.354.000,30",
https://www.bndes.gov.br/arquivos/contratos-administrativos/4400005646.zip,20.159.727/0001-23,54.092.759/0001-70,,Sim,CONSORCIO PARQUE PARA TODOS,27/10/2023,RADAR PPP LTDA,,26/10/2026,Não,0281/2023,"Prestação de serviços necessários a conclusão da estruturação de projetos de concessão envolvendo os seguintes parques naturais: i) Parque Estadual do Prosa e Parque Estadual das Nações Indígenas, no estado de Mato Grosso do Sul, e ii) Parque Estadual Altamiro de Moura Pacheco, Parque Estadual Serra de Caldas Novas e Parque Estadual de Terra Ronca, no estado de Goiás.","21,23%",Serviço Único,"924.354,26","4.354.000,30",
https://www.bndes.gov.br/arquivos/contratos-administrativos/4400005646.zip,53.518.875/0001-46,54.092.759/0001-70,,Sim,CONSORCIO PARQUE PARA TODOS,27/10/2023,SERTORI SOCIEDADE INDIVIDUAL DE ADVOCACIA,,26/10/2026,Não,0281/2023,"Prestação de serviços necessários a conclusão da estruturação de projetos de concessão envolvendo os seguintes parques naturais: i) Parque Estadual do Prosa e Parque Estadual das Nações Indígenas, no estado de Mato Grosso do Sul, e ii) Parque Estadual Altamiro de Moura Pacheco, Parque Estadual Serra de Caldas Novas e Parque Estadual de Terra Ronca, no estado de Goiás.","9,21%",Serviço Único,"401.003,43","4.354.000,30",
https://www.bndes.gov.br/arquivos/contratos-administrativos/4400005646.zip,03.552.499/0001-38,54.092.759/0001-70,,Sim,CONSORCIO PARQUE PARA TODOS,27/10/2023,URBAN SYSTEMS BRASIL ESTUDOS DE MERCADO LTDA,,26/10/2026,Não,0281/2023,"Prestação de serviços necessários a conclusão da estruturação de projetos de concessão envolvendo os seguintes parques naturais: i) Parque Estadual do Prosa e Parque Estadual das Nações Indígenas, no estado de Mato Grosso do Sul, e ii) Parque Estadual Altamiro de Moura Pacheco, Parque Estadual Serra de Caldas Novas e Parque Estadual de Terra Ronca, no estado de Goiás.","13,14%",Serviço Único,"572.115,64","4.354.000,30",
https://www.bndes.gov.br/arquivos/contratos-administrativos/4400005646.zip,15.369.394/0001-27,54.092.759/0001-70,,Sim,CONSORCIO PARQUE PARA TODOS,27/10/2023,NATUREZA URBANA PLANEJAMENTO INTEGRADO LTDA,,26/10/2026,Sim,0281/2023,"Prestação de serviços necessários a conclusão da estruturação de projetos de concessão envolvendo os seguintes parques naturais: i) Parque Estadual do Prosa e Parque Estadual das Nações Indígenas, no estado de Mato Grosso do Sul, e ii) Parque Estadual Altamiro de Moura Pacheco, Parque Estadual Serra de Caldas Novas e Parque Estadual de Terra Ronca, no estado de Goiás.","46,73%",Serviço Único,"2.034.624,34","4.354.000,30",
https://www.bndes.gov.br/arquivos/contratos-administrativos/4400004563.zip,00.881.736/0001-16,41.054.691/0001-93,ESTADO DE GOIAS,Sim,CONSORCIO PARQUES DO NORTE E CENTRO-OESTE,08/01/2021,BCMF ARQUITETURA E ENGENHARIA LTDA,Estadual,07/07/2022,Não,0005/2021,"Prestação de serviços necessários à estruturação de concessões de serviços públicos ou de uso de bem relativos aos Parques de Sumaúma e Rio Negro Setor Norte (AM), Serra de Caldas Novas, Altamiro de Moura Pacheco e Terra Ronca (GO), Várzeas do Rio Ivinhema, Nascentes do Rio Taquari, Prosa, Nações Indígenas e Monumento Natural Gruta do Lago Azul (MS) nos termos da RFP nº 06/2020 – AGOV/BNDES abrangendo o apoio à visitação, revitalização, modernização, operação e manutenção dos serviços turísticos nos mesmos, prevendo o custeio de ações de apoio à conservação, proteção e gestão dos referidos parques e buscando promover a ampliação e inovação no escopo de serviços e atrativos disponibilizados ao visitante, possibilitando assim a melhoria contínua na qualidade dos serviços oferecidos.","37,00%",Serviço Único,"1.153.379,62","3.117.242,21",PARQUES GO - TERRA RONCA
,66.865.965/0001-55,,,,,,"MANESCO, RAMIRES, PEREZ, AZEVEDO MARQUES - SOCIEDADE DE ADVOGADOS.",,,Não,,,"26,00%",,"810.482,97",,
,22.524.415/0001-05,,,,,,SYSTEMICA INTELIGENCIA EM SUSTENTABILIDADE SA,,,Não,,,"19,00%",,"592.276,02",,
,10.417.179/0001-30,,,,,,PLANTUC - CONSULTORIA SOCIOAMBIENTAL LTDA,,,Sim,,,"18,00%",,"561.103,60",,
https://www.bndes.gov.br/arquivos/contratos-administrativos/4400005646.zip,14.171.693/0001-90,54.092.759/0001-70,,Sim,CONSORCIO PARQUE PARA TODOS,27/10/2023,MACIEL ROCHA SOCIEDADE DE ADVOGADOS,,26/10/2026,Não,0281/2023,"Prestação de serviços necessários a conclusão da estruturação de projetos de concessão envolvendo os seguintes parques naturais: i) Parque Estadual do Prosa e Parque Estadual das Nações Indígenas, no estado de Mato Grosso do Sul, e ii) Parque Estadual Altamiro de Moura Pacheco, Parque Estadual Serra de Caldas Novas e Parque Estadual de Terra Ronca, no estado de Goiás.","9,69%",Serviço Único,"421.902,63","4.354.000,30",
https://www.bndes.gov.br/arquivos/contratos-administrativos/4400005646.zip,20.159.727/0001-23,54.092.759/0001-70,,Sim,CONSORCIO PARQUE PARA TODOS,27/10/2023,RADAR PPP LTDA,,26/10/2026,Não,0281/2023,"Prestação de serviços necessários a conclusão da estruturação de projetos de concessão envolvendo os seguintes parques naturais: i) Parque Estadual do Prosa e Parque Estadual das Nações Indígenas, no estado de Mato Grosso do Sul, e ii) Parque Estadual Altamiro de Moura Pacheco, Parque Estadual Serra de Caldas Novas e Parque Estadual de Terra Ronca, no estado de Goiás.","21,23%",Serviço Único,"924.354,26","4.354.000,30",
https://www.bndes.gov.br/arquivos/contratos-administrativos/4400005646.zip,53.518.875/0001-46,54.092.759/0001-70,,Sim,CONSORCIO PARQUE PARA TODOS,27/10/2023,SERTORI SOCIEDADE INDIVIDUAL DE ADVOCACIA,,26/10/2026,Não,0281/2023,"Prestação de serviços necessários a conclusão da estruturação de projetos de concessão envolvendo os seguintes parques naturais: i) Parque Estadual do Prosa e Parque Estadual das Nações Indígenas, no estado de Mato Grosso do Sul, e ii) Parque Estadual Altamiro de Moura Pacheco, Parque Estadual Serra de Caldas Novas e Parque Estadual de Terra Ronca, no estado de Goiás.","9,21%",Serviço Único,"401.003,43","4.354.000,30",
https://www.bndes.gov.br/arquivos/contratos-administrativos/4400005646.zip,03.552.499/0001-38,54.092.759/0001-70,,Sim,CONSORCIO PARQUE PARA TODOS,27/10/2023,URBAN SYSTEMS BRASIL ESTUDOS DE MERCADO LTDA,,26/10/2026,Não,0281/2023,"Prestação de serviços necessários a conclusão da estruturação de projetos de concessão envolvendo os seguintes parques naturais: i) Parque Estadual do Prosa e Parque Estadual das Nações Indígenas, no estado de Mato Grosso do Sul, e ii) Parque Estadual Altamiro de Moura Pacheco, Parque Estadual Serra de Caldas Novas e Parque Estadual de Terra Ronca, no estado de Goiás.","13,14%",Serviço Único,"572.115,64","4.354.000,30",
https://www.bndes.gov.br/arquivos/contratos-administrativos/4400005646.zip,15.369.394/0001-27,54.092.759/0001-70,,Sim,CONSORCIO PARQUE PARA TODOS,27/10/2023,NATUREZA URBANA PLANEJAMENTO INTEGRADO LTDA,,26/10/2026,Sim,0281/2023,"Prestação de serviços necessários a conclusão da estruturação de projetos de concessão envolvendo os seguintes parques naturais: i) Parque Estadual do Prosa e Parque Estadual das Nações Indígenas, no estado de Mato Grosso do Sul, e ii) Parque Estadual Altamiro de Moura Pacheco, Parque Estadual Serra de Caldas Novas e Parque Estadual de Terra Ronca, no estado de Goiás.","46,73%",Serviço Único,"2.034.624,34","4.354.000,30",
https://www.bndes.gov.br/arquivos/contratos-administrativos/4400004556.zip,03.552.499/0001-38,40.343.610/0001-02,ESTADO DE MINAS GERAIS,Sim,CONSORCIO MODELAGEM PARQUES BLOCO 3,11/01/2021,URBAN SYSTEMS BRASIL ESTUDOS DE MERCADO LTDA,Estadual,10/07/2023,Não,0006/2021,"Prestação de serviços necessários à estruturação de concessões de serviços públicos ou de uso de bem público relativos aos Parques Estaduais do Ibitipoca, do Rio Doce, do Biribiri, do Itacolomi, Serra do Rola-Moça, do Rio Preto e Pico do Itambé (MG), da Serra do Tabuleiro, da Serra Furada, Fritz Plaumann, Rio Canoas e do Acaraí (SC) nos termos da RFP nº 07/2020 – AGOV/BNDES abrangendo o apoio à visitação, revitalização, modernização, operação e manutenção dos serviços turísticos nos mesmos, prevendo o custeio de ações de apoio à conservação, proteção e gestão dos referidos parques e buscando promover a ampliação e inovação no escopo de serviços e atrativos disponibilizados ao visitante, possibilitando assim a melhoria contínua na qualidade dos serviços oferecidos.","21,00%",Serviço Único,"589.156,62","2.805.507,71",PARQUES MG - BIRIBIRI
,18.865.283/0001-08,,,,,,VIANA CASTRO ADVOGADOS,,,Não,,,"22,00%",,"617.211,70",,
,22.111.570/0001-91,,,,,,HOUER CONSULTORIA E CONCESSOES LTDA,,,Sim,,,"57,00%",,"1.599.139,39",,
https://www.bndes.gov.br/arquivos/contratos-administrativos/4400005970.zip,26.288.600/0001-90,56.225.605/0001-35,,Sim,CONSORCIO BIOMAS BRASILIS,09/07/2024,PLANTAR IDEIAS LTDA,,16/06/2029,Não,0200/2024,"a execução dos SERVIÇOS TÉCNICOS, o que inclui a elaboração de PRODUTOS e a prestação de SERVIÇOS ESPECIALIZADOS, necessários para apoiar o BNDES na estruturação de projetos de concessão e demais arranjos de parcerias entre os setores público e privado voltadas para os serviços de uso público e visitação em parques, observado ainda o detalhamento constante das ESPECIFICAÇÕES TÉCNICAS, da PROPOSTA COMERCIAL, da MATRIZ DE RISCOS e da TABELA DE PRODUTOS e SERVIÇOS, respeitado o limite de até 15 (quinze) ativos, conforme definição e detalhamento constantes das ESPECIFICAÇÕES TÉCNICAS.","24,33%",Serviço Único,"3.751.991,78","15.421.256,79",
https://www.bndes.gov.br/arquivos/contratos-administrativos/4400005970.zip,19.433.220/0001-37,56.225.605/0001-35,,Sim,CONSORCIO BIOMAS BRASILIS,09/07/2024,"QUEIROZ, MALUF SOCIEDADE DE ADVOGADOS",,16/06/2029,Não,0200/2024,"a execução dos SERVIÇOS TÉCNICOS, o que inclui a elaboração de PRODUTOS e a prestação de SERVIÇOS ESPECIALIZADOS, necessários para apoiar o BNDES na estruturação de projetos de concessão e demais arranjos de parcerias entre os setores público e privado voltadas para os serviços de uso público e visitação em parques, observado ainda o detalhamento constante das ESPECIFICAÇÕES TÉCNICAS, da PROPOSTA COMERCIAL, da MATRIZ DE RISCOS e da TABELA DE PRODUTOS e SERVIÇOS, respeitado o limite de até 15 (quinze) ativos, conforme definição e detalhamento constantes das ESPECIFICAÇÕES TÉCNICAS.","24,33%",Serviço Único,"3.751.991,78","15.421.256,79",
https://www.bndes.gov.br/arquivos/contratos-administrativos/4400005970.zip,28.498.811/0001-83,56.225.605/0001-35,,Sim,CONSORCIO BIOMAS BRASILIS,09/07/2024,VALLYA ADVISORS ASSESSORIA FINANCEIRA LTDA,,16/06/2029,Não,0200/2024,"a execução dos SERVIÇOS TÉCNICOS, o que inclui a elaboração de PRODUTOS e a prestação de SERVIÇOS ESPECIALIZADOS, necessários para apoiar o BNDES na estruturação de projetos de concessão e demais arranjos de parcerias entre os setores público e privado voltadas para os serviços de uso público e visitação em parques, observado ainda o detalhamento constante das ESPECIFICAÇÕES TÉCNICAS, da PROPOSTA COMERCIAL, da MATRIZ DE RISCOS e da TABELA DE PRODUTOS e SERVIÇOS, respeitado o limite de até 15 (quinze) ativos, conforme definição e detalhamento constantes das ESPECIFICAÇÕES TÉCNICAS.","24,33%",Serviço Único,"3.751.991,78","15.421.256,79",
https://www.bndes.gov.br/arquivos/contratos-administrativos/4400005970.zip,10.417.179/0001-30,56.225.605/0001-35,,Sim,CONSORCIO BIOMAS BRASILIS,09/07/2024,PLANTUC - CONSULTORIA SOCIOAMBIENTAL LTDA,,16/06/2029,Sim,0200/2024,"a execução dos SERVIÇOS TÉCNICOS, o que inclui a elaboração de PRODUTOS e a prestação de SERVIÇOS ESPECIALIZADOS, necessários para apoiar o BNDES na estruturação de projetos de concessão e demais arranjos de parcerias entre os setores público e privado voltadas para os serviços de uso público e visitação em parques, observado ainda o detalhamento constante das ESPECIFICAÇÕES TÉCNICAS, da PROPOSTA COMERCIAL, da MATRIZ DE RISCOS e da TABELA DE PRODUTOS e SERVIÇOS, respeitado o limite de até 15 (quinze) ativos, conforme definição e detalhamento constantes das ESPECIFICAÇÕES TÉCNICAS.","27,01%",Serviço Único,"4.165.281,46","15.421.256,79",
https://www.bndes.gov.br/arquivos/contratos-administrativos/4400004556.zip,03.552.499/0001-38,40.343.610/0001-02,ESTADO DE MINAS GERAIS,Sim,CONSORCIO MODELAGEM PARQUES BLOCO 3,11/01/2021,URBAN SYSTEMS BRASIL ESTUDOS DE MERCADO LTDA,Estadual,10/07/2023,Não,0006/2021,"Prestação de serviços necessários à estruturação de concessões de serviços públicos ou de uso de bem público relativos aos Parques Estaduais do Ibitipoca, do Rio Doce, do Biribiri, do Itacolomi, Serra do Rola-Moça, do Rio Preto e Pico do Itambé (MG), da Serra do Tabuleiro, da Serra Furada, Fritz Plaumann, Rio Canoas e do Acaraí (SC) nos termos da RFP nº 07/2020 – AGOV/BNDES abrangendo o apoio à visitação, revitalização, modernização, operação e manutenção dos serviços turísticos nos mesmos, prevendo o custeio de ações de apoio à conservação, proteção e gestão dos referidos parques e buscando promover a ampliação e inovação no escopo de serviços e atrativos disponibilizados ao visitante, possibilitando assim a melhoria contínua na qualidade dos serviços oferecidos.","21,00%",Serviço Único,"589.156,62","2.805.507,71",PARQUES MG - IBITIPOCA/ITACOLOMI (2)
,18.865.283/0001-08,,,,,,VIANA CASTRO ADVOGADOS,,,Não,,,"22,00%",,"617.211,70",,
,22.111.570/0001-91,,,,,,HOUER CONSULTORIA E CONCESSOES LTDA,,,Sim,,,"57,00%",,"1.599.139,39",,
https://www.bndes.gov.br/arquivos/contratos-administrativos/4400004556.zip,03.552.499/0001-38,40.343.610/0001-02,ESTADO DE MINAS GERAIS,Sim,CONSORCIO MODELAGEM PARQUES BLOCO 3,11/01/2021,URBAN SYSTEMS BRASIL ESTUDOS DE MERCADO LTDA,Estadual,10/07/2023,Não,0006/2021,"Prestação de serviços necessários à estruturação de concessões de serviços públicos ou de uso de bem público relativos aos Parques Estaduais do Ibitipoca, do Rio Doce, do Biribiri, do Itacolomi, Serra do Rola-Moça, do Rio Preto e Pico do Itambé (MG), da Serra do Tabuleiro, da Serra Furada, Fritz Plaumann, Rio Canoas e do Acaraí (SC) nos termos da RFP nº 07/2020 – AGOV/BNDES abrangendo o apoio à visitação, revitalização, modernização, operação e manutenção dos serviços turísticos nos mesmos, prevendo o custeio de ações de apoio à conservação, proteção e gestão dos referidos parques e buscando promover a ampliação e inovação no escopo de serviços e atrativos disponibilizados ao visitante, possibilitando assim a melhoria contínua na qualidade dos serviços oferecidos.","21,00%",Serviço Único,"589.156,62","2.805.507,71",PARQUES MG - ITAMBÉ
,18.865.283/0001-08,,,,,,VIANA CASTRO ADVOGADOS,,,Não,,,"22,00%",,"617.211,70",,
,22.111.570/0001-91,,,,,,HOUER CONSULTORIA E CONCESSOES LTDA,,,Sim,,,"57,00%",,"1.599.139,39",,
https://www.bndes.gov.br/arquivos/contratos-administrativos/4400004556.zip,03.552.499/0001-38,40.343.610/0001-02,ESTADO DE MINAS GERAIS,Sim,CONSORCIO MODELAGEM PARQUES BLOCO 3,11/01/2021,URBAN SYSTEMS BRASIL ESTUDOS DE MERCADO LTDA,Estadual,10/07/2023,Não,0006/2021,"Prestação de serviços necessários à estruturação de concessões de serviços públicos ou de uso de bem público relativos aos Parques Estaduais do Ibitipoca, do Rio Doce, do Biribiri, do Itacolomi, Serra do Rola-Moça, do Rio Preto e Pico do Itambé (MG), da Serra do Tabuleiro, da Serra Furada, Fritz Plaumann, Rio Canoas e do Acaraí (SC) nos termos da RFP nº 07/2020 – AGOV/BNDES abrangendo o apoio à visitação, revitalização, modernização, operação e manutenção dos serviços turísticos nos mesmos, prevendo o custeio de ações de apoio à conservação, proteção e gestão dos referidos parques e buscando promover a ampliação e inovação no escopo de serviços e atrativos disponibilizados ao visitante, possibilitando assim a melhoria contínua na qualidade dos serviços oferecidos.","21,00%",Serviço Único,"589.156,62","2.805.507,71",PARQUES MG - RIO DOCE
,18.865.283/0001-08,,,,,,VIANA CASTRO ADVOGADOS,,,Não,,,"22,00%",,"617.211,70",,
,22.111.570/0001-91,,,,,,HOUER CONSULTORIA E CONCESSOES LTDA,,,Sim,,,"57,00%",,"1.599.139,39",,
https://www.bndes.gov.br/arquivos/contratos-administrativos/4400004556.zip,03.552.499/0001-38,40.343.610/0001-02,ESTADO DE MINAS GERAIS,Sim,CONSORCIO MODELAGEM PARQUES BLOCO 3,11/01/2021,URBAN SYSTEMS BRASIL ESTUDOS DE MERCADO LTDA,Estadual,10/07/2023,Não,0006/2021,"Prestação de serviços necessários à estruturação de concessões de serviços públicos ou de uso de bem público relativos aos Parques Estaduais do Ibitipoca, do Rio Doce, do Biribiri, do Itacolomi, Serra do Rola-Moça, do Rio Preto e Pico do Itambé (MG), da Serra do Tabuleiro, da Serra Furada, Fritz Plaumann, Rio Canoas e do Acaraí (SC) nos termos da RFP nº 07/2020 – AGOV/BNDES abrangendo o apoio à visitação, revitalização, modernização, operação e manutenção dos serviços turísticos nos mesmos, prevendo o custeio de ações de apoio à conservação, proteção e gestão dos referidos parques e buscando promover a ampliação e inovação no escopo de serviços e atrativos disponibilizados ao visitante, possibilitando assim a melhoria contínua na qualidade dos serviços oferecidos.","21,00%",Serviço Único,"589.156,62","2.805.507,71",PARQUES MG - RIO PRETO
,18.865.283/0001-08,,,,,,VIANA CASTRO ADVOGADOS,,,Não,,,"22,00%",,"617.211,70",,
,22.111.570/0001-91,,,,,,HOUER CONSULTORIA E CONCESSOES LTDA,,,Sim,,,"57,00%",,"1.599.139,39",,
https://www.bndes.gov.br/arquivos/contratos-administrativos/4400005970.zip,26.288.600/0001-90,56.225.605/0001-35,,Sim,CONSORCIO BIOMAS BRASILIS,09/07/2024,PLANTAR IDEIAS LTDA,,16/06/2029,Não,0200/2024,"a execução dos SERVIÇOS TÉCNICOS, o que inclui a elaboração de PRODUTOS e a prestação de SERVIÇOS ESPECIALIZADOS, necessários para apoiar o BNDES na estruturação de projetos de concessão e demais arranjos de parcerias entre os setores público e privado voltadas para os serviços de uso público e visitação em parques, observado ainda o detalhamento constante das ESPECIFICAÇÕES TÉCNICAS, da PROPOSTA COMERCIAL, da MATRIZ DE RISCOS e da TABELA DE PRODUTOS e SERVIÇOS, respeitado o limite de até 15 (quinze) ativos, conforme definição e detalhamento constantes das ESPECIFICAÇÕES TÉCNICAS.","24,33%",Serviço Único,"3.751.991,78","15.421.256,79",
https://www.bndes.gov.br/arquivos/contratos-administrativos/4400005970.zip,19.433.220/0001-37,56.225.605/0001-35,,Sim,CONSORCIO BIOMAS BRASILIS,09/07/2024,"QUEIROZ, MALUF SOCIEDADE DE ADVOGADOS",,16/06/2029,Não,0200/2024,"a execução dos SERVIÇOS TÉCNICOS, o que inclui a elaboração de PRODUTOS e a prestação de SERVIÇOS ESPECIALIZADOS, necessários para apoiar o BNDES na estruturação de projetos de concessão e demais arranjos de parcerias entre os setores público e privado voltadas para os serviços de uso público e visitação em parques, observado ainda o detalhamento constante das ESPECIFICAÇÕES TÉCNICAS, da PROPOSTA COMERCIAL, da MATRIZ DE RISCOS e da TABELA DE PRODUTOS e SERVIÇOS, respeitado o limite de até 15 (quinze) ativos, conforme definição e detalhamento constantes das ESPECIFICAÇÕES TÉCNICAS.","24,33%",Serviço Único,"3.751.991,78","15.421.256,79",
https://www.bndes.gov.br/arquivos/contratos-administrativos/4400005970.zip,28.498.811/0001-83,56.225.605/0001-35,,Sim,CONSORCIO BIOMAS BRASILIS,09/07/2024,VALLYA ADVISORS ASSESSORIA FINANCEIRA LTDA,,16/06/2029,Não,0200/2024,"a execução dos SERVIÇOS TÉCNICOS, o que inclui a elaboração de PRODUTOS e a prestação de SERVIÇOS ESPECIALIZADOS, necessários para apoiar o BNDES na estruturação de projetos de concessão e demais arranjos de parcerias entre os setores público e privado voltadas para os serviços de uso público e visitação em parques, observado ainda o detalhamento constante das ESPECIFICAÇÕES TÉCNICAS, da PROPOSTA COMERCIAL, da MATRIZ DE RISCOS e da TABELA DE PRODUTOS e SERVIÇOS, respeitado o limite de até 15 (quinze) ativos, conforme definição e detalhamento constantes das ESPECIFICAÇÕES TÉCNICAS.","24,33%",Serviço Único,"3.751.991,78","15.421.256,79",
https://www.bndes.gov.br/arquivos/contratos-administrativos/4400005970.zip,10.417.179/0001-30,56.225.605/0001-35,,Sim,CONSORCIO BIOMAS BRASILIS,09/07/2024,PLANTUC - CONSULTORIA SOCIOAMBIENTAL LTDA,,16/06/2029,Sim,0200/2024,"a execução dos SERVIÇOS TÉCNICOS, o que inclui a elaboração de PRODUTOS e a prestação de SERVIÇOS ESPECIALIZADOS, necessários para apoiar o BNDES na estruturação de projetos de concessão e demais arranjos de parcerias entre os setores público e privado voltadas para os serviços de uso público e visitação em parques, observado ainda o detalhamento constante das ESPECIFICAÇÕES TÉCNICAS, da PROPOSTA COMERCIAL, da MATRIZ DE RISCOS e da TABELA DE PRODUTOS e SERVIÇOS, respeitado o limite de até 15 (quinze) ativos, conforme definição e detalhamento constantes das ESPECIFICAÇÕES TÉCNICAS.","27,01%",Serviço Único,"4.165.281,46","15.421.256,79",
https://www.bndes.gov.br/arquivos/contratos-administrativos/4400004556.zip,03.552.499/0001-38,40.343.610/0001-02,ESTADO DE MINAS GERAIS,Sim,CONSORCIO MODELAGEM PARQUES BLOCO 3,11/01/2021,URBAN SYSTEMS BRASIL ESTUDOS DE MERCADO LTDA,Estadual,10/07/2023,Não,0006/2021,"Prestação de serviços necessários à estruturação de concessões de serviços públicos ou de uso de bem público relativos aos Parques Estaduais do Ibitipoca, do Rio Doce, do Biribiri, do Itacolomi, Serra do Rola-Moça, do Rio Preto e Pico do Itambé (MG), da Serra do Tabuleiro, da Serra Furada, Fritz Plaumann, Rio Canoas e do Acaraí (SC) nos termos da RFP nº 07/2020 – AGOV/BNDES abrangendo o apoio à visitação, revitalização, modernização, operação e manutenção dos serviços turísticos nos mesmos, prevendo o custeio de ações de apoio à conservação, proteção e gestão dos referidos parques e buscando promover a ampliação e inovação no escopo de serviços e atrativos disponibilizados ao visitante, possibilitando assim a melhoria contínua na qualidade dos serviços oferecidos.","21,00%",Serviço Único,"589.156,62","2.805.507,71",PARQUES MG - ROLA MOCA
,18.865.283/0001-08,,,,,,VIANA CASTRO ADVOGADOS,,,Não,,,"22,00%",,"617.211,70",,
,22.111.570/0001-91,,,,,,HOUER CONSULTORIA E CONCESSOES LTDA,,,Sim,,,"57,00%",,"1.599.139,39",,
https://www.bndes.gov.br/arquivos/contratos-administrativos/4400005963.zip,14.171.693/0001-90,55.607.777/0001-00,,Sim,CONSORCIO DE ESTRUTURACAO DE PARQUES,13/06/2024,MACIEL ROCHA SOCIEDADE DE ADVOGADOS,,12/06/2029,Não,0197/2024,"Execução dos SERVIÇOS TÉCNICOS, o que inclui a elaboração de PRODUTOS e a prestação de SERVIÇOS ESPECIALIZADOS, necessários para apoiar o BNDES na estruturação de projetos de concessão e demais arranjos de parcerias entre os setores público e privado voltadas para os serviços de uso público e visitação em parques, observado ainda o detalhamento constante das ESPECIFICAÇÕES TÉCNICAS, da PROPOSTA COMERCIAL, da MATRIZ DE RISCOS e da TABELA DE PRODUTOS e SERVIÇOS, respeitado o limite de até 15 (quinze) ativos, conforme definição e detalhamento constantes das ESPECIFICAÇÕES TÉCNICAS.","20,00%",Serviço Único,"3.074.024,63","15.370.123,16",
https://www.bndes.gov.br/arquivos/contratos-administrativos/4400005963.zip,03.902.914/0001-36,55.607.777/0001-00,,Sim,CONSORCIO DE ESTRUTURACAO DE PARQUES,13/06/2024,CREATO CONSULTORIA E PROJETOS LTDA,,12/06/2029,Sim,0197/2024,"Execução dos SERVIÇOS TÉCNICOS, o que inclui a elaboração de PRODUTOS e a prestação de SERVIÇOS ESPECIALIZADOS, necessários para apoiar o BNDES na estruturação de projetos de concessão e demais arranjos de parcerias entre os setores público e privado voltadas para os serviços de uso público e visitação em parques, observado ainda o detalhamento constante das ESPECIFICAÇÕES TÉCNICAS, da PROPOSTA COMERCIAL, da MATRIZ DE RISCOS e da TABELA DE PRODUTOS e SERVIÇOS, respeitado o limite de até 15 (quinze) ativos, conforme definição e detalhamento constantes das ESPECIFICAÇÕES TÉCNICAS.","80,00%",Serviço Único,"12.296.098,53","15.370.123,16",
https://www.bndes.gov.br/arquivos/contratos-administrativos/4400005646.zip,14.171.693/0001-90,54.092.759/0001-70,ESTADO DE MATO GROSSO DO SUL,Sim,CONSORCIO PARQUE PARA TODOS,27/10/2023,MACIEL ROCHA SOCIEDADE DE ADVOGADOS,Estadual,26/10/2026,Não,0281/2023,"Prestação de serviços necessários a conclusão da estruturação de projetos de concessão envolvendo os seguintes parques naturais: i) Parque Estadual do Prosa e Parque Estadual das Nações Indígenas, no estado de Mato Grosso do Sul, e ii) Parque Estadual Altamiro de Moura Pacheco, Parque Estadual Serra de Caldas Novas e Parque Estadual de Terra Ronca, no estado de Goiás.","9,69%",Serviço Único,"421.902,63","4.354.000,30",PARQUES MS - NAÇÕES INDÍGENAS E PROSA (2)
,20.159.727/0001-23,,,,,,RADAR PPP LTDA,,,Não,,,"21,23%",,"924.354,26",,
,53.518.875/0001-46,,,,,,SERTORI SOCIEDADE INDIVIDUAL DE ADVOCACIA,,,Não,,,"9,21%",,"401.003,43",,
,03.552.499/0001-38,,,,,,URBAN SYSTEMS BRASIL ESTUDOS DE MERCADO LTDA,,,Não,,,"13,14%",,"572.115,64",,
,15.369.394/0001-27,,,,,,NATUREZA URBANA PLANEJAMENTO INTEGRADO LTDA,,,Sim,,,"46,73%",,"2.034.624,34",,
https://www.bndes.gov.br/arquivos/contratos-administrativos/4400004563.zip,00.881.736/0001-16,41.054.691/0001-93,ESTADO DE MATO GROSSO DO SUL,Sim,CONSORCIO PARQUES DO NORTE E CENTRO-OESTE,08/01/2021,BCMF ARQUITETURA E ENGENHARIA LTDA,Estadual,07/07/2022,Não,0005/2021,"Prestação de serviços necessários à estruturação de concessões de serviços públicos ou de uso de bem relativos aos Parques de Sumaúma e Rio Negro Setor Norte (AM), Serra de Caldas Novas, Altamiro de Moura Pacheco e Terra Ronca (GO), Várzeas do Rio Ivinhema, Nascentes do Rio Taquari, Prosa, Nações Indígenas e Monumento Natural Gruta do Lago Azul (MS) nos termos da RFP nº 06/2020 – AGOV/BNDES abrangendo o apoio à visitação, revitalização, modernização, operação e manutenção dos serviços turísticos nos mesmos, prevendo o custeio de ações de apoio à conservação, proteção e gestão dos referidos parques e buscando promover a ampliação e inovação no escopo de serviços e atrativos disponibilizados ao visitante, possibilitando assim a melhoria contínua na qualidade dos serviços oferecidos.","37,00%",Serviço Único,"1.153.379,62","3.117.242,21",PARQUES MS (5)
,66.865.965/0001-55,,,,,,"MANESCO, RAMIRES, PEREZ, AZEVEDO MARQUES - SOCIEDADE DE ADVOGADOS.",,,Não,,,"26,00%",,"810.482,97",,
,22.524.415/0001-05,,,,,,SYSTEMICA INTELIGENCIA EM SUSTENTABILIDADE SA,,,Não,,,"19,00%",,"592.276,02",,
,10.417.179/0001-30,,,,,,PLANTUC - CONSULTORIA SOCIOAMBIENTAL LTDA,,,Sim,,,"18,00%",,"561.103,60",,
https://www.bndes.gov.br/arquivos/contratos-administrativos/4400004603.zip,26.288.600/0001-90,41.738.065/0001-16,ESTADO DE PERNAMBUCO,Sim,CONSORCIO PITIGUARI - PARQUES BRASILEIROS,07/01/2021,PLANTAR IDEIAS LTDA,Estadual,06/07/2023,Não,0003/2021,"Serviços necessários à estruturação de concessões de serviços públicos ou de uso de bem público relativos aos Parques Estaduais das Sete Passagens, da Serra do Conduru, Parque Metropolitano de Pituaçu, Parque Zoobotânico Getúlio Vargas e Parque Municipal de São Bartolomeu (BA), Parques Estaduais de Dois Irmãos e Mata da Pimenteira (PE), do Jalapão e do Cantão (TO) nos termos da RFP nº 08/2020 – AGOV/BNDES, abrangendo o apoio à visitação, revitalização, modernização, operação e manutenção dos serviços turísticos nos mesmos, prevendo o custeio de ações de apoio à conservação, proteção e gestão dos referidos parques e buscando promover a ampliação e inovação no escopo de serviços e atrativos disponibilizados ao visitante, possibilitando assim a melhoria contínua na qualidade dos serviços oferecidos.","33,82%",Serviço Único,"1.211.290,03","3.581.579,03",PARQUES PE - DOIS IRMÃOS
,19.433.220/0001-37,,,,,,"QUEIROZ, MALUF SOCIEDADE DE ADVOGADOS",,,Não,,,"19,64%",,"703.422,12",,
,28.498.811/0001-83,,,,,,VALLYA ADVISORS ASSESSORIA FINANCEIRA LTDA,,,Não,,,"26,18%",,"937.657,39",,
,28.117.411/0001-80,,,,,,SPIN SOLUCOES PUBLICAS INTELIGENTES CONSULTORIA LTDA.,,,Sim,,,"20,36%",,"729.209,49",,
https://www.bndes.gov.br/arquivos/contratos-administrativos/4400004613.zip,09.346.601/0001-25,09.346.601/0001-25,,Sim,"B3 S.A. - BRASIL, BOLSA, BALCAO",26/05/2021,"B3 S.A. - BRASIL, BOLSA, BALCAO",,25/05/2023,Não,0087/2021,Prestação de serviços de assessoria técnica especializada e apoio operacional necessários à licitação para concessão de sistema rodoviário no Estado de Pernambuco e à licitação para concessão dos serviços públicos de abastecimento de água e de esgotamento sanitário no Estado do Amapá.,"100,00%",Leilão,"1.522.037,68","1.522.037,68",
https://www.bndes.gov.br/arquivos/contratos-administrativos/4400004603.zip,26.288.600/0001-90,41.738.065/0001-16,ESTADO DE PERNAMBUCO,Sim,CONSORCIO PITIGUARI - PARQUES BRASILEIROS,07/01/2021,PLANTAR IDEIAS LTDA,Estadual,06/07/2023,Não,0003/2021,"Serviços necessários à estruturação de concessões de serviços públicos ou de uso de bem público relativos aos Parques Estaduais das Sete Passagens, da Serra do Conduru, Parque Metropolitano de Pituaçu, Parque Zoobotânico Getúlio Vargas e Parque Municipal de São Bartolomeu (BA), Parques Estaduais de Dois Irmãos e Mata da Pimenteira (PE), do Jalapão e do Cantão (TO) nos termos da RFP nº 08/2020 – AGOV/BNDES, abrangendo o apoio à visitação, revitalização, modernização, operação e manutenção dos serviços turísticos nos mesmos, prevendo o custeio de ações de apoio à conservação, proteção e gestão dos referidos parques e buscando promover a ampliação e inovação no escopo de serviços e atrativos disponibilizados ao visitante, possibilitando assim a melhoria contínua na qualidade dos serviços oferecidos.","33,82%",Serviço Único,"1.211.290,03","3.581.579,03",PARQUES PE - MATA DA PIMENTEIRA
,19.433.220/0001-37,,,,,,"QUEIROZ, MALUF SOCIEDADE DE ADVOGADOS",,,Não,,,"19,64%",,"703.422,12",,
,28.498.811/0001-83,,,,,,VALLYA ADVISORS ASSESSORIA FINANCEIRA LTDA,,,Não,,,"26,18%",,"937.657,39",,
,28.117.411/0001-80,,,,,,SPIN SOLUCOES PUBLICAS INTELIGENTES CONSULTORIA LTDA.,,,Sim,,,"20,36%",,"729.209,49",,
https://www.bndes.gov.br/arquivos/contratos-administrativos/4400004603.zip,26.288.600/0001-90,41.738.065/0001-16,MUNICIPIO DO RECIFE,Sim,CONSORCIO PITIGUARI - PARQUES BRASILEIROS,07/01/2021,PLANTAR IDEIAS LTDA,Municipal,06/07/2023,Não,0003/2021,"Serviços necessários à estruturação de concessões de serviços públicos ou de uso de bem público relativos aos Parques Estaduais das Sete Passagens, da Serra do Conduru, Parque Metropolitano de Pituaçu, Parque Zoobotânico Getúlio Vargas e Parque Municipal de São Bartolomeu (BA), Parques Estaduais de Dois Irmãos e Mata da Pimenteira (PE), do Jalapão e do Cantão (TO) nos termos da RFP nº 08/2020 – AGOV/BNDES, abrangendo o apoio à visitação, revitalização, modernização, operação e manutenção dos serviços turísticos nos mesmos, prevendo o custeio de ações de apoio à conservação, proteção e gestão dos referidos parques e buscando promover a ampliação e inovação no escopo de serviços e atrativos disponibilizados ao visitante, possibilitando assim a melhoria contínua na qualidade dos serviços oferecidos.","33,82%",Serviço Único,"1.211.290,03","3.581.579,03",PARQUES RECIFE - CAIARA
,19.433.220/0001-37,,,,,,"QUEIROZ, MALUF SOCIEDADE DE ADVOGADOS",,,Não,,,"19,64%",,"703.422,12",,
,28.498.811/0001-83,,,,,,VALLYA ADVISORS ASSESSORIA FINANCEIRA LTDA,,,Não,,,"26,18%",,"937.657,39",,
,28.117.411/0001-80,,,,,,SPIN SOLUCOES PUBLICAS INTELIGENTES CONSULTORIA LTDA.,,,Sim,,,"20,36%",,"729.209,49",,
https://www.bndes.gov.br/arquivos/contratos-administrativos/4400004603.zip,26.288.600/0001-90,41.738.065/0001-16,MUNICIPIO DO RECIFE,Sim,CONSORCIO PITIGUARI - PARQUES BRASILEIROS,07/01/2021,PLANTAR IDEIAS LTDA,Municipal,06/07/2023,Não,0003/2021,"Serviços necessários à estruturação de concessões de serviços públicos ou de uso de bem público relativos aos Parques Estaduais das Sete Passagens, da Serra do Conduru, Parque Metropolitano de Pituaçu, Parque Zoobotânico Getúlio Vargas e Parque Municipal de São Bartolomeu (BA), Parques Estaduais de Dois Irmãos e Mata da Pimenteira (PE), do Jalapão e do Cantão (TO) nos termos da RFP nº 08/2020 – AGOV/BNDES, abrangendo o apoio à visitação, revitalização, modernização, operação e manutenção dos serviços turísticos nos mesmos, prevendo o custeio de ações de apoio à conservação, proteção e gestão dos referidos parques e buscando promover a ampliação e inovação no escopo de serviços e atrativos disponibilizados ao visitante, possibilitando assim a melhoria contínua na qualidade dos serviços oferecidos.","33,82%",Serviço Único,"1.211.290,03","3.581.579,03",PARQUES RECIFE - CAPIBARIBE
,19.433.220/0001-37,,,,,,"QUEIROZ, MALUF SOCIEDADE DE ADVOGADOS",,,Não,,,"19,64%",,"703.422,12",,
,28.498.811/0001-83,,,,,,VALLYA ADVISORS ASSESSORIA FINANCEIRA LTDA,,,Não,,,"26,18%",,"937.657,39",,
,28.117.411/0001-80,,,,,,SPIN SOLUCOES PUBLICAS INTELIGENTES CONSULTORIA LTDA.,,,Sim,,,"20,36%",,"729.209,49",,
https://www.bndes.gov.br/arquivos/contratos-administrativos/4400004603.zip,26.288.600/0001-90,41.738.065/0001-16,MUNICIPIO DO RECIFE,Sim,CONSORCIO PITIGUARI - PARQUES BRASILEIROS,07/01/2021,PLANTAR IDEIAS LTDA,Municipal,06/07/2023,Não,0003/2021,"Serviços necessários à estruturação de concessões de serviços públicos ou de uso de bem público relativos aos Parques Estaduais das Sete Passagens, da Serra do Conduru, Parque Metropolitano de Pituaçu, Parque Zoobotânico Getúlio Vargas e Parque Municipal de São Bartolomeu (BA), Parques Estaduais de Dois Irmãos e Mata da Pimenteira (PE), do Jalapão e do Cantão (TO) nos termos da RFP nº 08/2020 – AGOV/BNDES, abrangendo o apoio à visitação, revitalização, modernização, operação e manutenção dos serviços turísticos nos mesmos, prevendo o custeio de ações de apoio à conservação, proteção e gestão dos referidos parques e buscando promover a ampliação e inovação no escopo de serviços e atrativos disponibilizados ao visitante, possibilitando assim a melhoria contínua na qualidade dos serviços oferecidos.","33,82%",Serviço Único,"1.211.290,03","3.581.579,03",PARQUES RECIFE - DONA LINDU
,19.433.220/0001-37,,,,,,"QUEIROZ, MALUF SOCIEDADE DE ADVOGADOS",,,Não,,,"19,64%",,"703.422,12",,
,28.498.811/0001-83,,,,,,VALLYA ADVISORS ASSESSORIA FINANCEIRA LTDA,,,Não,,,"26,18%",,"937.657,39",,
,28.117.411/0001-80,,,,,,SPIN SOLUCOES PUBLICAS INTELIGENTES CONSULTORIA LTDA.,,,Sim,,,"20,36%",,"729.209,49",,
https://www.bndes.gov.br/arquivos/contratos-administrativos/4400004603.zip,26.288.600/0001-90,41.738.065/0001-16,MUNICIPIO DO RECIFE,Sim,CONSORCIO PITIGUARI - PARQUES BRASILEIROS,07/01/2021,PLANTAR IDEIAS LTDA,Municipal,06/07/2023,Não,0003/2021,"Serviços necessários à estruturação de concessões de serviços públicos ou de uso de bem público relativos aos Parques Estaduais das Sete Passagens, da Serra do Conduru, Parque Metropolitano de Pituaçu, Parque Zoobotânico Getúlio Vargas e Parque Municipal de São Bartolomeu (BA), Parques Estaduais de Dois Irmãos e Mata da Pimenteira (PE), do Jalapão e do Cantão (TO) nos termos da RFP nº 08/2020 – AGOV/BNDES, abrangendo o apoio à visitação, revitalização, modernização, operação e manutenção dos serviços turísticos nos mesmos, prevendo o custeio de ações de apoio à conservação, proteção e gestão dos referidos parques e buscando promover a ampliação e inovação no escopo de serviços e atrativos disponibilizados ao visitante, possibilitando assim a melhoria contínua na qualidade dos serviços oferecidos.","33,82%",Serviço Único,"1.211.290,03","3.581.579,03",PARQUES RECIFE - JAQUEIRA
,19.433.220/0001-37,,,,,,"QUEIROZ, MALUF SOCIEDADE DE ADVOGADOS",,,Não,,,"19,64%",,"703.422,12",,
,28.498.811/0001-83,,,,,,VALLYA ADVISORS ASSESSORIA FINANCEIRA LTDA,,,Não,,,"26,18%",,"937.657,39",,
,28.117.411/0001-80,,,,,,SPIN SOLUCOES PUBLICAS INTELIGENTES CONSULTORIA LTDA.,,,Sim,,,"20,36%",,"729.209,49",,
https://www.bndes.gov.br/arquivos/contratos-administrativos/4400004603.zip,26.288.600/0001-90,41.738.065/0001-16,MUNICIPIO DO RECIFE,Sim,CONSORCIO PITIGUARI - PARQUES BRASILEIROS,07/01/2021,PLANTAR IDEIAS LTDA,Municipal,06/07/2023,Não,0003/2021,"Serviços necessários à estruturação de concessões de serviços públicos ou de uso de bem público relativos aos Parques Estaduais das Sete Passagens, da Serra do Conduru, Parque Metropolitano de Pituaçu, Parque Zoobotânico Getúlio Vargas e Parque Municipal de São Bartolomeu (BA), Parques Estaduais de Dois Irmãos e Mata da Pimenteira (PE), do Jalapão e do Cantão (TO) nos termos da RFP nº 08/2020 – AGOV/BNDES, abrangendo o apoio à visitação, revitalização, modernização, operação e manutenção dos serviços turísticos nos mesmos, prevendo o custeio de ações de apoio à conservação, proteção e gestão dos referidos parques e buscando promover a ampliação e inovação no escopo de serviços e atrativos disponibilizados ao visitante, possibilitando assim a melhoria contínua na qualidade dos serviços oferecidos.","33,82%",Serviço Único,"1.211.290,03","3.581.579,03",PARQUES RECIFE - SANTANA
,19.433.220/0001-37,,,,,,"QUEIROZ, MALUF SOCIEDADE DE ADVOGADOS",,,Não,,,"19,64%",,"703.422,12",,
,28.498.811/0001-83,,,,,,VALLYA ADVISORS ASSESSORIA FINANCEIRA LTDA,,,Não,,,"26,18%",,"937.657,39",,
,28.117.411/0001-80,,,,,,SPIN SOLUCOES PUBLICAS INTELIGENTES CONSULTORIA LTDA.,,,Sim,,,"20,36%",,"729.209,49",,
https://www.bndes.gov.br/arquivos/contratos-administrativos/4400004603.zip,26.288.600/0001-90,41.738.065/0001-16,MUNICIPIO DO RECIFE,Sim,CONSORCIO PITIGUARI - PARQUES BRASILEIROS,07/01/2021,PLANTAR IDEIAS LTDA,Municipal,06/07/2023,Não,0003/2021,"Serviços necessários à estruturação de concessões de serviços públicos ou de uso de bem público relativos aos Parques Estaduais das Sete Passagens, da Serra do Conduru, Parque Metropolitano de Pituaçu, Parque Zoobotânico Getúlio Vargas e Parque Municipal de São Bartolomeu (BA), Parques Estaduais de Dois Irmãos e Mata da Pimenteira (PE), do Jalapão e do Cantão (TO) nos termos da RFP nº 08/2020 – AGOV/BNDES, abrangendo o apoio à visitação, revitalização, modernização, operação e manutenção dos serviços turísticos nos mesmos, prevendo o custeio de ações de apoio à conservação, proteção e gestão dos referidos parques e buscando promover a ampliação e inovação no escopo de serviços e atrativos disponibilizados ao visitante, possibilitando assim a melhoria contínua na qualidade dos serviços oferecidos.","33,82%",Serviço Único,"1.211.290,03","3.581.579,03",PARQUES RECIFE - URBANO DE MACAXEIRA
,19.433.220/0001-37,,,,,,"QUEIROZ, MALUF SOCIEDADE DE ADVOGADOS",,,Não,,,"19,64%",,"703.422,12",,
,28.498.811/0001-83,,,,,,VALLYA ADVISORS ASSESSORIA FINANCEIRA LTDA,,,Não,,,"26,18%",,"937.657,39",,
,28.117.411/0001-80,,,,,,SPIN SOLUCOES PUBLICAS INTELIGENTES CONSULTORIA LTDA.,,,Sim,,,"20,36%",,"729.209,49",,
https://www.bndes.gov.br/arquivos/contratos-administrativos/4400005530.zip,46.233.655/0001-00,52.750.793/0001-60,MUNICIPIO DE RIO DE JANEIRO,Sim,CONSORCIO RENOVA PARQUES,23/06/2023,ABICOM & CIA LTDA,Municipal,22/06/2027,Não,0164/2023,"Prestação de serviços necessários para: estruturação de projetos visando à concessão de serviços públicos ou de uso de bem público em parques no Município do Rio de Janeiro / RJ, abrangendo o apoio à visitação, revitalização, modernização, operação e manutenção dos serviços turísticos e de educação ambiental, e prevendo ainda o custeio de ações de apoio à conservação, proteção e gestão dos referidos parques e buscando promover a ampliação e inovação no escopo de serviços e atrativos disponibilizados ao visitante, possibilitando assim a melhoria contínua na qualidade dos serviços oferecidos, o desenvolvimento socioeconômico das comunidades de entorno através do turismo sustentável, garantindo a preservação e conservação ambiental destas Unidades.","16,97%",Serviço Único,"793.398,34","4.675.299,56",PARQUES RJ - BRIGADEIRO EDUARDO GOMES
,19.222.619/0001-79,,,,,,"AMARAL, PAES DE ANDRADE E FIGUEIREDO ADVOGADOS",,,Não,,,"23,74%",,"1.109.916,12",,
,71.740.294/0001-36,,,,,,UNA PARTNERS ECONOMIA E FINANCAS LTDA,,,Não,,,"41,47%",,"1.938.846,73",,
,30.711.044/0001-90,,,,,,INTEGRA PROJETOS E CONSULTORIA EMPRESARIAL LTDA,,,Sim,,,"17,82%",,"833.138,38",,
https://www.bndes.gov.br/arquivos/contratos-administrativos/4400005530.zip,46.233.655/0001-00,52.750.793/0001-60,MUNICIPIO DE RIO DE JANEIRO,Sim,CONSORCIO RENOVA PARQUES,23/06/2023,ABICOM & CIA LTDA,Municipal,22/06/2027,Não,0164/2023,"Prestação de serviços necessários para: estruturação de projetos visando à concessão de serviços públicos ou de uso de bem público em parques no Município do Rio de Janeiro / RJ, abrangendo o apoio à visitação, revitalização, modernização, operação e manutenção dos serviços turísticos e de educação ambiental, e prevendo ainda o custeio de ações de apoio à conservação, proteção e gestão dos referidos parques e buscando promover a ampliação e inovação no escopo de serviços e atrativos disponibilizados ao visitante, possibilitando assim a melhoria contínua na qualidade dos serviços oferecidos, o desenvolvimento socioeconômico das comunidades de entorno através do turismo sustentável, garantindo a preservação e conservação ambiental destas Unidades.","16,97%",Serviço Único,"793.398,34","4.675.299,56",PARQUES RJ - MADUREIRA (3)
,19.222.619/0001-79,,,,,,"AMARAL, PAES DE ANDRADE E FIGUEIREDO ADVOGADOS",,,Não,,,"23,74%",,"1.109.916,12",,
,71.740.294/0001-36,,,,,,UNA PARTNERS ECONOMIA E FINANCAS LTDA,,,Não,,,"41,47%",,"1.938.846,73",,
,30.711.044/0001-90,,,,,,INTEGRA PROJETOS E CONSULTORIA EMPRESARIAL LTDA,,,Sim,,,"17,82%",,"833.138,38",,
https://www.bndes.gov.br/arquivos/contratos-administrativos/4400005530.zip,46.233.655/0001-00,52.750.793/0001-60,MUNICIPIO DE RIO DE JANEIRO,Sim,CONSORCIO RENOVA PARQUES,23/06/2023,ABICOM & CIA LTDA,Municipal,22/06/2027,Não,0164/2023,"Prestação de serviços necessários para: estruturação de projetos visando à concessão de serviços públicos ou de uso de bem público em parques no Município do Rio de Janeiro / RJ, abrangendo o apoio à visitação, revitalização, modernização, operação e manutenção dos serviços turísticos e de educação ambiental, e prevendo ainda o custeio de ações de apoio à conservação, proteção e gestão dos referidos parques e buscando promover a ampliação e inovação no escopo de serviços e atrativos disponibilizados ao visitante, possibilitando assim a melhoria contínua na qualidade dos serviços oferecidos, o desenvolvimento socioeconômico das comunidades de entorno através do turismo sustentável, garantindo a preservação e conservação ambiental destas Unidades.","16,97%",Serviço Único,"793.398,34","4.675.299,56",PARQUES RJ - MARAPENDI/NELSON MANDELA
,19.222.619/0001-79,,,,,,"AMARAL, PAES DE ANDRADE E FIGUEIREDO ADVOGADOS",,,Não,,,"23,74%",,"1.109.916,12",,
,71.740.294/0001-36,,,,,,UNA PARTNERS ECONOMIA E FINANCAS LTDA,,,Não,,,"41,47%",,"1.938.846,73",,
,30.711.044/0001-90,,,,,,INTEGRA PROJETOS E CONSULTORIA EMPRESARIAL LTDA,,,Sim,,,"17,82%",,"833.138,38",,
https://www.bndes.gov.br/arquivos/contratos-administrativos/4400005530.zip,46.233.655/0001-00,52.750.793/0001-60,MUNICIPIO DE RIO DE JANEIRO,Sim,CONSORCIO RENOVA PARQUES,23/06/2023,ABICOM & CIA LTDA,Municipal,22/06/2027,Não,0164/2023,"Prestação de serviços necessários para: estruturação de projetos visando à concessão de serviços públicos ou de uso de bem público em parques no Município do Rio de Janeiro / RJ, abrangendo o apoio à visitação, revitalização, modernização, operação e manutenção dos serviços turísticos e de educação ambiental, e prevendo ainda o custeio de ações de apoio à conservação, proteção e gestão dos referidos parques e buscando promover a ampliação e inovação no escopo de serviços e atrativos disponibilizados ao visitante, possibilitando assim a melhoria contínua na qualidade dos serviços oferecidos, o desenvolvimento socioeconômico das comunidades de entorno através do turismo sustentável, garantindo a preservação e conservação ambiental destas Unidades.","16,97%",Serviço Único,"793.398,34","4.675.299,56",PARQUES RJ - PENHASCO DOIS IRMÃOS (3)
,19.222.619/0001-79,,,,,,"AMARAL, PAES DE ANDRADE E FIGUEIREDO ADVOGADOS",,,Não,,,"23,74%",,"1.109.916,12",,
,71.740.294/0001-36,,,,,,UNA PARTNERS ECONOMIA E FINANCAS LTDA,,,Não,,,"41,47%",,"1.938.846,73",,
,30.711.044/0001-90,,,,,,INTEGRA PROJETOS E CONSULTORIA EMPRESARIAL LTDA,,,Sim,,,"17,82%",,"833.138,38",,
https://www.bndes.gov.br/arquivos/contratos-administrativos/4400005530.zip,46.233.655/0001-00,52.750.793/0001-60,MUNICIPIO DE RIO DE JANEIRO,Sim,CONSORCIO RENOVA PARQUES,23/06/2023,ABICOM & CIA LTDA,Municipal,22/06/2027,Não,0164/2023,"Prestação de serviços necessários para: estruturação de projetos visando à concessão de serviços públicos ou de uso de bem público em parques no Município do Rio de Janeiro / RJ, abrangendo o apoio à visitação, revitalização, modernização, operação e manutenção dos serviços turísticos e de educação ambiental, e prevendo ainda o custeio de ações de apoio à conservação, proteção e gestão dos referidos parques e buscando promover a ampliação e inovação no escopo de serviços e atrativos disponibilizados ao visitante, possibilitando assim a melhoria contínua na qualidade dos serviços oferecidos, o desenvolvimento socioeconômico das comunidades de entorno através do turismo sustentável, garantindo a preservação e conservação ambiental destas Unidades.","16,97%",Serviço Único,"793.398,34","4.675.299,56",PARQUES RJ - QUINTA DA BOA VISTA
,19.222.619/0001-79,,,,,,"AMARAL, PAES DE ANDRADE E FIGUEIREDO ADVOGADOS",,,Não,,,"23,74%",,"1.109.916,12",,
,71.740.294/0001-36,,,,,,UNA PARTNERS ECONOMIA E FINANCAS LTDA,,,Não,,,"41,47%",,"1.938.846,73",,
,30.711.044/0001-90,,,,,,INTEGRA PROJETOS E CONSULTORIA EMPRESARIAL LTDA,,,Sim,,,"17,82%",,"833.138,38",,
https://www.bndes.gov.br/arquivos/contratos-administrativos/4400005530.zip,46.233.655/0001-00,52.750.793/0001-60,MUNICIPIO DE RIO DE JANEIRO,Sim,CONSORCIO RENOVA PARQUES,23/06/2023,ABICOM & CIA LTDA,Municipal,22/06/2027,Não,0164/2023,"Prestação de serviços necessários para: estruturação de projetos visando à concessão de serviços públicos ou de uso de bem público em parques no Município do Rio de Janeiro / RJ, abrangendo o apoio à visitação, revitalização, modernização, operação e manutenção dos serviços turísticos e de educação ambiental, e prevendo ainda o custeio de ações de apoio à conservação, proteção e gestão dos referidos parques e buscando promover a ampliação e inovação no escopo de serviços e atrativos disponibilizados ao visitante, possibilitando assim a melhoria contínua na qualidade dos serviços oferecidos, o desenvolvimento socioeconômico das comunidades de entorno através do turismo sustentável, garantindo a preservação e conservação ambiental destas Unidades.","16,97%",Serviço Único,"793.398,34","4.675.299,56",PARQUES RJ - TOM JOBIM/LAGOA
,19.222.619/0001-79,,,,,,"AMARAL, PAES DE ANDRADE E FIGUEIREDO ADVOGADOS",,,Não,,,"23,74%",,"1.109.916,12",,
,71.740.294/0001-36,,,,,,UNA PARTNERS ECONOMIA E FINANCAS LTDA,,,Não,,,"41,47%",,"1.938.846,73",,
,30.711.044/0001-90,,,,,,INTEGRA PROJETOS E CONSULTORIA EMPRESARIAL LTDA,,,Sim,,,"17,82%",,"833.138,38",,
https://www.bndes.gov.br/arquivos/contratos-administrativos/4400004596.zip,26.288.600/0001-90,41.738.118/0001-07,ESTADO DO RIO GRANDE DO SUL,Sim,CONSORCIO ARAUCARIAS - PARQUES BRASILEIROS,07/01/2021,PLANTAR IDEIAS LTDA,Estadual,06/07/2023,Não,0004/2021,"Serviços necessários à estruturação de concessões de serviços públicos ou de uso de bem público relativos aos Parques Estaduais do Caracol, Delta do Jacuí, Tainhas, Turvo e o Jardim Botânico de Porto Alegre - do Estado do Rio Grande do Sul nos termos da RFP nº 05/2020 – AGOV/BNDES abrangendo o apoio à visitação, revitalização, modernização, operação e manutenção dos serviços turísticos nos mesmos, prevendo o custeio de ações de apoio à conservação, proteção e gestão dos referidos parques e buscando promover a ampliação e inovação no escopo de serviços e atrativos disponibilizados ao visitante, possibilitando assim a melhoria contínua na qualidade dos serviços oferecidos.","27,85%",Serviço Único,"439.330,47","1.577.488,22",PARQUES RS - CARACOL/TAINHAS (2)
,19.433.220/0001-37,,,,,,"QUEIROZ, MALUF SOCIEDADE DE ADVOGADOS",,,Não,,,"17,90%",,"282.370,39",,
,28.498.811/0001-83,,,,,,VALLYA ADVISORS ASSESSORIA FINANCEIRA LTDA,,,Não,,,"23,20%",,"365.977,27",,
,28.117.411/0001-80,,,,,,SPIN SOLUCOES PUBLICAS INTELIGENTES CONSULTORIA LTDA.,,,Sim,,,"31,05%",,"489.810,09",,
https://www.bndes.gov.br/arquivos/contratos-administrativos/4400004596.zip,26.288.600/0001-90,41.738.118/0001-07,ESTADO DO RIO GRANDE DO SUL,Sim,CONSORCIO ARAUCARIAS - PARQUES BRASILEIROS,07/01/2021,PLANTAR IDEIAS LTDA,Estadual,06/07/2023,Não,0004/2021,"Serviços necessários à estruturação de concessões de serviços públicos ou de uso de bem público relativos aos Parques Estaduais do Caracol, Delta do Jacuí, Tainhas, Turvo e o Jardim Botânico de Porto Alegre - do Estado do Rio Grande do Sul nos termos da RFP nº 05/2020 – AGOV/BNDES abrangendo o apoio à visitação, revitalização, modernização, operação e manutenção dos serviços turísticos nos mesmos, prevendo o custeio de ações de apoio à conservação, proteção e gestão dos referidos parques e buscando promover a ampliação e inovação no escopo de serviços e atrativos disponibilizados ao visitante, possibilitando assim a melhoria contínua na qualidade dos serviços oferecidos.","27,85%",Serviço Único,"439.330,47","1.577.488,22",PARQUES RS - DELTA DO JACUÍ
,19.433.220/0001-37,,,,,,"QUEIROZ, MALUF SOCIEDADE DE ADVOGADOS",,,Não,,,"17,90%",,"282.370,39",,
,28.498.811/0001-83,,,,,,VALLYA ADVISORS ASSESSORIA FINANCEIRA LTDA,,,Não,,,"23,20%",,"365.977,27",,
,28.117.411/0001-80,,,,,,SPIN SOLUCOES PUBLICAS INTELIGENTES CONSULTORIA LTDA.,,,Sim,,,"31,05%",,"489.810,09",,
https://www.bndes.gov.br/arquivos/contratos-administrativos/4400004596.zip,26.288.600/0001-90,41.738.118/0001-07,ESTADO DO RIO GRANDE DO SUL,Sim,CONSORCIO ARAUCARIAS - PARQUES BRASILEIROS,07/01/2021,PLANTAR IDEIAS LTDA,Estadual,06/07/2023,Não,0004/2021,"Serviços necessários à estruturação de concessões de serviços públicos ou de uso de bem público relativos aos Parques Estaduais do Caracol, Delta do Jacuí, Tainhas, Turvo e o Jardim Botânico de Porto Alegre - do Estado do Rio Grande do Sul nos termos da RFP nº 05/2020 – AGOV/BNDES abrangendo o apoio à visitação, revitalização, modernização, operação e manutenção dos serviços turísticos nos mesmos, prevendo o custeio de ações de apoio à conservação, proteção e gestão dos referidos parques e buscando promover a ampliação e inovação no escopo de serviços e atrativos disponibilizados ao visitante, possibilitando assim a melhoria contínua na qualidade dos serviços oferecidos.","27,85%",Serviço Único,"439.330,47","1.577.488,22",PARQUES RS - JARDIM BOTÂNICO
,19.433.220/0001-37,,,,,,"QUEIROZ, MALUF SOCIEDADE DE ADVOGADOS",,,Não,,,"17,90%",,"282.370,39",,
,28.498.811/0001-83,,,,,,VALLYA ADVISORS ASSESSORIA FINANCEIRA LTDA,,,Não,,,"23,20%",,"365.977,27",,
,28.117.411/0001-80,,,,,,SPIN SOLUCOES PUBLICAS INTELIGENTES CONSULTORIA LTDA.,,,Sim,,,"31,05%",,"489.810,09",,
https://www.bndes.gov.br/arquivos/contratos-administrativos/4400004596.zip,26.288.600/0001-90,41.738.118/0001-07,ESTADO DO RIO GRANDE DO SUL,Sim,CONSORCIO ARAUCARIAS - PARQUES BRASILEIROS,07/01/2021,PLANTAR IDEIAS LTDA,Estadual,06/07/2023,Não,0004/2021,"Serviços necessários à estruturação de concessões de serviços públicos ou de uso de bem público relativos aos Parques Estaduais do Caracol, Delta do Jacuí, Tainhas, Turvo e o Jardim Botânico de Porto Alegre - do Estado do Rio Grande do Sul nos termos da RFP nº 05/2020 – AGOV/BNDES abrangendo o apoio à visitação, revitalização, modernização, operação e manutenção dos serviços turísticos nos mesmos, prevendo o custeio de ações de apoio à conservação, proteção e gestão dos referidos parques e buscando promover a ampliação e inovação no escopo de serviços e atrativos disponibilizados ao visitante, possibilitando assim a melhoria contínua na qualidade dos serviços oferecidos.","27,85%",Serviço Único,"439.330,47","1.577.488,22",PARQUES RS - TURVO
,19.433.220/0001-37,,,,,,"QUEIROZ, MALUF SOCIEDADE DE ADVOGADOS",,,Não,,,"17,90%",,"282.370,39",,
,28.498.811/0001-83,,,,,,VALLYA ADVISORS ASSESSORIA FINANCEIRA LTDA,,,Não,,,"23,20%",,"365.977,27",,
,28.117.411/0001-80,,,,,,SPIN SOLUCOES PUBLICAS INTELIGENTES CONSULTORIA LTDA.,,,Sim,,,"31,05%",,"489.810,09",,
https://www.bndes.gov.br/arquivos/contratos-administrativos/4400004556.zip,03.552.499/0001-38,40.343.610/0001-02,ESTADO DE SANTA CATARINA,Sim,CONSORCIO MODELAGEM PARQUES BLOCO 3,11/01/2021,URBAN SYSTEMS BRASIL ESTUDOS DE MERCADO LTDA,Estadual,10/07/2023,Não,0006/2021,"Prestação de serviços necessários à estruturação de concessões de serviços públicos ou de uso de bem público relativos aos Parques Estaduais do Ibitipoca, do Rio Doce, do Biribiri, do Itacolomi, Serra do Rola-Moça, do Rio Preto e Pico do Itambé (MG), da Serra do Tabuleiro, da Serra Furada, Fritz Plaumann, Rio Canoas e do Acaraí (SC) nos termos da RFP nº 07/2020 – AGOV/BNDES abrangendo o apoio à visitação, revitalização, modernização, operação e manutenção dos serviços turísticos nos mesmos, prevendo o custeio de ações de apoio à conservação, proteção e gestão dos referidos parques e buscando promover a ampliação e inovação no escopo de serviços e atrativos disponibilizados ao visitante, possibilitando assim a melhoria contínua na qualidade dos serviços oferecidos.","21,00%",Serviço Único,"589.156,62","2.805.507,71",PARQUES SC - ACARAÍ
,18.865.283/0001-08,,,,,,VIANA CASTRO ADVOGADOS,,,Não,,,"22,00%",,"617.211,70",,
,22.111.570/0001-91,,,,,,HOUER CONSULTORIA E CONCESSOES LTDA,,,Sim,,,"57,00%",,"1.599.139,39",,
https://www.bndes.gov.br/arquivos/contratos-administrativos/4400004556.zip,03.552.499/0001-38,40.343.610/0001-02,ESTADO DE SANTA CATARINA,Sim,CONSORCIO MODELAGEM PARQUES BLOCO 3,11/01/2021,URBAN SYSTEMS BRASIL ESTUDOS DE MERCADO LTDA,Estadual,10/07/2023,Não,0006/2021,"Prestação de serviços necessários à estruturação de concessões de serviços públicos ou de uso de bem público relativos aos Parques Estaduais do Ibitipoca, do Rio Doce, do Biribiri, do Itacolomi, Serra do Rola-Moça, do Rio Preto e Pico do Itambé (MG), da Serra do Tabuleiro, da Serra Furada, Fritz Plaumann, Rio Canoas e do Acaraí (SC) nos termos da RFP nº 07/2020 – AGOV/BNDES abrangendo o apoio à visitação, revitalização, modernização, operação e manutenção dos serviços turísticos nos mesmos, prevendo o custeio de ações de apoio à conservação, proteção e gestão dos referidos parques e buscando promover a ampliação e inovação no escopo de serviços e atrativos disponibilizados ao visitante, possibilitando assim a melhoria contínua na qualidade dos serviços oferecidos.","21,00%",Serviço Único,"589.156,62","2.805.507,71",PARQUES SC - FRITZ PLAUMANN
,18.865.283/0001-08,,,,,,VIANA CASTRO ADVOGADOS,,,Não,,,"22,00%",,"617.211,70",,
,22.111.570/0001-91,,,,,,HOUER CONSULTORIA E CONCESSOES LTDA,,,Sim,,,"57,00%",,"1.599.139,39",,
https://www.bndes.gov.br/arquivos/contratos-administrativos/4400004556.zip,03.552.499/0001-38,40.343.610/0001-02,ESTADO DE SANTA CATARINA,Sim,CONSORCIO MODELAGEM PARQUES BLOCO 3,11/01/2021,URBAN SYSTEMS BRASIL ESTUDOS DE MERCADO LTDA,Estadual,10/07/2023,Não,0006/2021,"Prestação de serviços necessários à estruturação de concessões de serviços públicos ou de uso de bem público relativos aos Parques Estaduais do Ibitipoca, do Rio Doce, do Biribiri, do Itacolomi, Serra do Rola-Moça, do Rio Preto e Pico do Itambé (MG), da Serra do Tabuleiro, da Serra Furada, Fritz Plaumann, Rio Canoas e do Acaraí (SC) nos termos da RFP nº 07/2020 – AGOV/BNDES abrangendo o apoio à visitação, revitalização, modernização, operação e manutenção dos serviços turísticos nos mesmos, prevendo o custeio de ações de apoio à conservação, proteção e gestão dos referidos parques e buscando promover a ampliação e inovação no escopo de serviços e atrativos disponibilizados ao visitante, possibilitando assim a melhoria contínua na qualidade dos serviços oferecidos.","21,00%",Serviço Único,"589.156,62","2.805.507,71",PARQUES SC - RIO CANOAS
,18.865.283/0001-08,,,,,,VIANA CASTRO ADVOGADOS,,,Não,,,"22,00%",,"617.211,70",,
,22.111.570/0001-91,,,,,,HOUER CONSULTORIA E CONCESSOES LTDA,,,Sim,,,"57,00%",,"1.599.139,39",,
https://www.bndes.gov.br/arquivos/contratos-administrativos/4400004556.zip,03.552.499/0001-38,40.343.610/0001-02,ESTADO DE SANTA CATARINA,Sim,CONSORCIO MODELAGEM PARQUES BLOCO 3,11/01/2021,URBAN SYSTEMS BRASIL ESTUDOS DE MERCADO LTDA,Estadual,10/07/2023,Não,0006/2021,"Prestação de serviços necessários à estruturação de concessões de serviços públicos ou de uso de bem público relativos aos Parques Estaduais do Ibitipoca, do Rio Doce, do Biribiri, do Itacolomi, Serra do Rola-Moça, do Rio Preto e Pico do Itambé (MG), da Serra do Tabuleiro, da Serra Furada, Fritz Plaumann, Rio Canoas e do Acaraí (SC) nos termos da RFP nº 07/2020 – AGOV/BNDES abrangendo o apoio à visitação, revitalização, modernização, operação e manutenção dos serviços turísticos nos mesmos, prevendo o custeio de ações de apoio à conservação, proteção e gestão dos referidos parques e buscando promover a ampliação e inovação no escopo de serviços e atrativos disponibilizados ao visitante, possibilitando assim a melhoria contínua na qualidade dos serviços oferecidos.","21,00%",Serviço Único,"589.156,62","2.805.507,71",PARQUES SC - SERRA DO TABULEIRO
,18.865.283/0001-08,,,,,,VIANA CASTRO ADVOGADOS,,,Não,,,"22,00%",,"617.211,70",,
,22.111.570/0001-91,,,,,,HOUER CONSULTORIA E CONCESSOES LTDA,,,Sim,,,"57,00%",,"1.599.139,39",,
https://www.bndes.gov.br/arquivos/contratos-administrativos/4400004556.zip,03.552.499/0001-38,40.343.610/0001-02,ESTADO DE SANTA CATARINA,Sim,CONSORCIO MODELAGEM PARQUES BLOCO 3,11/01/2021,URBAN SYSTEMS BRASIL ESTUDOS DE MERCADO LTDA,Estadual,10/07/2023,Não,0006/2021,"Prestação de serviços necessários à estruturação de concessões de serviços públicos ou de uso de bem público relativos aos Parques Estaduais do Ibitipoca, do Rio Doce, do Biribiri, do Itacolomi, Serra do Rola-Moça, do Rio Preto e Pico do Itambé (MG), da Serra do Tabuleiro, da Serra Furada, Fritz Plaumann, Rio Canoas e do Acaraí (SC) nos termos da RFP nº 07/2020 – AGOV/BNDES abrangendo o apoio à visitação, revitalização, modernização, operação e manutenção dos serviços turísticos nos mesmos, prevendo o custeio de ações de apoio à conservação, proteção e gestão dos referidos parques e buscando promover a ampliação e inovação no escopo de serviços e atrativos disponibilizados ao visitante, possibilitando assim a melhoria contínua na qualidade dos serviços oferecidos.","21,00%",Serviço Único,"589.156,62","2.805.507,71",PARQUES SC - SERRA FURADA
,18.865.283/0001-08,,,,,,VIANA CASTRO ADVOGADOS,,,Não,,,"22,00%",,"617.211,70",,
,22.111.570/0001-91,,,,,,HOUER CONSULTORIA E CONCESSOES LTDA,,,Sim,,,"57,00%",,"1.599.139,39",,
https://www.bndes.gov.br/arquivos/contratos-administrativos/4400005963.zip,14.171.693/0001-90,55.607.777/0001-00,ESTADO DE SAO PAULO,Sim,CONSORCIO DE ESTRUTURACAO DE PARQUES,13/06/2024,MACIEL ROCHA SOCIEDADE DE ADVOGADOS,Estadual,12/06/2029,Não,0197/2024,"Execução dos SERVIÇOS TÉCNICOS, o que inclui a elaboração de PRODUTOS e a prestação de SERVIÇOS ESPECIALIZADOS, necessários para apoiar o BNDES na estruturação de projetos de concessão e demais arranjos de parcerias entre os setores público e privado voltadas para os serviços de uso público e visitação em parques, observado ainda o detalhamento constante das ESPECIFICAÇÕES TÉCNICAS, da PROPOSTA COMERCIAL, da MATRIZ DE RISCOS e da TABELA DE PRODUTOS e SERVIÇOS, respeitado o limite de até 15 (quinze) ativos, conforme definição e detalhamento constantes das ESPECIFICAÇÕES TÉCNICAS.","20,00%",Serviço Único,"3.074.024,63","15.370.123,16",PARQUES SP - BELÉM - MANOEL PITTA
,03.902.914/0001-36,,,,,,CREATO CONSULTORIA E PROJETOS LTDA,,,Sim,,,"80,00%",,"12.296.098,53",,
https://www.bndes.gov.br/arquivos/contratos-administrativos/4400005963.zip,14.171.693/0001-90,55.607.777/0001-00,ESTADO DE SAO PAULO,Sim,CONSORCIO DE ESTRUTURACAO DE PARQUES,13/06/2024,MACIEL ROCHA SOCIEDADE DE ADVOGADOS,Estadual,12/06/2029,Não,0197/2024,"Execução dos SERVIÇOS TÉCNICOS, o que inclui a elaboração de PRODUTOS e a prestação de SERVIÇOS ESPECIALIZADOS, necessários para apoiar o BNDES na estruturação de projetos de concessão e demais arranjos de parcerias entre os setores público e privado voltadas para os serviços de uso público e visitação em parques, observado ainda o detalhamento constante das ESPECIFICAÇÕES TÉCNICAS, da PROPOSTA COMERCIAL, da MATRIZ DE RISCOS e da TABELA DE PRODUTOS e SERVIÇOS, respeitado o limite de até 15 (quinze) ativos, conforme definição e detalhamento constantes das ESPECIFICAÇÕES TÉCNICAS.","20,00%",Serviço Único,"3.074.024,63","15.370.123,16",PARQUES SP - GUARAPIRANGA
,03.902.914/0001-36,,,,,,CREATO CONSULTORIA E PROJETOS LTDA,,,Sim,,,"80,00%",,"12.296.098,53",,
https://www.bndes.gov.br/arquivos/contratos-administrativos/4400005963.zip,14.171.693/0001-90,55.607.777/0001-00,ESTADO DE SAO PAULO,Sim,CONSORCIO DE ESTRUTURACAO DE PARQUES,13/06/2024,MACIEL ROCHA SOCIEDADE DE ADVOGADOS,Estadual,12/06/2029,Não,0197/2024,"Execução dos SERVIÇOS TÉCNICOS, o que inclui a elaboração de PRODUTOS e a prestação de SERVIÇOS ESPECIALIZADOS, necessários para apoiar o BNDES na estruturação de projetos de concessão e demais arranjos de parcerias entre os setores público e privado voltadas para os serviços de uso público e visitação em parques, observado ainda o detalhamento constante das ESPECIFICAÇÕES TÉCNICAS, da PROPOSTA COMERCIAL, da MATRIZ DE RISCOS e da TABELA DE PRODUTOS e SERVIÇOS, respeitado o limite de até 15 (quinze) ativos, conforme definição e detalhamento constantes das ESPECIFICAÇÕES TÉCNICAS.","20,00%",Serviço Único,"3.074.024,63","15.370.123,16",PARQUES SP - JUVENTUDE
,03.902.914/0001-36,,,,,,CREATO CONSULTORIA E PROJETOS LTDA,,,Sim,,,"80,00%",,"12.296.098,53",,
https://www.bndes.gov.br/arquivos/contratos-administrativos/4400005963.zip,14.171.693/0001-90,55.607.777/0001-00,ESTADO DE SAO PAULO,Sim,CONSORCIO DE ESTRUTURACAO DE PARQUES,13/06/2024,MACIEL ROCHA SOCIEDADE DE ADVOGADOS,Estadual,12/06/2029,Não,0197/2024,"Execução dos SERVIÇOS TÉCNICOS, o que inclui a elaboração de PRODUTOS e a prestação de SERVIÇOS ESPECIALIZADOS, necessários para apoiar o BNDES na estruturação de projetos de concessão e demais arranjos de parcerias entre os setores público e privado voltadas para os serviços de uso público e visitação em parques, observado ainda o detalhamento constante das ESPECIFICAÇÕES TÉCNICAS, da PROPOSTA COMERCIAL, da MATRIZ DE RISCOS e da TABELA DE PRODUTOS e SERVIÇOS, respeitado o limite de até 15 (quinze) ativos, conforme definição e detalhamento constantes das ESPECIFICAÇÕES TÉCNICAS.","20,00%",Serviço Único,"3.074.024,63","15.370.123,16",PARQUES SP - TIETÊ
,03.902.914/0001-36,,,,,,CREATO CONSULTORIA E PROJETOS LTDA,,,Sim,,,"80,00%",,"12.296.098,53",,
https://www.bndes.gov.br/arquivos/contratos-administrativos/4400004603.zip,26.288.600/0001-90,41.738.065/0001-16,ESTADO DO TOCANTINS,Sim,CONSORCIO PITIGUARI - PARQUES BRASILEIROS,07/01/2021,PLANTAR IDEIAS LTDA,Estadual,06/07/2023,Não,0003/2021,"Serviços necessários à estruturação de concessões de serviços públicos ou de uso de bem público relativos aos Parques Estaduais das Sete Passagens, da Serra do Conduru, Parque Metropolitano de Pituaçu, Parque Zoobotânico Getúlio Vargas e Parque Municipal de São Bartolomeu (BA), Parques Estaduais de Dois Irmãos e Mata da Pimenteira (PE), do Jalapão e do Cantão (TO) nos termos da RFP nº 08/2020 – AGOV/BNDES, abrangendo o apoio à visitação, revitalização, modernização, operação e manutenção dos serviços turísticos nos mesmos, prevendo o custeio de ações de apoio à conservação, proteção e gestão dos referidos parques e buscando promover a ampliação e inovação no escopo de serviços e atrativos disponibilizados ao visitante, possibilitando assim a melhoria contínua na qualidade dos serviços oferecidos.","33,82%",Serviço Único,"1.211.290,03","3.581.579,03",PARQUES TO - CANTÃO
,19.433.220/0001-37,,,,,,"QUEIROZ, MALUF SOCIEDADE DE ADVOGADOS",,,Não,,,"19,64%",,"703.422,12",,
,28.498.811/0001-83,,,,,,VALLYA ADVISORS ASSESSORIA FINANCEIRA LTDA,,,Não,,,"26,18%",,"937.657,39",,
,28.117.411/0001-80,,,,,,SPIN SOLUCOES PUBLICAS INTELIGENTES CONSULTORIA LTDA.,,,Sim,,,"20,36%",,"729.209,49",,
https://www.bndes.gov.br/arquivos/contratos-administrativos/4400004603.zip,26.288.600/0001-90,41.738.065/0001-16,ESTADO DO TOCANTINS,Sim,CONSORCIO PITIGUARI - PARQUES BRASILEIROS,07/01/2021,PLANTAR IDEIAS LTDA,Estadual,06/07/2023,Não,0003/2021,"Serviços necessários à estruturação de concessões de serviços públicos ou de uso de bem público relativos aos Parques Estaduais das Sete Passagens, da Serra do Conduru, Parque Metropolitano de Pituaçu, Parque Zoobotânico Getúlio Vargas e Parque Municipal de São Bartolomeu (BA), Parques Estaduais de Dois Irmãos e Mata da Pimenteira (PE), do Jalapão e do Cantão (TO) nos termos da RFP nº 08/2020 – AGOV/BNDES, abrangendo o apoio à visitação, revitalização, modernização, operação e manutenção dos serviços turísticos nos mesmos, prevendo o custeio de ações de apoio à conservação, proteção e gestão dos referidos parques e buscando promover a ampliação e inovação no escopo de serviços e atrativos disponibilizados ao visitante, possibilitando assim a melhoria contínua na qualidade dos serviços oferecidos.","33,82%",Serviço Único,"1.211.290,03","3.581.579,03",PARQUES TO - JALAPÃO (ANTIGO)
,19.433.220/0001-37,,,,,,"QUEIROZ, MALUF SOCIEDADE DE ADVOGADOS",,,Não,,,"19,64%",,"703.422,12",,
,28.498.811/0001-83,,,,,,VALLYA ADVISORS ASSESSORIA FINANCEIRA LTDA,,,Não,,,"26,18%",,"937.657,39",,
,28.117.411/0001-80,,,,,,SPIN SOLUCOES PUBLICAS INTELIGENTES CONSULTORIA LTDA.,,,Sim,,,"20,36%",,"729.209,49",,
https://www.bndes.gov.br/arquivos/contratos-administrativos/4400003580.zip,00.149.952/0001-71,32.127.329/0001-04,MUNICIPIO DE PELOTAS,Não,CONSORCIO EY/DIAMANTINO/ILUMISUL,19/12/2018,DIAMANTINO ADVOGADOS ASSOCIADOS,Municipal,06/12/2020,Não,0493/2018,"Contratação de serviços técnicos necessários à estruturação de projeto de Parceria Público-Privada (PPP) destinada à modernização, eficientização, expansão, operação e manutenção da infraestrutura da rede de iluminação pública do município de Pelotas - RS.","25,00%",Serviço Único,"232.097,98","928.391,93",PELOTAS IP
,12.917.918/0001-89,,,,,,ILUMISUL SOLUCOES URBANAS E LUMINOTECNICA LTDA,,,Não,,,"35,00%",,"324.937,18",,
,59.527.788/0001-31,,,,,,ERNST & YOUNG ASSESSORIA EMPRESARIAL LTDA,,,Sim,,,"40,00%",,"371.356,77",,
https://www.bndes.gov.br/arquivos/contratos-administrativos/4400005506.zip,33.146.648/0001-20,27.867.764/0001-35,ESTADO DE PERNAMBUCO,Sim,CONSORCIO FATOR/CONCREMAT/VG&P,16/06/2023,CONCREMAT ENGENHARIA E TECNOLOGIA S/A,Estadual,15/06/2026,Não,0153/2023,"Prestação dos serviços técnico-consultivos necessários para apoiar a estruturação de projeto de desestatização, mediante participação da iniciativa privada, tendo por escopo a prestação de serviços públicos de abastecimento de água e de esgotamento sanitário em todos os municípios localizados no Estado de Pernambuco, a ser realizada pelo BNDES, conforme especificações constantes do Termo de Especificações Técnicas.","47,74%",Serviço Único,"2.309.449,46","4.837.556,47",PERNAMBUCO - SANEAMENTO - BLOCO 1
,04.000.948/0001-06,,,,,,"VERNALHA, PEREIRA ADVOGADOS",,,Não,,,"24,66%",,"1.192.941,43",,
,33.644.196/0001-06,,,,,,BANCO FATOR S/A,,,Sim,,,"27,60%",,"1.335.165,59",,
https://www.bndes.gov.br/arquivos/contratos-administrativos/4400005506.zip,33.146.648/0001-20,27.867.764/0001-35,ESTADO DE PERNAMBUCO,Sim,CONSORCIO FATOR/CONCREMAT/VG&P,16/06/2023,CONCREMAT ENGENHARIA E TECNOLOGIA S/A,Estadual,15/06/2026,Não,0153/2023,"Prestação dos serviços técnico-consultivos necessários para apoiar a estruturação de projeto de desestatização, mediante participação da iniciativa privada, tendo por escopo a prestação de serviços públicos de abastecimento de água e de esgotamento sanitário em todos os municípios localizados no Estado de Pernambuco, a ser realizada pelo BNDES, conforme especificações constantes do Termo de Especificações Técnicas.","47,74%",Serviço Único,"2.309.449,46","4.837.556,47",PERNAMBUCO - SANEAMENTO - BLOCO 2
,04.000.948/0001-06,,,,,,"VERNALHA, PEREIRA ADVOGADOS",,,Não,,,"24,66%",,"1.192.941,43",,
,33.644.196/0001-06,,,,,,BANCO FATOR S/A,,,Sim,,,"27,60%",,"1.335.165,59",,
https://www.bndes.gov.br/arquivos/contratos-administrativos/4400003492.zip,19.453.651/0001-65,31.789.304/0001-03,MUNICIPIO DE PETROLINA,Sim,CONSORCIO ACCENTURE-MOYSES & PIRES,31/10/2018,MOYSES & PIRES SOCIEDADE DE ADVOGADOS,Municipal,30/04/2023,Não,0421/2018,"Contratação de serviços técnicos necessários para a estruturação de projeto(s) de Parceria Público-Privada (PPP) relativo(s) à modernização, eficientização, expansão, operação e manutenção da infraestrutura de rede(s) municipal(is) de ILUMINAÇÃO PÚBLICA que tenha(m) até 200.000 (duzentos mil) pontos de luz.","25,00%",Serviço Único,"837.497,62","3.349.990,48",PETROLINA IP
,96.534.094/0001-58,,,,,,ACCENTURE DO BRASIL LTDA,,,Sim,,,"75,00%",,"2.512.492,86",,
https://www.bndes.gov.br/arquivos/contratos-administrativos/4400003003.zip,22.833.334/0001-89,29.003.683/0001-12,MUNICIPIO DE PORTO ALEGRE,Não,CONSORCIO HOUER/ RSI/ MACIEL ROCHA,30/10/2017,ALBINO SOCIEDADE DE ADVOGADOS,Municipal,29/12/2020,Não,0481/2017,"A contratação de serviços técnicos especializados necessários à estruturação de projeto de Parceria Público-Privada destinado à modernização, eficientização, expansão, operação e manutenção da infraestrutura da rede de iluminação pública do Município de Porto Alegre - RS","16,66%",Serviço Único,"150.026,69","900.520,34",PORTO ALEGRE IP
,18.578.135/0001-02,,,,,,HOUER ENGENHARIA LTDA,,,Não,,,"34,00%",,"306.176,92",,
,14.171.693/0001-90,,,,,,MACIEL ROCHA SOCIEDADE DE ADVOGADOS,,,Não,,,"16,66%",,"150.026,69",,
,22.111.570/0001-91,,,,,,HOUER CONSULTORIA E CONCESSOES LTDA,,,Sim,,,"32,68%",,"294.290,05",,
https://www.bndes.gov.br/arquivos/contratos-administrativos/4400004112.zip,22.111.570/0001-91,35.826.036/0001-03,MUNICIPIO DE PORTO ALEGRE,Não,CONSORCIO HHMS,17/01/2020,HOUER CONSULTORIA E CONCESSOES LTDA,Municipal,16/09/2024,Não,0418/2019,Contratação de serviços técnicos especializados necessários à delegação dos serviços de saneamento no Município de Porto Alegre - RS.,"17,14%",Serviço Único,"381.577,13","2.226.237,63",PORTO ALEGRE SANEAMENTO
,03.706.936/0001-20,,,,,,MACHADO MEYER SENDACZ OPICE E ANDRADE ADVOGADOS,,,Não,,,"31,43%",,"699.706,49",,
,43.483.247/0001-19,,,,,,HIDROCONSULT CONSULTORIA ESTUDOS E PROJETOS LTDA,,,Sim,,,"51,43%",,"1.144.954,01",,
https://www.bndes.gov.br/arquivos/contratos-administrativos/4400004550.zip,28.092.933/0001-75,40.477.565/0001-89,MINISTERIO DA INFRAESTRUTURA,Sim,CONSORCIO DAGNL,11/09/2020,ALVAREZ & MARSAL CONSULTORIA EM ENGENHARIA LTDA.,Federal,10/09/2023,Não,0195/2020,"RFP nº 01/2020 – AEP/DEP2 - BNDES: Prestação de serviços técnicos para a avaliação, estruturação e implementação de Projeto de participação da iniciativa privada para administração e exploração do Porto Organizado de Santos e do Porto Organizado de São Sebastião, considerando em seu escopo as possibilidades tanto de desinvestimento como de desestatização da Companhia Docas de São Paulo(CODESP).","33,44%",Serviço B,"2.490.579,62","7.447.905,55",PORTO DE SANTOS
,32.857.795/0001-45,,,,,,GARIN INFRAESTRUTURA ASSESSORIA E PARTICIPACOES LTDA,,,Não,,,"10,83%",,"806.608,17",,
,09.129.455/0001-86,,,,,,LOBO & DE RIZZO SOCIEDADE DE ADVOGADOS,,,Não,,,"10,46%",,"779.050,92",,
,15.300.532/0001-11,,,,,,"NAVARRO PRADO, NEFUSSI MANDEL E SANTOS SILVA ADVOGADOS.",,,Não,,,"16,34%",,"1.216.987,77",,
,02.385.674/0001-87,,,,,,DTA ENGENHARIA LTDA,,,Sim,,,"28,93%",,"2.154.679,08",,
https://www.bndes.gov.br/arquivos/contratos-administrativos/4400004848.zip,09.628.460/0001-33,09.628.460/0001-33,,Não,KROLL BRASIL LTDA.,10/12/2021,KROLL BRASIL LTDA.,,09/12/2023,Não,0270/2021,"Serviço de avaliação econômico financeira independente (“Serviço A”) da companhia Santos Port Authority (“SPA”), no âmbito do Projeto de Desestatização do Porto Organizado de Santos.","100,00%",Serviço A,"116.813,99","116.813,99",
https://www.bndes.gov.br/arquivos/contratos-administrativos/4400005133.zip,13.098.174/0001-80,13.098.174/0001-80,,Não,RUSSELL BEDFORD GM AUDITORES INDEPENDENTES S/S,10/08/2022,RUSSELL BEDFORD GM AUDITORES INDEPENDENTES S/S,,09/08/2025,Sim,0194/2022,"Prestação de serviços de auditoria externa independente, abrangendo o acompanhamento e fiscalização do processo de desestatização da Autoridade Portuária de Santos S.A., doravante denominada SPA, até seu encerramento, nos termos do art. 18, inciso IV, da Lei 9491/97, do art. 22, § 2º, do Decreto 2594/98, e conforme especificações constantes do Termo de Referência e da proposta apresentada pelo contratado.","100,00%",Auditoria,"87.700,00","87.700,00",
https://www.bndes.gov.br/arquivos/contratos-administrativos/4400005921.zip,33.953.340/0001-96,56.025.354/0001-45,,Não,CONSORCIO EY/RHEIN  SCHIRATO MEIRELES/PLANAVE,10/05/2024,PLANAVE S A ESTUDOS E PROJETOS DE ENGENHARIA,,09/05/2026,Não,0157/2024,"Execução dos SERVIÇOS TÉCNICOS, o que inclui a elaboração dos PRODUTOS e a prestação de SERVIÇOS ESPECIALIZADOS, necessários para apoiar o BNDES na estruturação do PROJETO, observado ainda o detalhamento constante das ESPECIFICAÇÕES TÉCNICAS, da PROPOSTA COMERCIAL, da MATRIZ DE RISCOS e da TABELA DE PRODUTOS e SERVIÇOS.","38,48%",Serviço B,"1.606.145,88","4.173.975,78",
https://www.bndes.gov.br/arquivos/contratos-administrativos/4400005921.zip,16.721.366/0001-90,56.025.354/0001-45,,Não,CONSORCIO EY/RHEIN  SCHIRATO MEIRELES/PLANAVE,10/05/2024,"RHEIN SCHIRATO, MEIRELES SOCIEDADE DE ADVOGADOS",,09/05/2026,Não,0157/2024,"Execução dos SERVIÇOS TÉCNICOS, o que inclui a elaboração dos PRODUTOS e a prestação de SERVIÇOS ESPECIALIZADOS, necessários para apoiar o BNDES na estruturação do PROJETO, observado ainda o detalhamento constante das ESPECIFICAÇÕES TÉCNICAS, da PROPOSTA COMERCIAL, da MATRIZ DE RISCOS e da TABELA DE PRODUTOS e SERVIÇOS.","11,51%",Serviço B,"480.424,61","4.173.975,78",
https://www.bndes.gov.br/arquivos/contratos-administrativos/4400005921.zip,59.527.788/0001-31,56.025.354/0001-45,,Não,CONSORCIO EY/RHEIN  SCHIRATO MEIRELES/PLANAVE,10/05/2024,ERNST & YOUNG ASSESSORIA EMPRESARIAL LTDA,,09/05/2026,Sim,0157/2024,"Execução dos SERVIÇOS TÉCNICOS, o que inclui a elaboração dos PRODUTOS e a prestação de SERVIÇOS ESPECIALIZADOS, necessários para apoiar o BNDES na estruturação do PROJETO, observado ainda o detalhamento constante das ESPECIFICAÇÕES TÉCNICAS, da PROPOSTA COMERCIAL, da MATRIZ DE RISCOS e da TABELA DE PRODUTOS e SERVIÇOS.","50,01%",Serviço B,"2.087.405,29","4.173.975,78",
https://www.bndes.gov.br/arquivos/contratos-administrativos/4400004550.zip,28.092.933/0001-75,40.477.565/0001-89,MINISTERIO DA INFRAESTRUTURA,Sim,CONSORCIO DAGNL,11/09/2020,ALVAREZ & MARSAL CONSULTORIA EM ENGENHARIA LTDA.,Federal,10/09/2023,Não,0195/2020,"RFP nº 01/2020 – AEP/DEP2 - BNDES: Prestação de serviços técnicos para a avaliação, estruturação e implementação de Projeto de participação da iniciativa privada para administração e exploração do Porto Organizado de Santos e do Porto Organizado de São Sebastião, considerando em seu escopo as possibilidades tanto de desinvestimento como de desestatização da Companhia Docas de São Paulo(CODESP).","33,44%",Serviço B,"2.490.579,62","7.447.905,55",PORTO DE SÃO SEBASTIÃO
,32.857.795/0001-45,,,,,,GARIN INFRAESTRUTURA ASSESSORIA E PARTICIPACOES LTDA,,,Não,,,"10,83%",,"806.608,17",,
,09.129.455/0001-86,,,,,,LOBO & DE RIZZO SOCIEDADE DE ADVOGADOS,,,Não,,,"10,46%",,"779.050,92",,
,15.300.532/0001-11,,,,,,"NAVARRO PRADO, NEFUSSI MANDEL E SANTOS SILVA ADVOGADOS.",,,Não,,,"16,34%",,"1.216.987,77",,
,02.385.674/0001-87,,,,,,DTA ENGENHARIA LTDA,,,Sim,,,"28,93%",,"2.154.679,08",,
https://www.bndes.gov.br/arquivos/contratos-administrativos/4400004505.zip,44.239.135/0005-03,40.477.660/0001-82,ESTADO DO RIO GRANDE DO SUL,Sim,CONSORCIO ESTRUTURACAO PPP PRISOES RS E SC,19/11/2020,EGIS - ENGENHARIA E CONSULTORIA LTDA.,Estadual,19/11/2027,Não,0223/2020,"Contratação de serviços técnicos necessários para a estruturação de projetos de parceria público-privada, na modalidade concessão administrativa, para construção, equipagem, operação e manutenção de complexos penais nos estados do Rio Grande do Sul e de Santa Catarina, conforme especificações constantes do Termo de Referência (Anexo I do Edital do Pregão Eletrônico nº 13/2020 - BNDES) e da proposta apresentada pelo CONTRATADO.","18,27%",Serviço Único,"475.771,43","2.604.112,93",PRESÍDIOS RS
,14.171.693/0001-90,,,,,,MACIEL ROCHA SOCIEDADE DE ADVOGADOS,,,Não,,,"10,94%",,"284.889,95",,
,05.487.514/0001-37,,,,,,PRICEWATERHOUSECOOPERS CORPORATE FINANCE & RECOVERY LTDA,,,Não,,,"4,47%",,"116.403,85",,
,48.109.110/0001-12,,,,,,"TOZZINI,FREIRE,TEIXEIRA,E SILVA ADVOGADOS",,,Não,,,"10,94%",,"284.889,95",,
,12.285.441/0001-66,,,,,,TPF ENGENHARIA LTDA,,,Não,,,"24,12%",,"628.112,04",,
,03.552.499/0001-38,,,,,,URBAN SYSTEMS BRASIL ESTUDOS DE MERCADO LTDA,,,Não,,,"6,93%",,"180.465,03",,
,02.646.397/0001-19,,,,,,PRICEWATERHOUSECOOPERS SERVICOS PROFISSIONAIS LTDA.,,,Sim,,,"24,33%",,"633.580,68",,
https://www.bndes.gov.br/arquivos/contratos-administrativos/4400004505.zip,44.239.135/0005-03,40.477.660/0001-82,ESTADO DE SANTA CATARINA,Sim,CONSORCIO ESTRUTURACAO PPP PRISOES RS E SC,19/11/2020,EGIS - ENGENHARIA E CONSULTORIA LTDA.,Estadual,19/11/2027,Não,0223/2020,"Contratação de serviços técnicos necessários para a estruturação de projetos de parceria público-privada, na modalidade concessão administrativa, para construção, equipagem, operação e manutenção de complexos penais nos estados do Rio Grande do Sul e de Santa Catarina, conforme especificações constantes do Termo de Referência (Anexo I do Edital do Pregão Eletrônico nº 13/2020 - BNDES) e da proposta apresentada pelo CONTRATADO.","18,27%",Serviço Único,"475.771,43","2.604.112,93",PRESÍDIOS SC
,14.171.693/0001-90,,,,,,MACIEL ROCHA SOCIEDADE DE ADVOGADOS,,,Não,,,"10,94%",,"284.889,95",,
,05.487.514/0001-37,,,,,,PRICEWATERHOUSECOOPERS CORPORATE FINANCE & RECOVERY LTDA,,,Não,,,"4,47%",,"116.403,85",,
,48.109.110/0001-12,,,,,,"TOZZINI,FREIRE,TEIXEIRA,E SILVA ADVOGADOS",,,Não,,,"10,94%",,"284.889,95",,
,12.285.441/0001-66,,,,,,TPF ENGENHARIA LTDA,,,Não,,,"24,12%",,"628.112,04",,
,03.552.499/0001-38,,,,,,URBAN SYSTEMS BRASIL ESTUDOS DE MERCADO LTDA,,,Não,,,"6,93%",,"180.465,03",,
,02.646.397/0001-19,,,,,,PRICEWATERHOUSECOOPERS SERVICOS PROFISSIONAIS LTDA.,,,Sim,,,"24,33%",,"633.580,68",,
https://www.bndes.gov.br/arquivos/contratos-administrativos/4400003006.zip,33.146.648/0001-20,29.320.659/0001-07,ESTADO DO RIO DE JANEIRO,Sim,CONSORCIO FATOR/CONCREMAT/VG&P - SANEAMENTO RIO DE JANEIRO,02/02/2018,CONCREMAT ENGENHARIA E TECNOLOGIA S/A,Estadual,01/08/2022,Não,0004/2018,"prestação de serviços técnicos especializados necessários à estruturação de projeto de desestatização dos serviços de água e esgoto prestados pela Companhia Estadual de Águas e Esgotos – CEDAE no Estado do Rio de Janeiro, conforme especificações constantes do Termo de Referência (Anexo I do Edital do Pregão Eletrônico AARH nº 49/2017 - BNDES), Exigências Técnicas Complementares (Anexo X do Edital do Pregão Eletrônico AARH nº 49/2017 - BNDES), Detalhamento de Produtos, Serviços e Prazos (Anexo XI do Edital do Pregão Eletrônico AARH nº 49/2017 - BNDES), e da proposta apresentada pelo CONTRATADO, respectivamente, Anexos I, VII, VIII e II deste Contrato.","52,00%",Serviço Único,"4.649.242,94","8.940.851,80",RIO DE JANEIRO - SANEAMENTO - BLOCO 3
,04.000.948/0001-06,,,,,,"VERNALHA, PEREIRA ADVOGADOS",,,Não,,,"18,00%",,"1.609.353,32",,
,33.644.196/0001-06,,,,,,BANCO FATOR S/A,,,Sim,,,"30,00%",,"2.682.255,54",,
https://www.bndes.gov.br/arquivos/contratos-administrativos/4400003006.zip,33.146.648/0001-20,29.320.659/0001-07,ESTADO DO RIO DE JANEIRO,Sim,CONSORCIO FATOR/CONCREMAT/VG&P - SANEAMENTO RIO DE JANEIRO,02/02/2018,CONCREMAT ENGENHARIA E TECNOLOGIA S/A,Estadual,01/08/2022,Não,0004/2018,"prestação de serviços técnicos especializados necessários à estruturação de projeto de desestatização dos serviços de água e esgoto prestados pela Companhia Estadual de Águas e Esgotos – CEDAE no Estado do Rio de Janeiro, conforme especificações constantes do Termo de Referência (Anexo I do Edital do Pregão Eletrônico AARH nº 49/2017 - BNDES), Exigências Técnicas Complementares (Anexo X do Edital do Pregão Eletrônico AARH nº 49/2017 - BNDES), Detalhamento de Produtos, Serviços e Prazos (Anexo XI do Edital do Pregão Eletrônico AARH nº 49/2017 - BNDES), e da proposta apresentada pelo CONTRATADO, respectivamente, Anexos I, VII, VIII e II deste Contrato.","52,00%",Serviço Único,"4.649.242,94","8.940.851,80","RIO DE JANEIRO - SANEAMENTO (BLOCOS 1, 2 e 4)"
,04.000.948/0001-06,,,,,,"VERNALHA, PEREIRA ADVOGADOS",,,Não,,,"18,00%",,"1.609.353,32",,
,33.644.196/0001-06,,,,,,BANCO FATOR S/A,,,Sim,,,"30,00%",,"2.682.255,54",,
https://www.bndes.gov.br/arquivos/contratos-administrativos/4400004599.zip,33.146.648/0001-20,38.028.561/0001-71,ESTADO DO RIO GRANDE DO SUL,Não,CONSORCIO SANEAMENTO SUL,02/07/2020,CONCREMAT ENGENHARIA E TECNOLOGIA S/A,Estadual,13/07/2022,Não,0143/2020,Contratação de serviços técnicos necessários para a estruturação de projeto relativo à Parceria Público-Privada para a prestação do serviço de esgotamento sanitário e serviços acessórios em municípios do Estado do Rio Grande do Sul.,"49,42%",Serviço Único,"2.495.403,29","5.049.379,38",RIO GRANDE DO SUL - SANEAMENTO
,11.266.663/0001-79,,,,,,GALIPOLO CONSULTORIA LTDA,,,Não,,,"13,90%",,"701.863,73",,
,29.627.231/0001-01,,,,,,"VERNALHA GUIMARAES, PEREIRA E PETIAN SOCIEDADE DE ADVOGADOS",,,Não,,,"11,33%",,"572.094,68",,
,04.000.948/0001-06,,,,,,"VERNALHA, PEREIRA ADVOGADOS",,,Não,,,"11,33%",,"572.094,68",,
,33.644.196/0001-06,,,,,,BANCO FATOR S/A,,,Sim,,,"14,02%",,"707.922,99",,
https://www.bndes.gov.br/arquivos/contratos-administrativos/4400004576.zip,66.865.965/0001-55,42.022.428/0001-85,MINISTERIO DA INFRAESTRUTURA,Sim,CONSORCIO DYNATEST MANESCO,26/04/2021,"MANESCO, RAMIRES, PEREZ, AZEVEDO MARQUES - SOCIEDADE DE ADVOGADOS.",Federal,25/04/2026,Não,0061/2021,"Concessão de 1.646,0 km de extensão de rodovias federais.","12,00%",Serviço Único,"3.707.552,77","30.896.273,11",RODOVIAS FEDERAIS - 1646 KM - GREENFIELD
,32.116.154/0001-30,,,,,,DYNATEST ENGENHARIA LTDA,,,Sim,,,"88,00%",,"27.188.720,34",,
https://www.bndes.gov.br/arquivos/contratos-administrativos/4400004551.zip,35.467.604/0001-27,39.448.486/0001-60,MINISTERIO DOS TRANSPORTES,Sim,CONSORCIO LOGIT-ATP-QUEIROZ MALUF-JGP,17/09/2020,ESTRATEGICA ENGENHARIA LTDA,Federal,30/09/2026,Não,0196/2020,"Contratação de serviços técnicos de apoio, avaliação, estruturação e implementação da desestatização de empreendimentos públicos federais rodoviários.","63,05%",Serviço Único,"10.167.219,92","16.125.646,19",RODOVIAS FEDERAIS 6700KM - LOTE CN1
,69.282.879/0001-08,,,,,,JGP CONSULTORIA E PARTICIPACOES LTDA,,,Não,,,"12,48%",,"2.012.480,64",,
,19.433.220/0001-37,,,,,,"QUEIROZ, MALUF SOCIEDADE DE ADVOGADOS",,,Não,,,"6,05%",,"975.601,59",,
,05.093.144/0001-53,,,,,,LOGIT ENGENHARIA CONSULTIVA LTDA,,,Sim,,,"18,42%",,"2.970.344,03",,
https://www.bndes.gov.br/arquivos/contratos-administrativos/4400004551.zip,35.467.604/0001-27,39.448.486/0001-60,MINISTERIO DOS TRANSPORTES,Sim,CONSORCIO LOGIT-ATP-QUEIROZ MALUF-JGP,17/09/2020,ESTRATEGICA ENGENHARIA LTDA,Federal,30/09/2026,Não,0196/2020,"Contratação de serviços técnicos de apoio, avaliação, estruturação e implementação da desestatização de empreendimentos públicos federais rodoviários.","63,05%",Serviço Único,"10.167.219,92","16.125.646,19",RODOVIAS FEDERAIS 6700KM - LOTE CN2
,69.282.879/0001-08,,,,,,JGP CONSULTORIA E PARTICIPACOES LTDA,,,Não,,,"12,48%",,"2.012.480,64",,
,19.433.220/0001-37,,,,,,"QUEIROZ, MALUF SOCIEDADE DE ADVOGADOS",,,Não,,,"6,05%",,"975.601,59",,
,05.093.144/0001-53,,,,,,LOGIT ENGENHARIA CONSULTIVA LTDA,,,Sim,,,"18,42%",,"2.970.344,03",,
https://www.bndes.gov.br/arquivos/contratos-administrativos/4400004551.zip,35.467.604/0001-27,39.448.486/0001-60,MINISTERIO DOS TRANSPORTES,Sim,CONSORCIO LOGIT-ATP-QUEIROZ MALUF-JGP,17/09/2020,ESTRATEGICA ENGENHARIA LTDA,Federal,30/09/2026,Não,0196/2020,"Contratação de serviços técnicos de apoio, avaliação, estruturação e implementação da desestatização de empreendimentos públicos federais rodoviários.","63,05%",Serviço Único,"10.167.219,92","16.125.646,19",RODOVIAS FEDERAIS 6700KM - LOTE CN3
,69.282.879/0001-08,,,,,,JGP CONSULTORIA E PARTICIPACOES LTDA,,,Não,,,"12,48%",,"2.012.480,64",,
,19.433.220/0001-37,,,,,,"QUEIROZ, MALUF SOCIEDADE DE ADVOGADOS",,,Não,,,"6,05%",,"975.601,59",,
,05.093.144/0001-53,,,,,,LOGIT ENGENHARIA CONSULTIVA LTDA,,,Sim,,,"18,42%",,"2.970.344,03",,
https://www.bndes.gov.br/arquivos/contratos-administrativos/4400004551.zip,35.467.604/0001-27,39.448.486/0001-60,MINISTERIO DOS TRANSPORTES,Sim,CONSORCIO LOGIT-ATP-QUEIROZ MALUF-JGP,17/09/2020,ESTRATEGICA ENGENHARIA LTDA,Federal,30/09/2026,Não,0196/2020,"Contratação de serviços técnicos de apoio, avaliação, estruturação e implementação da desestatização de empreendimentos públicos federais rodoviários.","63,05%",Serviço Único,"10.167.219,92","16.125.646,19",RODOVIAS FEDERAIS 6700KM - LOTE CN5
,69.282.879/0001-08,,,,,,JGP CONSULTORIA E PARTICIPACOES LTDA,,,Não,,,"12,48%",,"2.012.480,64",,
,19.433.220/0001-37,,,,,,"QUEIROZ, MALUF SOCIEDADE DE ADVOGADOS",,,Não,,,"6,05%",,"975.601,59",,
,05.093.144/0001-53,,,,,,LOGIT ENGENHARIA CONSULTIVA LTDA,,,Sim,,,"18,42%",,"2.970.344,03",,
https://www.bndes.gov.br/arquivos/contratos-administrativos/4400004551.zip,35.467.604/0001-27,39.448.486/0001-60,MINISTERIO DOS TRANSPORTES,Sim,CONSORCIO LOGIT-ATP-QUEIROZ MALUF-JGP,17/09/2020,ESTRATEGICA ENGENHARIA LTDA,Federal,30/09/2026,Não,0196/2020,"Contratação de serviços técnicos de apoio, avaliação, estruturação e implementação da desestatização de empreendimentos públicos federais rodoviários.","63,05%",Serviço Único,"10.167.219,92","16.125.646,19",RODOVIAS FEDERAIS 6700KM - LOTE NE (5)
,69.282.879/0001-08,,,,,,JGP CONSULTORIA E PARTICIPACOES LTDA,,,Não,,,"12,48%",,"2.012.480,64",,
,19.433.220/0001-37,,,,,,"QUEIROZ, MALUF SOCIEDADE DE ADVOGADOS",,,Não,,,"6,05%",,"975.601,59",,
,05.093.144/0001-53,,,,,,LOGIT ENGENHARIA CONSULTIVA LTDA,,,Sim,,,"18,42%",,"2.970.344,03",,
https://www.bndes.gov.br/arquivos/contratos-administrativos/4400006543.zip,06.306.458/0001-50,63.533.662/0001-47,,Não,CONSORCIO RODOVIARIO NORDESTE,30/07/2025,AMBIENTE BRASIL ENGENHARIA LTDA,,29/07/2028,Não,0270/2025,"Execução dos SERVIÇOS TÉCNICOS, o que inclui a elaboração de PRODUTOS e a prestação de SERVIÇOS ESPECIALIZADOS, necessários para apoiar o BNDES na estruturação do PROJETO, observado ainda o detalhamento constante das ESPECIFICAÇÕES TÉCNICAS, da PROPOSTA COMERCIAL, da MATRIZ DE RISCOS e da TABELA DE PRODUTOS e SERVIÇOS.","8,00%",Serviço Único,"927.188,96","11.589.862,06",
https://www.bndes.gov.br/arquivos/contratos-administrativos/4400006543.zip,35.467.604/0001-27,63.533.662/0001-47,,Não,CONSORCIO RODOVIARIO NORDESTE,30/07/2025,ESTRATEGICA ENGENHARIA LTDA,,29/07/2028,Não,0270/2025,"Execução dos SERVIÇOS TÉCNICOS, o que inclui a elaboração de PRODUTOS e a prestação de SERVIÇOS ESPECIALIZADOS, necessários para apoiar o BNDES na estruturação do PROJETO, observado ainda o detalhamento constante das ESPECIFICAÇÕES TÉCNICAS, da PROPOSTA COMERCIAL, da MATRIZ DE RISCOS e da TABELA DE PRODUTOS e SERVIÇOS.","25,00%",Serviço Único,"2.897.465,52","11.589.862,06",
https://www.bndes.gov.br/arquivos/contratos-administrativos/4400006543.zip,48.316.449/0001-90,63.533.662/0001-47,,Não,CONSORCIO RODOVIARIO NORDESTE,30/07/2025,INFRACONSULT CONSULTORIA DE ENGENHARIA LTDA,,29/07/2028,Não,0270/2025,"Execução dos SERVIÇOS TÉCNICOS, o que inclui a elaboração de PRODUTOS e a prestação de SERVIÇOS ESPECIALIZADOS, necessários para apoiar o BNDES na estruturação do PROJETO, observado ainda o detalhamento constante das ESPECIFICAÇÕES TÉCNICAS, da PROPOSTA COMERCIAL, da MATRIZ DE RISCOS e da TABELA DE PRODUTOS e SERVIÇOS.","10,00%",Serviço Único,"1.158.986,21","11.589.862,06",
https://www.bndes.gov.br/arquivos/contratos-administrativos/4400006543.zip,66.865.965/0001-55,63.533.662/0001-47,,Não,CONSORCIO RODOVIARIO NORDESTE,30/07/2025,"MANESCO, RAMIRES, PEREZ, AZEVEDO MARQUES - SOCIEDADE DE ADVOGADOS.",,29/07/2028,Não,0270/2025,"Execução dos SERVIÇOS TÉCNICOS, o que inclui a elaboração de PRODUTOS e a prestação de SERVIÇOS ESPECIALIZADOS, necessários para apoiar o BNDES na estruturação do PROJETO, observado ainda o detalhamento constante das ESPECIFICAÇÕES TÉCNICAS, da PROPOSTA COMERCIAL, da MATRIZ DE RISCOS e da TABELA DE PRODUTOS e SERVIÇOS.","12,00%",Serviço Único,"1.390.783,45","11.589.862,06",
https://www.bndes.gov.br/arquivos/contratos-administrativos/4400006543.zip,32.116.154/0001-30,63.533.662/0001-47,,Não,CONSORCIO RODOVIARIO NORDESTE,30/07/2025,DYNATEST ENGENHARIA LTDA,,29/07/2028,Sim,0270/2025,"Execução dos SERVIÇOS TÉCNICOS, o que inclui a elaboração de PRODUTOS e a prestação de SERVIÇOS ESPECIALIZADOS, necessários para apoiar o BNDES na estruturação do PROJETO, observado ainda o detalhamento constante das ESPECIFICAÇÕES TÉCNICAS, da PROPOSTA COMERCIAL, da MATRIZ DE RISCOS e da TABELA DE PRODUTOS e SERVIÇOS.","45,00%",Serviço Único,"5.215.437,93","11.589.862,06",
https://www.bndes.gov.br/arquivos/contratos-administrativos/4400004551.zip,35.467.604/0001-27,39.448.486/0001-60,MINISTERIO DOS TRANSPORTES,Sim,CONSORCIO LOGIT-ATP-QUEIROZ MALUF-JGP,17/09/2020,ESTRATEGICA ENGENHARIA LTDA,Federal,30/09/2026,Não,0196/2020,"Contratação de serviços técnicos de apoio, avaliação, estruturação e implementação da desestatização de empreendimentos públicos federais rodoviários.","63,05%",Serviço Único,"10.167.219,92","16.125.646,19",RODOVIAS FEDERAIS 6700KM - LOTE RS (1)
,69.282.879/0001-08,,,,,,JGP CONSULTORIA E PARTICIPACOES LTDA,,,Não,,,"12,48%",,"2.012.480,64",,
,19.433.220/0001-37,,,,,,"QUEIROZ, MALUF SOCIEDADE DE ADVOGADOS",,,Não,,,"6,05%",,"975.601,59",,
,05.093.144/0001-53,,,,,,LOGIT ENGENHARIA CONSULTIVA LTDA,,,Sim,,,"18,42%",,"2.970.344,03",,
https://www.bndes.gov.br/arquivos/contratos-administrativos/4400004576.zip,66.865.965/0001-55,42.022.428/0001-85,MINISTERIO DOS TRANSPORTES,Sim,CONSORCIO DYNATEST MANESCO,26/04/2021,"MANESCO, RAMIRES, PEREZ, AZEVEDO MARQUES - SOCIEDADE DE ADVOGADOS.",Federal,25/04/2026,Não,0061/2021,"Concessão de 1.646,0 km de extensão de rodovias federais.","12,00%",Serviço Único,"3.707.552,77","30.896.273,11",RODOVIAS FEDERAIS BA/PE - BR 324/116
,32.116.154/0001-30,,,,,,DYNATEST ENGENHARIA LTDA,,,Sim,,,"88,00%",,"27.188.720,34",,
https://www.bndes.gov.br/arquivos/contratos-administrativos/4400004576.zip,66.865.965/0001-55,42.022.428/0001-85,MINISTERIO DOS TRANSPORTES,Sim,CONSORCIO DYNATEST MANESCO,26/04/2021,"MANESCO, RAMIRES, PEREZ, AZEVEDO MARQUES - SOCIEDADE DE ADVOGADOS.",Federal,25/04/2026,Não,0061/2021,"Concessão de 1.646,0 km de extensão de rodovias federais.","12,00%",Serviço Único,"3.707.552,77","30.896.273,11",RODOVIAS FEDERAIS MG - BR 116/251
,32.116.154/0001-30,,,,,,DYNATEST ENGENHARIA LTDA,,,Sim,,,"88,00%",,"27.188.720,34",,
https://www.bndes.gov.br/arquivos/contratos-administrativos/4400004670.zip,66.865.965/0001-55,42.697.125/0001-62,ESTADO DE GOIAS,Não,CONSORCIO DYNATEST SYSTRA MANESCO - GOIAS,24/06/2021,"MANESCO, RAMIRES, PEREZ, AZEVEDO MARQUES - SOCIEDADE DE ADVOGADOS.",Estadual,23/06/2026,Não,0123/2021,"Consultoria para projeto de concessão de 1.141,46 km de extensão de rodovias estaduais de Goiás.","12,00%",Serviço Único,"343.173,55","2.859.779,55",RODOVIAS GO - POLO GOIÂNIA
,52.635.422/0001-37,,,,,,SYSTRA ENGENHARIA E CONSULTORIA LTDA,,,Não,,,"0,00%",,"0,00",,
,32.116.154/0001-30,,,,,,DYNATEST ENGENHARIA LTDA,,,Sim,,,"88,00%",,"2.516.606,00",,
https://www.bndes.gov.br/arquivos/contratos-administrativos/4400005736.zip,58.925.496/0001-94,53.262.808/0001-03,ESTADO DE MINAS GERAIS,Sim,CONSORCIO LOGIT TRANZUM JGP FOTOTERRA ROADRUNNER COMTACTI QUEIROZ MALUF TAKNA,02/01/2024,COMTACTI COMPUTACAO GRAFICA LTDA.,Estadual,01/01/2027,Não,0346/2023,"Prestação de serviços técnicos necessários para apoiar o BNDES na estruturação de projeto de desestatização destinado à transferência à iniciativa privada, por meio de CONCESSÃO RODOVIÁRIA, do SISTEMA RODOVIÁRIO do Estado de Minas Gerais descrito no ANEXO I – TERMO DE ESPECIFICAÇÕES TÉCNICAS.","6,51%",Serviço Único,"977.229,74","15.011.209,48",RODOVIAS MG - DEMAIS LOTES
,08.212.447/0001-36,,,,,,FOTOTERRA SERVICOS AEREOS ESPECIALIZADOS E SENSORIAMENTO REMOTO LTDA,,,Não,,,"11,46%",,"1.720.284,61",,
,69.282.879/0001-08,,,,,,JGP CONSULTORIA E PARTICIPACOES LTDA,,,Não,,,"15,35%",,"2.304.220,66",,
,19.433.220/0001-37,,,,,,"QUEIROZ, MALUF SOCIEDADE DE ADVOGADOS",,,Não,,,"6,00%",,"900.672,57",,
,04.120.489/0001-96,,,,,,ROADRUNNER ENGENHARIA LTDA,,,Não,,,"7,99%",,"1.199.395,64",,
,09.384.289/0001-64,,,,,,TAKNA SERVICOS DE ENGENHARIA CIVIL S/S,,,Não,,,"2,87%",,"430.821,71",,
,03.969.700/0001-87,,,,,,TRANZUM PLANEJAMENTO E CONSULTORIA DE TRANSITO S/S LTDA,,,Não,,,"17,92%",,"2.690.008,74",,
,05.093.144/0001-53,,,,,,LOGIT ENGENHARIA CONSULTIVA LTDA,,,Sim,,,"31,90%",,"4.788.575,82",,
https://www.bndes.gov.br/arquivos/contratos-administrativos/4400005736.zip,58.925.496/0001-94,53.262.808/0001-03,ESTADO DE MINAS GERAIS,Sim,CONSORCIO LOGIT TRANZUM JGP FOTOTERRA ROADRUNNER COMTACTI QUEIROZ MALUF TAKNA,02/01/2024,COMTACTI COMPUTACAO GRAFICA LTDA.,Estadual,01/01/2027,Não,0346/2023,"Prestação de serviços técnicos necessários para apoiar o BNDES na estruturação de projeto de desestatização destinado à transferência à iniciativa privada, por meio de CONCESSÃO RODOVIÁRIA, do SISTEMA RODOVIÁRIO do Estado de Minas Gerais descrito no ANEXO I – TERMO DE ESPECIFICAÇÕES TÉCNICAS.","6,51%",Serviço Único,"977.229,74","15.011.209,48",RODOVIAS MG - NOROESTE
,08.212.447/0001-36,,,,,,FOTOTERRA SERVICOS AEREOS ESPECIALIZADOS E SENSORIAMENTO REMOTO LTDA,,,Não,,,"11,46%",,"1.720.284,61",,
,69.282.879/0001-08,,,,,,JGP CONSULTORIA E PARTICIPACOES LTDA,,,Não,,,"15,35%",,"2.304.220,66",,
,19.433.220/0001-37,,,,,,"QUEIROZ, MALUF SOCIEDADE DE ADVOGADOS",,,Não,,,"6,00%",,"900.672,57",,
,04.120.489/0001-96,,,,,,ROADRUNNER ENGENHARIA LTDA,,,Não,,,"7,99%",,"1.199.395,64",,
,09.384.289/0001-64,,,,,,TAKNA SERVICOS DE ENGENHARIA CIVIL S/S,,,Não,,,"2,87%",,"430.821,71",,
,03.969.700/0001-87,,,,,,TRANZUM PLANEJAMENTO E CONSULTORIA DE TRANSITO S/S LTDA,,,Não,,,"17,92%",,"2.690.008,74",,
,05.093.144/0001-53,,,,,,LOGIT ENGENHARIA CONSULTIVA LTDA,,,Sim,,,"31,90%",,"4.788.575,82",,
https://www.bndes.gov.br/arquivos/contratos-administrativos/4400004366.zip,69.282.879/0001-08,37.513.446/0001-20,ESTADO DE MINAS GERAIS,Sim,CONSORCIO ATP-LOGIT-QUEIROZMALUF-JGP,22/05/2020,JGP CONSULTORIA E PARTICIPACOES LTDA,Estadual,31/10/2023,Não,0118/2020,"Contratação de serviços técnicos especializados necessários à desestatização do sistema rodoviário no Estado de Minas Gerais, de até 2.798,6 km de extensão.","8,85%",Serviço Único,"817.325,58","9.235.317,32",RODOVIAS MG - SUBSISTEMA 1 (2)
,05.093.144/0001-53,,,,,,LOGIT ENGENHARIA CONSULTIVA LTDA,,,Não,,,"15,00%",,"1.385.297,60",,
,19.433.220/0001-37,,,,,,"QUEIROZ, MALUF SOCIEDADE DE ADVOGADOS",,,Não,,,"5,31%",,"490.395,35",,
,35.467.604/0001-27,,,,,,ESTRATEGICA ENGENHARIA LTDA,,,Sim,,,"70,84%",,"6.542.298,79",,
https://www.bndes.gov.br/arquivos/contratos-administrativos/4400004366.zip,69.282.879/0001-08,37.513.446/0001-20,ESTADO DE MINAS GERAIS,Sim,CONSORCIO ATP-LOGIT-QUEIROZMALUF-JGP,22/05/2020,JGP CONSULTORIA E PARTICIPACOES LTDA,Estadual,31/10/2023,Não,0118/2020,"Contratação de serviços técnicos especializados necessários à desestatização do sistema rodoviário no Estado de Minas Gerais, de até 2.798,6 km de extensão.","8,85%",Serviço Único,"817.325,58","9.235.317,32",RODOVIAS MG - SUBSISTEMA 2 (LOTE 3)
,05.093.144/0001-53,,,,,,LOGIT ENGENHARIA CONSULTIVA LTDA,,,Não,,,"15,00%",,"1.385.297,60",,
,19.433.220/0001-37,,,,,,"QUEIROZ, MALUF SOCIEDADE DE ADVOGADOS",,,Não,,,"5,31%",,"490.395,35",,
,35.467.604/0001-27,,,,,,ESTRATEGICA ENGENHARIA LTDA,,,Sim,,,"70,84%",,"6.542.298,79",,
https://www.bndes.gov.br/arquivos/contratos-administrativos/4400004366.zip,69.282.879/0001-08,37.513.446/0001-20,ESTADO DE MINAS GERAIS,Sim,CONSORCIO ATP-LOGIT-QUEIROZMALUF-JGP,22/05/2020,JGP CONSULTORIA E PARTICIPACOES LTDA,Estadual,31/10/2023,Não,0118/2020,"Contratação de serviços técnicos especializados necessários à desestatização do sistema rodoviário no Estado de Minas Gerais, de até 2.798,6 km de extensão.","8,85%",Serviço Único,"817.325,58","9.235.317,32",RODOVIAS MG - SUBSISTEMA 2 (LOTE 4)
,05.093.144/0001-53,,,,,,LOGIT ENGENHARIA CONSULTIVA LTDA,,,Não,,,"15,00%",,"1.385.297,60",,
,19.433.220/0001-37,,,,,,"QUEIROZ, MALUF SOCIEDADE DE ADVOGADOS",,,Não,,,"5,31%",,"490.395,35",,
,35.467.604/0001-27,,,,,,ESTRATEGICA ENGENHARIA LTDA,,,Sim,,,"70,84%",,"6.542.298,79",,
https://www.bndes.gov.br/arquivos/contratos-administrativos/4400004366.zip,69.282.879/0001-08,37.513.446/0001-20,ESTADO DE MINAS GERAIS,Sim,CONSORCIO ATP-LOGIT-QUEIROZMALUF-JGP,22/05/2020,JGP CONSULTORIA E PARTICIPACOES LTDA,Estadual,31/10/2023,Não,0118/2020,"Contratação de serviços técnicos especializados necessários à desestatização do sistema rodoviário no Estado de Minas Gerais, de até 2.798,6 km de extensão.","8,85%",Serviço Único,"817.325,58","9.235.317,32",RODOVIAS MG - SUBSISTEMA 3 (2)
,05.093.144/0001-53,,,,,,LOGIT ENGENHARIA CONSULTIVA LTDA,,,Não,,,"15,00%",,"1.385.297,60",,
,19.433.220/0001-37,,,,,,"QUEIROZ, MALUF SOCIEDADE DE ADVOGADOS",,,Não,,,"5,31%",,"490.395,35",,
,35.467.604/0001-27,,,,,,ESTRATEGICA ENGENHARIA LTDA,,,Sim,,,"70,84%",,"6.542.298,79",,
https://www.bndes.gov.br/arquivos/contratos-administrativos/4400005736.zip,58.925.496/0001-94,53.262.808/0001-03,ESTADO DE MINAS GERAIS,Sim,CONSORCIO LOGIT TRANZUM JGP FOTOTERRA ROADRUNNER COMTACTI QUEIROZ MALUF TAKNA,02/01/2024,COMTACTI COMPUTACAO GRAFICA LTDA.,Estadual,01/01/2027,Não,0346/2023,"Prestação de serviços técnicos necessários para apoiar o BNDES na estruturação de projeto de desestatização destinado à transferência à iniciativa privada, por meio de CONCESSÃO RODOVIÁRIA, do SISTEMA RODOVIÁRIO do Estado de Minas Gerais descrito no ANEXO I – TERMO DE ESPECIFICAÇÕES TÉCNICAS.","6,51%",Serviço Único,"977.229,74","15.011.209,48",RODOVIAS MG - VETOR NORTE
,08.212.447/0001-36,,,,,,FOTOTERRA SERVICOS AEREOS ESPECIALIZADOS E SENSORIAMENTO REMOTO LTDA,,,Não,,,"11,46%",,"1.720.284,61",,
,69.282.879/0001-08,,,,,,JGP CONSULTORIA E PARTICIPACOES LTDA,,,Não,,,"15,35%",,"2.304.220,66",,
,19.433.220/0001-37,,,,,,"QUEIROZ, MALUF SOCIEDADE DE ADVOGADOS",,,Não,,,"6,00%",,"900.672,57",,
,04.120.489/0001-96,,,,,,ROADRUNNER ENGENHARIA LTDA,,,Não,,,"7,99%",,"1.199.395,64",,
,09.384.289/0001-64,,,,,,TAKNA SERVICOS DE ENGENHARIA CIVIL S/S,,,Não,,,"2,87%",,"430.821,71",,
,03.969.700/0001-87,,,,,,TRANZUM PLANEJAMENTO E CONSULTORIA DE TRANSITO S/S LTDA,,,Não,,,"17,92%",,"2.690.008,74",,
,05.093.144/0001-53,,,,,,LOGIT ENGENHARIA CONSULTIVA LTDA,,,Sim,,,"31,90%",,"4.788.575,82",,
https://www.bndes.gov.br/arquivos/contratos-administrativos/4400005736.zip,58.925.496/0001-94,53.262.808/0001-03,ESTADO DE MINAS GERAIS,Sim,CONSORCIO LOGIT TRANZUM JGP FOTOTERRA ROADRUNNER COMTACTI QUEIROZ MALUF TAKNA,02/01/2024,COMTACTI COMPUTACAO GRAFICA LTDA.,Estadual,01/01/2027,Não,0346/2023,"Prestação de serviços técnicos necessários para apoiar o BNDES na estruturação de projeto de desestatização destinado à transferência à iniciativa privada, por meio de CONCESSÃO RODOVIÁRIA, do SISTEMA RODOVIÁRIO do Estado de Minas Gerais descrito no ANEXO I – TERMO DE ESPECIFICAÇÕES TÉCNICAS.","6,51%",Serviço Único,"977.229,74","15.011.209,48",RODOVIAS MG - ZONA DA MATA
,08.212.447/0001-36,,,,,,FOTOTERRA SERVICOS AEREOS ESPECIALIZADOS E SENSORIAMENTO REMOTO LTDA,,,Não,,,"11,46%",,"1.720.284,61",,
,69.282.879/0001-08,,,,,,JGP CONSULTORIA E PARTICIPACOES LTDA,,,Não,,,"15,35%",,"2.304.220,66",,
,19.433.220/0001-37,,,,,,"QUEIROZ, MALUF SOCIEDADE DE ADVOGADOS",,,Não,,,"6,00%",,"900.672,57",,
,04.120.489/0001-96,,,,,,ROADRUNNER ENGENHARIA LTDA,,,Não,,,"7,99%",,"1.199.395,64",,
,09.384.289/0001-64,,,,,,TAKNA SERVICOS DE ENGENHARIA CIVIL S/S,,,Não,,,"2,87%",,"430.821,71",,
,03.969.700/0001-87,,,,,,TRANZUM PLANEJAMENTO E CONSULTORIA DE TRANSITO S/S LTDA,,,Não,,,"17,92%",,"2.690.008,74",,
,05.093.144/0001-53,,,,,,LOGIT ENGENHARIA CONSULTIVA LTDA,,,Sim,,,"31,90%",,"4.788.575,82",,
https://www.bndes.gov.br/arquivos/contratos-administrativos/4400004393.zip,04.769.095/0001-63,38.460.586/0001-40,ESTADO DE PERNAMBUCO,Não,CONSORCIO HOUER / IMTRAFF / VIANA / EGETRA,31/08/2020,EGETRA ENGENHARIA LTDA,Estadual,01/09/2024,Não,0186/2020,"Contratação dos serviços técnicos necessários para a estruturação de projeto de desestatização destinado à transferência à iniciativa privada da exploração de Concessão(ões) Rodoviária(s) do Sistema Rodoviário previsto no Anexo VIII a este Contrato, localizado no Estado de Pernambuco, conforme especificações constantes do Termo de Referência e da proposta apresentada pelo CONTRATADO, respectivamente, Anexos I e II deste Contrato.","8,00%",Serviço Único,"123.021,37","1.537.767,15",RODOVIAS PE
,08.103.958/0001-10,,,,,,IMTRAFF - CONSULTORIA E PROJETOS DE ENGENHARIA LTDA,,,Não,,,"20,00%",,"307.553,43",,
,18.865.283/0001-08,,,,,,VIANA CASTRO ADVOGADOS,,,Não,,,"10,00%",,"153.776,72",,
,22.111.570/0001-91,,,,,,HOUER CONSULTORIA E CONCESSOES LTDA,,,Sim,,,"62,00%",,"953.415,63",,
https://www.bndes.gov.br/arquivos/contratos-administrativos/4400004613.zip,09.346.601/0001-25,09.346.601/0001-25,,Sim,"B3 S.A. - BRASIL, BOLSA, BALCAO",26/05/2021,"B3 S.A. - BRASIL, BOLSA, BALCAO",,25/05/2023,Não,0087/2021,Prestação de serviços de assessoria técnica especializada e apoio operacional necessários à licitação para concessão de sistema rodoviário no Estado de Pernambuco e à licitação para concessão dos serviços públicos de abastecimento de água e de esgotamento sanitário no Estado do Amapá.,"100,00%",Leilão,"1.522.037,68","1.522.037,68",
https://www.bndes.gov.br/arquivos/contratos-administrativos/4400004394.zip,66.865.965/0001-55,40.223.153/0001-12,ESTADO DO RIO DE JANEIRO,Não,CONSORCIO DYNATEST SYSTRA MANESCO,12/11/2020,"MANESCO, RAMIRES, PEREZ, AZEVEDO MARQUES - SOCIEDADE DE ADVOGADOS.",Estadual,11/11/2023,Não,0233/2020,"Contratação dos serviços técnicos necessários para a estruturação de projeto de desestatização destinado à transferência à iniciativa privada da exploração de Concessão(ões) Rodoviária(s) do Sistema Rodoviário localizado no Estado do Rio de Janeiro, conforme especificações constantes do Termo de Referência (Anexo I do Edital do Pregão Eletrônico nº 38/2020 - BNDES) e da proposta apresentada pelo CONTRATADO.","17,50%",Serviço Único,"179.896,19","1.027.978,23",RODOVIAS RJ (2)
,52.635.422/0001-37,,,,,,SYSTRA ENGENHARIA E CONSULTORIA LTDA,,,Não,,,"40,00%",,"411.191,29",,
,32.116.154/0001-30,,,,,,DYNATEST ENGENHARIA LTDA,,,Sim,,,"42,50%",,"436.890,75",,
https://www.bndes.gov.br/arquivos/contratos-administrativos/4400004361.zip,66.865.965/0001-55,37.923.624/0001-90,ESTADO DO RIO GRANDE DO SUL,Sim,CONSORCIO NOVAS RODOVIAS RGS,17/02/2020,"MANESCO, RAMIRES, PEREZ, AZEVEDO MARQUES - SOCIEDADE DE ADVOGADOS.",Estadual,16/02/2023,Não,0054/2020,Contratação de serviços técnicos necessários para a estruturação de projeto de desestatização destinado à transferência à iniciativa privada da exploração de CONCESSÃO(ÕES) RODOVIÁRIA(S) no SISTEMA RODOVIÁRIO definido pelo Estado do Rio Grande do Sul.,"28,40%",Serviço Único,"1.279.538,56","4.505.417,47",RODOVIAS RS (LOTE 1)
,67.005.942/0001-33,,,,,,PLANOS ENGENHARIA S/S LTDA,,,Sim,,,"71,60%",,"3.225.878,91",,
https://www.bndes.gov.br/arquivos/contratos-administrativos/4400005590.zip,69.282.879/0001-08,51.956.418/0001-08,,Sim,CONSORCIO LOGIT JGP QUEIROZMALUF,11/08/2023,JGP CONSULTORIA E PARTICIPACOES LTDA,,10/08/2026,Não,0214/2023,"Prestação de serviços técnicos necessários para apoiar o BNDES na estruturação do projeto, mediante regime de concessão de serviços públicos ou parceria público-privada, composto pelo SISTEMA RODOVIÁRIO descrito no Anexo I ao TERMO DE REFERÊNCIA.","12,52%",Serviço Único,"864.375,87","6.903.960,61",
https://www.bndes.gov.br/arquivos/contratos-administrativos/4400005590.zip,19.433.220/0001-37,51.956.418/0001-08,,Sim,CONSORCIO LOGIT JGP QUEIROZMALUF,11/08/2023,"QUEIROZ, MALUF SOCIEDADE DE ADVOGADOS",,10/08/2026,Não,0214/2023,"Prestação de serviços técnicos necessários para apoiar o BNDES na estruturação do projeto, mediante regime de concessão de serviços públicos ou parceria público-privada, composto pelo SISTEMA RODOVIÁRIO descrito no Anexo I ao TERMO DE REFERÊNCIA.","13,48%",Serviço Único,"930.653,89","6.903.960,61",
https://www.bndes.gov.br/arquivos/contratos-administrativos/4400005590.zip,05.093.144/0001-53,51.956.418/0001-08,,Sim,CONSORCIO LOGIT JGP QUEIROZMALUF,11/08/2023,LOGIT ENGENHARIA CONSULTIVA LTDA,,10/08/2026,Sim,0214/2023,"Prestação de serviços técnicos necessários para apoiar o BNDES na estruturação do projeto, mediante regime de concessão de serviços públicos ou parceria público-privada, composto pelo SISTEMA RODOVIÁRIO descrito no Anexo I ao TERMO DE REFERÊNCIA.","74,00%",Serviço Único,"5.108.930,85","6.903.960,61",
https://www.bndes.gov.br/arquivos/contratos-administrativos/4400004361.zip,66.865.965/0001-55,37.923.624/0001-90,ESTADO DO RIO GRANDE DO SUL,Sim,CONSORCIO NOVAS RODOVIAS RGS,17/02/2020,"MANESCO, RAMIRES, PEREZ, AZEVEDO MARQUES - SOCIEDADE DE ADVOGADOS.",Estadual,16/02/2023,Não,0054/2020,Contratação de serviços técnicos necessários para a estruturação de projeto de desestatização destinado à transferência à iniciativa privada da exploração de CONCESSÃO(ÕES) RODOVIÁRIA(S) no SISTEMA RODOVIÁRIO definido pelo Estado do Rio Grande do Sul.,"28,40%",Serviço Único,"1.279.538,56","4.505.417,47",RODOVIAS RS (LOTE 2)
,67.005.942/0001-33,,,,,,PLANOS ENGENHARIA S/S LTDA,,,Sim,,,"71,60%",,"3.225.878,91",,
https://www.bndes.gov.br/arquivos/contratos-administrativos/4400005590.zip,69.282.879/0001-08,51.956.418/0001-08,,Sim,CONSORCIO LOGIT JGP QUEIROZMALUF,11/08/2023,JGP CONSULTORIA E PARTICIPACOES LTDA,,10/08/2026,Não,0214/2023,"Prestação de serviços técnicos necessários para apoiar o BNDES na estruturação do projeto, mediante regime de concessão de serviços públicos ou parceria público-privada, composto pelo SISTEMA RODOVIÁRIO descrito no Anexo I ao TERMO DE REFERÊNCIA.","12,52%",Serviço Único,"864.375,87","6.903.960,61",
https://www.bndes.gov.br/arquivos/contratos-administrativos/4400005590.zip,19.433.220/0001-37,51.956.418/0001-08,,Sim,CONSORCIO LOGIT JGP QUEIROZMALUF,11/08/2023,"QUEIROZ, MALUF SOCIEDADE DE ADVOGADOS",,10/08/2026,Não,0214/2023,"Prestação de serviços técnicos necessários para apoiar o BNDES na estruturação do projeto, mediante regime de concessão de serviços públicos ou parceria público-privada, composto pelo SISTEMA RODOVIÁRIO descrito no Anexo I ao TERMO DE REFERÊNCIA.","13,48%",Serviço Único,"930.653,89","6.903.960,61",
https://www.bndes.gov.br/arquivos/contratos-administrativos/4400005590.zip,05.093.144/0001-53,51.956.418/0001-08,,Sim,CONSORCIO LOGIT JGP QUEIROZMALUF,11/08/2023,LOGIT ENGENHARIA CONSULTIVA LTDA,,10/08/2026,Sim,0214/2023,"Prestação de serviços técnicos necessários para apoiar o BNDES na estruturação do projeto, mediante regime de concessão de serviços públicos ou parceria público-privada, composto pelo SISTEMA RODOVIÁRIO descrito no Anexo I ao TERMO DE REFERÊNCIA.","74,00%",Serviço Único,"5.108.930,85","6.903.960,61",
https://www.bndes.gov.br/arquivos/contratos-administrativos/4400004361.zip,66.865.965/0001-55,37.923.624/0001-90,ESTADO DO RIO GRANDE DO SUL,Sim,CONSORCIO NOVAS RODOVIAS RGS,17/02/2020,"MANESCO, RAMIRES, PEREZ, AZEVEDO MARQUES - SOCIEDADE DE ADVOGADOS.",Estadual,16/02/2023,Não,0054/2020,Contratação de serviços técnicos necessários para a estruturação de projeto de desestatização destinado à transferência à iniciativa privada da exploração de CONCESSÃO(ÕES) RODOVIÁRIA(S) no SISTEMA RODOVIÁRIO definido pelo Estado do Rio Grande do Sul.,"28,40%",Serviço Único,"1.279.538,56","4.505.417,47",RODOVIAS RS (LOTE 3)
,67.005.942/0001-33,,,,,,PLANOS ENGENHARIA S/S LTDA,,,Sim,,,"71,60%",,"3.225.878,91",,
https://www.bndes.gov.br/arquivos/contratos-administrativos/4400005025.zip,62.025.440/0001-50,46.642.456/0001-56,ESTADO DE RONDONIA,Não,CONSORCIO CERES/ENGECORPS/MACHADO MEYER,08/06/2022,ENGECORPS ENGENHARIA S/A,Estadual,07/03/2026,Não,0109/2022,"Contratação de estudos técnicos de apoio, avaliação, estruturação e implementação para os projetos de estruturação de parceria privada (“Estudos”) para a prestação dos serviços públicos de abastecimento deágua e esgotamento sanitário, visando à universalização (“Serviços de Saneamento”), em todos os 75 municípios do Estado de Sergipe (“Projeto Sergipe”) e em até 48 municípios do Estado de Rondônia (“Projeto Rondônia”).","42,27%",Serviço Único,"2.576.842,55","6.096.149,87",RONDÔNIA - SANEAMENTO
,03.706.936/0001-20,,,,,,MACHADO MEYER SENDACZ OPICE E ANDRADE ADVOGADOS,,,Não,,,"18,29%",,"1.114.985,81",,
,05.097.487/0001-96,,,,,,CERES INTELIGENCIA FINANCEIRA LTDA,,,Sim,,,"39,44%",,"2.404.321,51",,
https://www.bndes.gov.br/arquivos/contratos-administrativos/4400006339.zip,10.538.980/0001-34,60.432.617/0001-08,ESTADO DE GOIAS,Não,CONSORCIO ECOCERRADO,10/03/2025,"CORDEIRO, LIMA SOCIEDADE DE ADVOGADOS",Estadual,09/03/2028,Não,0083/2025,Estudos técnicos necessários para a estruturação de projeto de concessão dos serviços públicos de gerenciamento de resíduos sólidos urbanos para os 246 municípios localizados no estado de Goiás.,"4,35%",Serviço Único,"652.499,91","14.999.998,00",RSU GOIÁS
,03.963.476/0001-16,,,,,,MANANCIAL PROJETOS E CONSULTORIA LTDA,,,Não,,,"8,30%",,"1.244.999,83",,
,36.713.663/0001-09,,,,,,MRT ENGENHARIA LTDA,,,Não,,,"27,00%",,"4.049.999,46",,
,04.015.340/0001-47,,,,,,TERRA LTDA,,,Não,,,"27,00%",,"4.049.999,46",,
,04.000.948/0001-06,,,,,,"VERNALHA, PEREIRA ADVOGADOS",,,Não,,,"4,35%",,"652.499,91",,
,37.683.697/0001-52,,,,,,WTEEC ENGENHARIA LTDA,,,Sim,,,"29,00%",,"4.349.999,42",,
https://www.bndes.gov.br/arquivos/contratos-administrativos/4400006033.zip,19.222.619/0001-79,56.101.863/0001-00,COMPANHIA DE AGUAS E ESGOTOS DO RIO GRANDE DO NORTE,Não,CONSORCIO INFRA SANEAMENTO,13/08/2024,"AMARAL, PAES DE ANDRADE E FIGUEIREDO ADVOGADOS",Estadual,12/08/2027,Não,0258/2024,"Execução dos SERVIÇOS TÉCNICOS, o que inclui a elaboração de PRODUTOS e a prestação de SERVIÇOS ESPECIALIZADOS, necessários para apoiar o BNDES na estruturação do PROJETO, observado ainda o detalhamento constante das ESPECIFICAÇÕES TÉCNICAS, da PROPOSTA COMERCIAL, da MATRIZ DE RISCOS e da TABELA DE PRODUTOS e SERVIÇOS.","7,99%",Serviço Único,"293.457,31","3.672.807,40",SANEAMENTO - RN
,02.520.543/0001-65,,,,,,"CESCON, BARRIEU, FLESCH & BARRETO SOCIEDADE DE ADVOGADOS",,,Não,,,"8,82%",,"323.941,61",,
,17.375.812/0001-14,,,,,,MELLO PIMENTEL ADVOCACIA,,,Não,,,"4,27%",,"156.828,88",,
,75.091.074/0001-80,,,,,,SERENCO - SERVICOS DE ENGENHARIA CONSULTIVA LTDA,,,Não,,,"48,07%",,"1.765.518,52",,
,05.097.487/0001-96,,,,,,CERES INTELIGENCIA FINANCEIRA LTDA,,,Sim,,,"30,85%",,"1.133.061,08",,
https://www.bndes.gov.br/arquivos/contratos-administrativos/4400002599.zip,02.739.256/0001-40,27.548.803/0001-31,ESTADO DO PARA,Não,CONSORCIO ACQUA,09/05/2017,AECOM DO BRASIL LTDA.,Estadual,04/10/2019,Não,0191/2017,PRESTAÇÃO SERVIÇOS TÉCNICOS ESPECIALIZADOS À EXECUÇÃO PROCESSODESESTATIZAÇÃO SERVIÇOS DE SANEAMENTO BÁSICO PARÁ E COSANPA,"54,12%",Serviço Único,"3.899.760,62","7.205.766,11",SANEAMENTO PARÁ - PA (ANTIGO)
,65.174.088/0001-03,,,,,,AZEVEDO SETTE ADVOGADOS,,,Não,,,"16,34%",,"1.177.422,18",,
,14.629.882/0001-63,,,,,,BF CAPITAL ASSESSORIA EM OPERACOES FINANCEIRAS LTDA.,,,Sim,,,"29,54%",,"2.128.583,31",,
https://www.bndes.gov.br/arquivos/contratos-administrativos/4400002668.zip,33.146.648/0001-20,27.867.764/0001-35,ESTADO DE PERNAMBUCO,Não,CONSORCIO FATOR/CONCREMAT/VG&P,27/06/2017,CONCREMAT ENGENHARIA E TECNOLOGIA S/A,Estadual,26/06/2019,Não,0255/2017,CONSULTORIA PARA DESESTATIZAÇÃO COMPESA,"50,00%",Serviço Único,"4.041.152,74","8.082.305,47",SANEAMENTO PE (ANTIGO)
,04.000.948/0001-06,,,,,,"VERNALHA, PEREIRA ADVOGADOS",,,Não,,,"10,00%",,"808.230,55",,
,33.644.196/0001-06,,,,,,BANCO FATOR S/A,,,Sim,,,"40,00%",,"3.232.922,19",,
https://www.bndes.gov.br/arquivos/contratos-administrativos/4400005034.zip,19.222.619/0001-79,47.347.698/0001-80,ESTADO DE SERGIPE,Não,CONSORCIO NOVO SANEAMENTO,08/06/2022,"AMARAL, PAES DE ANDRADE E FIGUEIREDO ADVOGADOS",Estadual,07/06/2025,Não,0110/2022,"serviços necessários à estruturação de projeto de desestatização, mediante participação privada na prestação dos serviços públicos de abastecimento de água e de esgotamento sanitário em todos os municípios do Estado de Sergipe, conforme especificações constantes do TERMO DE ESPECIFICAÇÕES TÉCNICAS e da proposta apresentada pelo CONTRATADO","5,40%",Serviço D,"333.642,49","6.178.564,69",SERGIPE - SANEAMENTO
,33.146.648/0001-20,,,,,,CONCREMAT ENGENHARIA E TECNOLOGIA S/A,,,Não,,,"45,27%",,"2.797.036,24",,
,11.266.663/0001-79,,,,,,GALIPOLO CONSULTORIA LTDA,,,Não,,,"13,21%",,"816.188,40",,
,11.198.356/0001-06,,,,,,INCIBRA - INOVACAO CIVIL BRASILEIRA - PROJETOS E SERVICOS TECNICOS LTDA,,,Não,,,"3,23%",,"199.567,64",,
,11.880.336/0001-02,,,,,,MACIEL ASSESSORES S/S,,,Não,,,"1,00%",,"61.785,65",,
,10.757.529/0001-08,,,,,,MACIEL CONSULTORES S/S LTDA,,,Não,,,"1,00%",,"61.785,65",,
,15.300.532/0001-11,,,,,,"NAVARRO PRADO, NEFUSSI MANDEL E SANTOS SILVA ADVOGADOS.",,,Não,,,"9,90%",,"611.677,90",,
,05.396.538/0001-80,,,,,,SIGLASUL CONSULTORIA LTDA,,,Não,,,"4,18%",,"258.264,00",,
,00.839.683/0001-75,,,,,,ADDAX ASSESSORIA ECONOMICA E FINANCEIRA LTDA,,,Sim,,,"13,21%",,"816.188,40",,
https://www.bndes.gov.br/arquivos/contratos-administrativos/4400002671.zip,01.845.325/0001-38,27.906.588/0001-01,ESTADO DE SERGIPE,Não,CONSORCIO SANEAR BRASIL,19/07/2017,DOREA MATTOS ENGENHARIA LTDA,Estadual,11/07/2018,Não,0263/2017,CONSULTORIA DESETATIZAÇÃO DESO,"7,50%",Serviço Único,"328.192,50","4.375.900,00",SERGIPE - SANEAMENTO (ANTIGO)
,00.758.743/0001-25,,,,,,LCA CONSULTORES S.S.,,,Não,,,"17,90%",,"783.286,10",,
,07.520.749/0001-09,,,,,,PINHEIRO MOURAO RASO E ARAUJO FILHO ADVOGADOS,,,Não,,,"8,20%",,"358.823,80",,
,04.009.820/0001-03,,,,,,SEURECA LATAM LTDA,,,Não,,,"55,40%",,"2.424.248,60",,
,03.706.936/0001-20,,,,,,MACHADO MEYER SENDACZ OPICE E ANDRADE ADVOGADOS,,,Sim,,,"11,00%",,"481.349,00",,
https://www.bndes.gov.br/arquivos/contratos-administrativos/4400004453.zip,48.086.466/0001-88,41.520.062/0001-01,MINISTERIO DA FAZENDA,Sim,CONSORCIO DADOS BR,04/01/2021,BURSON COHN & WOLFE COMUNICACAO LTDA,Federal,03/01/2024,Não,0263/2020,"Prestação de serviços necessários para a realização de estudo de mercado, diagnóstico setorial nacional e internacional, estudo regulatório, proposição de alternativas de desestatização, modelagem da desestatização e outros serviços profissionais especializados necessários à estruturação e à implementação dos processos de desestatização do Serviço Federal de Processamento de Dados – SERPRO e da Empresa de Tecnologia e Informações da Previdência – DATAPREV (“SERVIÇO C”).","4,83%",Serviço C,"422.210,42","8.741.416,55",SERPRO
,03.706.936/0001-20,,,,,,MACHADO MEYER SENDACZ OPICE E ANDRADE ADVOGADOS,,,Não,,,"22,67%",,"1.981.679,13",,
,96.534.094/0001-58,,,,,,ACCENTURE DO BRASIL LTDA,,,Sim,,,"72,49%",,"6.336.652,86",,
https://www.bndes.gov.br/arquivos/contratos-administrativos/4400004530.zip,00.641.556/0001-67,41.356.918/0001-55,,Sim,CONSORCIO GRANT THORNTON VR,19/04/2021,"VIEIRA, REZENDE E GUERREIRO ADVOGADOS",,02/01/2024,Não,0021/2021,Contratação de serviços necessários para a realização dos estudos relativos à desestatização do Serpro e da Dataprev - Serviço B.,"25,36%",Serviço B,"963.172,80","3.798.000,00",
https://www.bndes.gov.br/arquivos/contratos-administrativos/4400004530.zip,13.045.248/0001-10,41.356.918/0001-55,,Sim,CONSORCIO GRANT THORNTON VR,19/04/2021,GRANT THORNTON AUDITORIA E CONSULTORIA LTDA.,,02/01/2024,Sim,0021/2021,Contratação de serviços necessários para a realização dos estudos relativos à desestatização do Serpro e da Dataprev - Serviço B.,"74,64%",Serviço B,"2.834.827,20","3.798.000,00",
https://www.bndes.gov.br/arquivos/contratos-administrativos/4400004135.zip,59.527.788/0001-31,59.527.788/0001-31,ESTADO DO RIO GRANDE DO SUL,Não,ERNST & YOUNG ASSESSORIA EMPRESARIAL LTDA,03/03/2020,ERNST & YOUNG ASSESSORIA EMPRESARIAL LTDA,Estadual,02/03/2023,Sim,0016/2020,"Contratação de serviços técnicos necessários para a estruturação da desestatização da Companhia de Gás do Estado do Rio Grande do Sul - SULGÁS, considerando o objetivo de realização de alienação de ações da empresa, com transferência de controle acionário [SERVIÇO A].","100,00%",Serviço A,"360.596,85","360.596,85",SULGÁS
https://www.bndes.gov.br/arquivos/contratos-administrativos/4400004484.zip,11.985.753/0001-10,36.377.799/0001-87,,Não,CONSORCIO PAMPAGAS,03/03/2020,L.M.D.M. - CONSULTORIA EMPRESARIAL LTDA,,02/03/2023,Não,0017/2020,"Contratação de serviços técnicos necessários para a estruturação da desestatização da Companhia de Gás do Estado do Rio Grande do Sul - SULGÁS, considerando o objetivo de realização de alienação de ações da empresa, com transferência de controle acionário [SERVIÇO B].","20,00%",Serviço B,"736.700,28","3.683.501,39",
https://www.bndes.gov.br/arquivos/contratos-administrativos/4400004484.zip,57.756.694/0001-09,36.377.799/0001-87,,Não,CONSORCIO PAMPAGAS,03/03/2020,LEFOSSE ADVOGADOS,,02/03/2023,Não,0017/2020,"Contratação de serviços técnicos necessários para a estruturação da desestatização da Companhia de Gás do Estado do Rio Grande do Sul - SULGÁS, considerando o objetivo de realização de alienação de ações da empresa, com transferência de controle acionário [SERVIÇO B].","15,00%",Serviço B,"552.525,21","3.683.501,39",
https://www.bndes.gov.br/arquivos/contratos-administrativos/4400004484.zip,04.000.948/0001-06,36.377.799/0001-87,,Não,CONSORCIO PAMPAGAS,03/03/2020,"VERNALHA, PEREIRA ADVOGADOS",,02/03/2023,Não,0017/2020,"Contratação de serviços técnicos necessários para a estruturação da desestatização da Companhia de Gás do Estado do Rio Grande do Sul - SULGÁS, considerando o objetivo de realização de alienação de ações da empresa, com transferência de controle acionário [SERVIÇO B].","5,00%",Serviço B,"184.175,07","3.683.501,39",
https://www.bndes.gov.br/arquivos/contratos-administrativos/4400004484.zip,10.487.157/0001-47,36.377.799/0001-87,,Não,CONSORCIO PAMPAGAS,03/03/2020,BR PARTNERS ASSESSORIA FINANCEIRA LTDA.,,02/03/2023,Sim,0017/2020,"Contratação de serviços técnicos necessários para a estruturação da desestatização da Companhia de Gás do Estado do Rio Grande do Sul - SULGÁS, considerando o objetivo de realização de alienação de ações da empresa, com transferência de controle acionário [SERVIÇO B].","60,00%",Serviço B,"2.210.100,83","3.683.501,39",
https://www.bndes.gov.br/arquivos/contratos-administrativos/4400004707.zip,13.098.174/0001-80,13.098.174/0001-80,,Não,RUSSELL BEDFORD GM AUDITORES INDEPENDENTES S/S,18/08/2021,RUSSELL BEDFORD GM AUDITORES INDEPENDENTES S/S,,17/08/2024,Sim,0165/2021,"Prestação de serviços de auditoria externa independente, abrangendo o acompanhamento e fiscalização do processo de desestatização da Companhia de Gás do Estado do Rio Grande do Sul  - SULGÁS, doravante denominada SULGÁS, até seu encerramento, conforme regido pelo Contrato para Estruturação de Projeto de Desestatização nº 19.2.0601.1 / FPE nº 2019/021168.","100,00%",Auditoria,"122.000,00","122.000,00",
https://www.bndes.gov.br/arquivos/contratos-administrativos/4400002864.zip,02.520.543/0001-65,28.610.173/0001-40,MUNICIPIO DE TERESINA,Não,CONSORCIO NTVS,22/09/2017,"CESCON, BARRIEU, FLESCH & BARRETO SOCIEDADE DE ADVOGADOS",Municipal,21/08/2020,Não,0434/2017,"(i) Contratação de serviços técnicos especializados necessários à estruturação de projetos de parcerias público-privadas para a prestação dos serviços de iluminação pública nos Municípios de Porto Alegre – RS e Teresina – PI, (ii) celebração de contratos entre o BNDES e os Municípios de Porto Alegre - RS e Teresina – PI, com a finalidade de regular a forma e os prazos de pagamento da remuneração do BNDES e dos ressarcimentos dos gastos com serviços de terceiros necessários às desestatizações.","26,00%",Serviço Único,"397.716,00","1.529.676,93",TERESINA IP
,38.894.804/0001-54,,,,,,NUCLEO ENGENHARIA CONSULTIVA S.A.,,,Não,,,"20,00%",,"305.935,39",,
,01.346.561/0001-00,,,,,,VASCONCELOS E SANTOS LTDA,,,Não,,,"23,00%",,"351.825,69",,
,08.646.359/0001-42,,,,,,THOREOS CONSULTORIA LTDA.,,,Sim,,,"31,00%",,"474.199,85",,
https://www.bndes.gov.br/arquivos/contratos-administrativos/4400004220.zip,59.527.788/0001-31,59.527.788/0001-31,PRESIDENCIA DA REPUBLICA,Não,ERNST & YOUNG ASSESSORIA EMPRESARIAL LTDA,16/03/2020,ERNST & YOUNG ASSESSORIA EMPRESARIAL LTDA,Federal,09/01/2024,Sim,0070/2020,Estudos para a desestatização da Empresa de Trens Urbanos de Porto Alegre S.A. – TRENSURB [SERVIÇO A].,"100,00%",Serviço A,"244.657,43","244.657,43",TRENSURB
https://www.bndes.gov.br/arquivos/contratos-administrativos/4400004281.zip,65.518.540/0001-07,65.518.540/0001-07,,Sim,TYLIN BRAZIL LTDA,12/06/2020,TYLIN BRAZIL LTDA,,11/06/2023,Sim,0132/2020,"Contratação de serviços necessários à realização de estudos para a outorga de concessão dos serviços públicos de transporte ferroviário de passageiros na Região Metropolitana de Porto Alegre/RS, operado pela Empresa de Trens Urbanos de Porto Alegre S.A. – TRENSURB, e nas Regiões Metropolitanas de Belo Horizonte/MG, Maceió/AL, Recife/PE, João Pessoa/PB e Natal/RN, operados pela Companhia Brasileira de Trens Urbanos – CBTU, denominado SERVIÇO C.","100,00%",Serviço C,"603.390,34","603.390,34",
https://www.bndes.gov.br/arquivos/contratos-administrativos/4400004355.zip,02.163.575/0001-50,37.652.325/0001-69,,Não,CONSORCIO BF-TF-AL-JGP,16/03/2020,AUDILINK & CIA. AUDITORES,,15/03/2023,Não,0069/2020,Estudos para a desestatização da Empresa de Trens Urbanos de Porto Alegre S.A. – TRENSURB [SERVIÇO B].,"13,60%",Serviço B,"421.827,43","3.101.672,27",
https://www.bndes.gov.br/arquivos/contratos-administrativos/4400004355.zip,69.282.879/0001-08,37.652.325/0001-69,,Não,CONSORCIO BF-TF-AL-JGP,16/03/2020,JGP CONSULTORIA E PARTICIPACOES LTDA,,15/03/2023,Não,0069/2020,Estudos para a desestatização da Empresa de Trens Urbanos de Porto Alegre S.A. – TRENSURB [SERVIÇO B].,"6,80%",Serviço B,"210.913,71","3.101.672,27",
https://www.bndes.gov.br/arquivos/contratos-administrativos/4400004355.zip,48.109.110/0001-12,37.652.325/0001-69,,Não,CONSORCIO BF-TF-AL-JGP,16/03/2020,"TOZZINI,FREIRE,TEIXEIRA,E SILVA ADVOGADOS",,15/03/2023,Não,0069/2020,Estudos para a desestatização da Empresa de Trens Urbanos de Porto Alegre S.A. – TRENSURB [SERVIÇO B].,"24,90%",Serviço B,"772.316,40","3.101.672,27",
https://www.bndes.gov.br/arquivos/contratos-administrativos/4400004355.zip,14.629.882/0001-63,37.652.325/0001-69,,Não,CONSORCIO BF-TF-AL-JGP,16/03/2020,BF CAPITAL ASSESSORIA EM OPERACOES FINANCEIRAS LTDA.,,15/03/2023,Sim,0069/2020,Estudos para a desestatização da Empresa de Trens Urbanos de Porto Alegre S.A. – TRENSURB [SERVIÇO B].,"54,60%",Serviço B,"1.693.513,06","3.101.672,27",
https://www.bndes.gov.br/arquivos/contratos-administrativos/4400004519.zip,02.520.543/0001-65,37.783.469/0001-54,,Sim,CONSORCIO GPO - SYSTRA - CESCON - RHEIN,12/06/2020,"CESCON, BARRIEU, FLESCH & BARRETO SOCIEDADE DE ADVOGADOS",,11/06/2027,Não,0132/2020,"Contratação de serviços necessários à realização de estudos para a outorga de concessão dos serviços públicos de transporte ferroviário de passageiros na Região Metropolitana de Porto Alegre/RS, operado pela Empresa de Trens Urbanos de Porto Alegre S.A. – TRENSURB, e nas Regiões Metropolitanas de Belo Horizonte/MG, Maceió/AL, Recife/PE, João Pessoa/PB e Natal/RN, operados pela Companhia Brasileira de Trens Urbanos – CBTU, denominado SERVIÇO C.","3,00%",Serviço C,"692.119,57","23.070.652,25",
https://www.bndes.gov.br/arquivos/contratos-administrativos/4400004519.zip,16.721.366/0001-90,37.783.469/0001-54,,Sim,CONSORCIO GPO - SYSTRA - CESCON - RHEIN,12/06/2020,"RHEIN SCHIRATO, MEIRELES SOCIEDADE DE ADVOGADOS",,11/06/2027,Não,0132/2020,"Contratação de serviços necessários à realização de estudos para a outorga de concessão dos serviços públicos de transporte ferroviário de passageiros na Região Metropolitana de Porto Alegre/RS, operado pela Empresa de Trens Urbanos de Porto Alegre S.A. – TRENSURB, e nas Regiões Metropolitanas de Belo Horizonte/MG, Maceió/AL, Recife/PE, João Pessoa/PB e Natal/RN, operados pela Companhia Brasileira de Trens Urbanos – CBTU, denominado SERVIÇO C.","5,00%",Serviço C,"1.153.532,61","23.070.652,25",
https://www.bndes.gov.br/arquivos/contratos-administrativos/4400004519.zip,52.635.422/0001-37,37.783.469/0001-54,,Sim,CONSORCIO GPO - SYSTRA - CESCON - RHEIN,12/06/2020,SYSTRA ENGENHARIA E CONSULTORIA LTDA,,11/06/2027,Não,0132/2020,"Contratação de serviços necessários à realização de estudos para a outorga de concessão dos serviços públicos de transporte ferroviário de passageiros na Região Metropolitana de Porto Alegre/RS, operado pela Empresa de Trens Urbanos de Porto Alegre S.A. – TRENSURB, e nas Regiões Metropolitanas de Belo Horizonte/MG, Maceió/AL, Recife/PE, João Pessoa/PB e Natal/RN, operados pela Companhia Brasileira de Trens Urbanos – CBTU, denominado SERVIÇO C.","30,00%",Serviço C,"6.921.195,68","23.070.652,25",
https://www.bndes.gov.br/arquivos/contratos-administrativos/4400004519.zip,65.518.540/0001-07,37.783.469/0001-54,,Sim,CONSORCIO GPO - SYSTRA - CESCON - RHEIN,12/06/2020,TYLIN BRAZIL LTDA,,11/06/2027,Sim,0132/2020,"Contratação de serviços necessários à realização de estudos para a outorga de concessão dos serviços públicos de transporte ferroviário de passageiros na Região Metropolitana de Porto Alegre/RS, operado pela Empresa de Trens Urbanos de Porto Alegre S.A. – TRENSURB, e nas Regiões Metropolitanas de Belo Horizonte/MG, Maceió/AL, Recife/PE, João Pessoa/PB e Natal/RN, operados pela Companhia Brasileira de Trens Urbanos – CBTU, denominado SERVIÇO C.","62,00%",Serviço C,"14.303.804,40","23.070.652,25",
https://www.bndes.gov.br/arquivos/contratos-administrativos/4400004906.zip,33.179.672/0001-65,33.179.672/0004-08,,Sim,LOUDON BLOMQUIST - AUDITORES INDEPENDENTES,10/02/2022,LOUDON BLOMQUIST - AUDITORES INDEPENDENTES,,09/06/2027,Sim,0023/2022,serviços de auditoria externa independente para o projeto de desestatização da Companhia Brasileira de Trens Urbanos – CBTU e da Empresa de Trens Urbanos de Porto Alegre – TRENSURB // RFP 30/2021 AED/BNDES,"100,00%",Auditoria,"1.599.994,17","1.599.994,17",
https://www.bndes.gov.br/arquivos/contratos-administrativos/4400005922.zip,68.809.318/0001-51,57.337.575/0001-11,,Não,CONSORCIO EY TAUIL E CHEQUER - TRENSURB,17/05/2024,TAUIL E CHEQUER ADVOGADOS,,16/05/2028,Não,0159/2024,"Execução dos SERVIÇOS TÉCNICOS, o que inclui a elaboração de PRODUTOS e a prestação de SERVIÇOS ESPECIALIZADOS, necessários para apoiar o BNDES na estruturação do PROJETO, observado ainda o detalhamento constante das ESPECIFICAÇÕES TÉCNICAS, da PROPOSTA COMERCIAL, da MATRIZ DE RISCOS e da TABELA DE PRODUTOS e SERVIÇOS.","29,14%",Serviço B,"925.464,27","3.175.924,07",
https://www.bndes.gov.br/arquivos/contratos-administrativos/4400005922.zip,59.527.788/0001-31,57.337.575/0001-11,,Não,CONSORCIO EY TAUIL E CHEQUER - TRENSURB,17/05/2024,ERNST & YOUNG ASSESSORIA EMPRESARIAL LTDA,,16/05/2028,Sim,0159/2024,"Execução dos SERVIÇOS TÉCNICOS, o que inclui a elaboração de PRODUTOS e a prestação de SERVIÇOS ESPECIALIZADOS, necessários para apoiar o BNDES na estruturação do PROJETO, observado ainda o detalhamento constante das ESPECIFICAÇÕES TÉCNICAS, da PROPOSTA COMERCIAL, da MATRIZ DE RISCOS e da TABELA DE PRODUTOS e SERVIÇOS.","70,86%",Serviço B,"2.250.459,80","3.175.924,07",
https://www.bndes.gov.br/arquivos/contratos-administrativos/4400004995.zip,61.074.555/0001-72,46.874.025/0001-15,UNIVERSIDADE FEDERAL DO RIO DE JANEIRO,Sim,CONSORCIO EY/DEMAREST/FERNANDES,13/05/2022,"ALMEIDA, ROTENBERG E BOSCOLI - SOCIEDADE DE ADVOGADOS",Federal,12/07/2026,Não,0078/2022,Contratação dos serviços necessários para a realização de estudos relativos à Concessão do Equipamentoultural Multiuso e Permuta de unidades do Ventura Corporate Towers de propriedade da UFRJ.,"42,00%",Serviço Único,"605.362,79","1.441.339,97",UFRJ CANECÃO
,03.064.486/0001-10,,,,,,FERNANDES ARQUITETOS ASSOCIADOS SOCIEDADE SIMPLES LIMITADA,,,Não,,,"7,00%",,"100.893,80",,
,59.527.788/0001-31,,,,,,ERNST & YOUNG ASSESSORIA EMPRESARIAL LTDA,,,Sim,,,"51,00%",,"735.083,38",,
https://www.bndes.gov.br/arquivos/contratos-administrativos/4400004995.zip,61.074.555/0001-72,46.874.025/0001-15,UNIVERSIDADE FEDERAL DO RIO DE JANEIRO,Sim,CONSORCIO EY/DEMAREST/FERNANDES,13/05/2022,"ALMEIDA, ROTENBERG E BOSCOLI - SOCIEDADE DE ADVOGADOS",Federal,12/07/2026,Não,0078/2022,Contratação dos serviços necessários para a realização de estudos relativos à Concessão do Equipamentoultural Multiuso e Permuta de unidades do Ventura Corporate Towers de propriedade da UFRJ.,"42,00%",Serviço Único,"605.362,79","1.441.339,97",UFRJ VENTURA
,03.064.486/0001-10,,,,,,FERNANDES ARQUITETOS ASSOCIADOS SOCIEDADE SIMPLES LIMITADA,,,Não,,,"7,00%",,"100.893,80",,
,59.527.788/0001-31,,,,,,ERNST & YOUNG ASSESSORIA EMPRESARIAL LTDA,,,Sim,,,"51,00%",,"735.083,38",,
https://www.bndes.gov.br/arquivos/contratos-administrativos/4400003391.zip,00.149.952/0001-71,30.820.129/0001-07,MUNICIPIO DE VILA VELHA,Não,CONSORCIO EY/DIAMANTINO/ILUMISUL,30/08/2018,DIAMANTINO ADVOGADOS ASSOCIADOS,Municipal,29/12/2020,Não,0335/2018,"Contratação de serviços técnicos especializados necessários à estruturação de projeto de Parceria Público-Privada (PPP) destinada à modernização, eficientização, expansão, operação e manutenção da infraestrutura da rede de iluminação pública do município de Vila Velha - ES.","25,00%",Serviço Único,"301.624,93","1.206.499,70",VILA VELHA IP
,12.917.918/0001-89,,,,,,ILUMISUL SOLUCOES URBANAS E LUMINOTECNICA LTDA,,,Não,,,"35,00%",,"422.274,90",,
,59.527.788/0001-31,,,,,,ERNST & YOUNG ASSESSORIA EMPRESARIAL LTDA,,,Sim,,,"40,00%",,"482.599,88",,
https://www.bndes.gov.br/arquivos/contratos-administrativos/4400004539.zip,18.865.283/0001-08,37.413.124/0001-09,MUNICIPIO DE VITORIA,Sim,CONSORCIO HOUER/ M VIANA IP400,04/06/2020,VIANA CASTRO ADVOGADOS,Municipal,03/10/2024,Não,0127/2020,"Contratação de serviços técnicos necessários para a estruturação de projeto(s) de Parceria Público-Privada (PPP) relativo(s) à modernização, eficientização, expansão, operação e manutenção da infraestrutura de rede(s) municipal(is) de ILUMINAÇÃO PÚBLICA que tenha(m) até 400.000 (quatrocentos mil) pontos de luz.","20,00%",Serviço Único,"1.639.959,07","8.199.795,36",VITÓRIA IP
,22.111.570/0001-91,,,,,,HOUER CONSULTORIA E CONCESSOES LTDA,,,Sim,,,"80,00%",,"6.559.836,29",,
https://www.bndes.gov.br/arquivos/contratos-administrativos/4400003622.zip,52.035.110/0001-92,31.883.368/0001-79,UNIVERSIDADE FEDERAL DO RIO DE JANEIRO,Não,FATOR/GALIPOLO/PEDRO TADDEI/VG&P,08/02/2019,ARQUITETO PEDRO TADDEI E ASSOCIADOS LTDA,Federal,08/02/2021,Não,0018/2019,"Aquisição de licenças de uso e contratação continuada de serviços de suporte técnico e atualização para software SAP User Experience Management by Knoa (SAP UEM), conforme especificações constantes do Termo de Referência.","42,25%",Serviço Único,"1.170.234,80","2.769.786,51",VIVAUFRJ
,11.266.663/0001-79,,,,,,GALIPOLO CONSULTORIA LTDA,,,Não,,,"4,23%",,"117.161,97",,
,04.000.948/0001-06,,,,,,"VERNALHA, PEREIRA ADVOGADOS",,,Não,,,"16,90%",,"468.093,92",,
,33.644.196/0001-06,,,,,,BANCO FATOR S/A,,,Sim,,,"36,62%",,"1.014.295,82",,
https://www.bndes.gov.br/arquivos/contratos-administrativos/4400005441.zip,11.717.392/0001-20,51.536.523/0001-98,MUNICIPIO DE RIO DE JANEIRO,Sim,CONSORCIO LOGIT PINI ALMEIDA & FLEURY MACHADO MEYER,26/04/2023,ALMEIDA & FLEURY CONSULTORIA DE ECONOMIA S/S,Municipal,25/07/2027,Não,0112/2023,"Prestação dos serviços para elaboração de estudos técnicos e de execução de serviços especializados para o desenvolvimento do Projeto de Concessão de Serviço de Transporte Público Coletivo Urbano sobre Trilhos no Município do Rio de Janeiro sobre os corredores Transcarioca e Transoeste, a ser realizada pelo BNDES, conforme especificações constantes do Projeto Básico e da proposta apresentada pelo contratado na Solicitação de Proposta (RFP) nº 01/2023- BNDES.","6,33%",Serviço Único,"459.250,69","7.255.145,11",VLT RJ TRANSCARIOCA
,45.762.077/0001-37,,,,,,MACHADO MEYER SENDACZ E OPICE ADVOGADOS,,,Não,,,"19,64%",,"1.424.910,50",,
,10.500.017/0001-61,,,,,,PINI GROUP BRASIL LTDA,,,Não,,,"27,92%",,"2.025.636,51",,
,05.093.144/0001-53,,,,,,LOGIT ENGENHARIA CONSULTIVA LTDA,,,Sim,,,"46,11%",,"3.345.347,41",,
https://www.bndes.gov.br/arquivos/contratos-administrativos/4400005441.zip,11.717.392/0001-20,51.536.523/0001-98,MUNICIPIO DE RIO DE JANEIRO,Sim,CONSORCIO LOGIT PINI ALMEIDA & FLEURY MACHADO MEYER,26/04/2023,ALMEIDA & FLEURY CONSULTORIA DE ECONOMIA S/S,Municipal,25/07/2027,Não,0112/2023,"Prestação dos serviços para elaboração de estudos técnicos e de execução de serviços especializados para o desenvolvimento do Projeto de Concessão de Serviço de Transporte Público Coletivo Urbano sobre Trilhos no Município do Rio de Janeiro sobre os corredores Transcarioca e Transoeste, a ser realizada pelo BNDES, conforme especificações constantes do Projeto Básico e da proposta apresentada pelo contratado na Solicitação de Proposta (RFP) nº 01/2023- BNDES.","6,33%",Serviço Único,"459.250,69","7.255.145,11",VLT RJ TRANSOESTE
,45.762.077/0001-37,,,,,,MACHADO MEYER SENDACZ E OPICE ADVOGADOS,,,Não,,,"19,64%",,"1.424.910,50",,
,10.500.017/0001-61,,,,,,PINI GROUP BRASIL LTDA,,,Não,,,"27,92%",,"2.025.636,51",,
,05.093.144/0001-53,,,,,,LOGIT ENGENHARIA CONSULTIVA LTDA,,,Sim,,,"46,11%",,"3.345.347,41",,
https://www.bndes.gov.br/arquivos/contratos-administrativos/4400005970.zip,26.288.600/0001-90,56.225.605/0001-35,COMANDO DO EXERCITO,Sim,CONSORCIO BIOMAS BRASILIS,09/07/2024,PLANTAR IDEIAS LTDA,Federal,16/06/2029,Não,0200/2024,"a execução dos SERVIÇOS TÉCNICOS, o que inclui a elaboração de PRODUTOS e a prestação de SERVIÇOS ESPECIALIZADOS, necessários para apoiar o BNDES na estruturação de projetos de concessão e demais arranjos de parcerias entre os setores público e privado voltadas para os serviços de uso público e visitação em parques, observado ainda o detalhamento constante das ESPECIFICAÇÕES TÉCNICAS, da PROPOSTA COMERCIAL, da MATRIZ DE RISCOS e da TABELA DE PRODUTOS e SERVIÇOS, respeitado o limite de até 15 (quinze) ativos, conforme definição e detalhamento constantes das ESPECIFICAÇÕES TÉCNICAS.","24,33%",Serviço Único,"3.751.991,78","15.421.256,79",ZOOLÓGICO DO CIGS
,19.433.220/0001-37,,,,,,"QUEIROZ, MALUF SOCIEDADE DE ADVOGADOS",,,Não,,,"24,33%",,"3.751.991,78",,
,28.498.811/0001-83,,,,,,VALLYA ADVISORS ASSESSORIA FINANCEIRA LTDA,,,Não,,,"24,33%",,"3.751.991,78",,
,10.417.179/0001-30,,,,,,PLANTUC - CONSULTORIA SOCIOAMBIENTAL LTDA,,,Sim,,,"27,01%",,"4.165.281,46",,
